ISO-10303-21;
HEADER;
FILE_DESCRIPTION(('KiCad electronic assembly'),'2;1');
FILE_NAME('Atlas_EZO_pH.step','2026-10-09T23:22:19',('Pcbnew'),('Kicad')
  ,'Open CASCADE STEP processor 7.9','KiCad to STEP converter','Unknown'
  );
FILE_SCHEMA(('AUTOMOTIVE_DESIGN { 1 0 10303 214 1 1 1 1 }'));
ENDSEC;
DATA;
#1 = APPLICATION_PROTOCOL_DEFINITION('international standard',
  'automotive_design',2000,#2);
#2 = APPLICATION_CONTEXT(
  'core data for automotive mechanical design processes');
#3 = SHAPE_DEFINITION_REPRESENTATION(#4,#10);
#4 = PRODUCT_DEFINITION_SHAPE('','',#5);
#5 = PRODUCT_DEFINITION('design','',#6,#9);
#6 = PRODUCT_DEFINITION_FORMATION('','',#7);
#7 = PRODUCT('Atlas_EZO_pH 1','Atlas_EZO_pH 1','',(#8));
#8 = PRODUCT_CONTEXT('',#2,'mechanical');
#9 = PRODUCT_DEFINITION_CONTEXT('part definition',#2,'design');
#10 = SHAPE_REPRESENTATION('',(#11,#15,#19,#23,#27,#31,#35,#39,#43,#47),
  #51);
#11 = AXIS2_PLACEMENT_3D('',#12,#13,#14);
#12 = CARTESIAN_POINT('',(0.,0.,0.));
#13 = DIRECTION('',(0.,0.,1.));
#14 = DIRECTION('',(1.,0.,-0.));
#15 = AXIS2_PLACEMENT_3D('',#16,#17,#18);
#16 = CARTESIAN_POINT('',(0.,-2.6,1.595));
#17 = DIRECTION('',(0.,-0.,1.));
#18 = DIRECTION('',(1.110223024625E-16,1.,0.));
#19 = AXIS2_PLACEMENT_3D('',#20,#21,#22);
#20 = CARTESIAN_POINT('',(4.3,-7.,1.595));
#21 = DIRECTION('',(0.,0.,1.));
#22 = DIRECTION('',(1.,0.,0.));
#23 = AXIS2_PLACEMENT_3D('',#24,#25,#26);
#24 = CARTESIAN_POINT('',(-2.54,-8.89,-8.5E-02));
#25 = DIRECTION('',(-1.224646799147E-16,-1.359631073447E-32,-1.));
#26 = DIRECTION('',(1.110223024625E-16,-1.,0.));
#27 = AXIS2_PLACEMENT_3D('',#28,#29,#30);
#28 = CARTESIAN_POINT('',(-2.54,8.89,-8.5E-02));
#29 = DIRECTION('',(-1.224646799147E-16,-1.359631073447E-32,-1.));
#30 = DIRECTION('',(1.110223024625E-16,-1.,0.));
#31 = AXIS2_PLACEMENT_3D('',#32,#33,#34);
#32 = CARTESIAN_POINT('',(0.,0.,0.));
#33 = DIRECTION('',(0.,0.,1.));
#34 = DIRECTION('',(1.,0.,-0.));
#35 = AXIS2_PLACEMENT_3D('',#36,#37,#38);
#36 = CARTESIAN_POINT('',(0.,0.,0.));
#37 = DIRECTION('',(0.,0.,1.));
#38 = DIRECTION('',(1.,0.,-0.));
#39 = AXIS2_PLACEMENT_3D('',#40,#41,#42);
#40 = CARTESIAN_POINT('',(0.,0.,0.));
#41 = DIRECTION('',(0.,0.,1.));
#42 = DIRECTION('',(1.,0.,-0.));
#43 = AXIS2_PLACEMENT_3D('',#44,#45,#46);
#44 = CARTESIAN_POINT('',(0.,0.,0.));
#45 = DIRECTION('',(0.,0.,1.));
#46 = DIRECTION('',(1.,0.,-0.));
#47 = AXIS2_PLACEMENT_3D('',#48,#49,#50);
#48 = CARTESIAN_POINT('',(0.,0.,0.));
#49 = DIRECTION('',(0.,0.,1.));
#50 = DIRECTION('',(1.,0.,-0.));
#51 = ( GEOMETRIC_REPRESENTATION_CONTEXT(3) 
GLOBAL_UNCERTAINTY_ASSIGNED_CONTEXT((#55)) GLOBAL_UNIT_ASSIGNED_CONTEXT(
(#52,#53,#54)) REPRESENTATION_CONTEXT('Context #1',
  '3D Context with UNIT and UNCERTAINTY') );
#52 = ( LENGTH_UNIT() NAMED_UNIT(*) SI_UNIT(.MILLI.,.METRE.) );
#53 = ( NAMED_UNIT(*) PLANE_ANGLE_UNIT() SI_UNIT($,.RADIAN.) );
#54 = ( NAMED_UNIT(*) SI_UNIT($,.STERADIAN.) SOLID_ANGLE_UNIT() );
#55 = UNCERTAINTY_MEASURE_WITH_UNIT(LENGTH_MEASURE(1.E-07),#52,
  'distance_accuracy_value','confusion accuracy');
#56 = PRODUCT_RELATED_PRODUCT_CATEGORY('part',$,(#7));
#57 = SHAPE_DEFINITION_REPRESENTATION(#58,#64);
#58 = PRODUCT_DEFINITION_SHAPE('','',#59);
#59 = PRODUCT_DEFINITION('design','',#60,#63);
#60 = PRODUCT_DEFINITION_FORMATION('','',#61);
#61 = PRODUCT('SOIC-8_3.9x4.9mm_P1.27mm','SOIC-8_3.9x4.9mm_P1.27mm','',(
    #62));
#62 = PRODUCT_CONTEXT('',#2,'mechanical');
#63 = PRODUCT_DEFINITION_CONTEXT('part definition',#2,'design');
#64 = SHAPE_REPRESENTATION('',(#11,#65),#69);
#65 = AXIS2_PLACEMENT_3D('',#66,#67,#68);
#66 = CARTESIAN_POINT('',(0.,0.,0.));
#67 = DIRECTION('',(0.,0.,1.));
#68 = DIRECTION('',(1.,0.,-0.));
#69 = ( GEOMETRIC_REPRESENTATION_CONTEXT(3) 
GLOBAL_UNCERTAINTY_ASSIGNED_CONTEXT((#73)) GLOBAL_UNIT_ASSIGNED_CONTEXT(
(#70,#71,#72)) REPRESENTATION_CONTEXT('Context #1',
  '3D Context with UNIT and UNCERTAINTY') );
#70 = ( LENGTH_UNIT() NAMED_UNIT(*) SI_UNIT(.MILLI.,.METRE.) );
#71 = ( NAMED_UNIT(*) PLANE_ANGLE_UNIT() SI_UNIT($,.RADIAN.) );
#72 = ( NAMED_UNIT(*) SI_UNIT($,.STERADIAN.) SOLID_ANGLE_UNIT() );
#73 = UNCERTAINTY_MEASURE_WITH_UNIT(LENGTH_MEASURE(1.E-07),#70,
  'distance_accuracy_value','confusion accuracy');
#74 = CONTEXT_DEPENDENT_SHAPE_REPRESENTATION(#75,#77);
#75 = ( REPRESENTATION_RELATIONSHIP('','',#64,#10) 
REPRESENTATION_RELATIONSHIP_WITH_TRANSFORMATION(#76) 
SHAPE_REPRESENTATION_RELATIONSHIP() );
#76 = ITEM_DEFINED_TRANSFORMATION('','',#11,#15);
#77 = PRODUCT_DEFINITION_SHAPE('Placement','Placement of an item',#78);
#78 = NEXT_ASSEMBLY_USAGE_OCCURRENCE('2','U1','',#5,#59,$);
#79 = PRODUCT_RELATED_PRODUCT_CATEGORY('part',$,(#61));
#80 = SHAPE_DEFINITION_REPRESENTATION(#81,#87);
#81 = PRODUCT_DEFINITION_SHAPE('','',#82);
#82 = PRODUCT_DEFINITION('design','',#83,#86);
#83 = PRODUCT_DEFINITION_FORMATION('','',#84);
#84 = PRODUCT('SOIC-8_3.9x4.9mm_P1.27mm','SOIC-8_3.9x4.9mm_P1.27mm','',(
    #85));
#85 = PRODUCT_CONTEXT('',#2,'mechanical');
#86 = PRODUCT_DEFINITION_CONTEXT('part definition',#2,'design');
#87 = ADVANCED_BREP_SHAPE_REPRESENTATION('',(#11,#88),#4556);
#88 = MANIFOLD_SOLID_BREP('',#89);
#89 = CLOSED_SHELL('',(#90,#128,#191,#214,#243,#266,#353,#440,#463,#486,
    #503,#526,#614,#630,#660,#691,#722,#753,#784,#815,#846,#877,#894,
    #911,#942,#973,#1004,#1035,#1066,#1097,#1128,#1158,#1181,#1204,#1221
    ,#1266,#1352,#1375,#1398,#1421,#1508,#1546,#1595,#1687,#1712,#1796,
    #1818,#1910,#1935,#2019,#2041,#2133,#2158,#2242,#2259,#2344,#2369,
    #2446,#2531,#2556,#2633,#2650,#2742,#2767,#2851,#2873,#2965,#2990,
    #3074,#3096,#3188,#3213,#3297,#3314,#3333,#3352,#3371,#3417,#3433,
    #3452,#3471,#3490,#3506,#3523,#3535,#3552,#3569,#3586,#3603,#3620,
    #3637,#3654,#3666,#3683,#3700,#3717,#3734,#3751,#3768,#3785,#3797,
    #3814,#3831,#3848,#3865,#3882,#3899,#3916,#3928,#3945,#3962,#3979,
    #3996,#4013,#4030,#4042,#4059,#4076,#4093,#4110,#4127,#4144,#4156,
    #4173,#4190,#4207,#4224,#4241,#4258,#4275,#4287,#4304,#4321,#4338,
    #4355,#4372,#4389,#4406,#4418,#4435,#4452,#4469,#4486,#4503,#4520,
    #4537,#4549));
#90 = ADVANCED_FACE('',(#91),#123,.F.);
#91 = FACE_BOUND('',#92,.F.);
#92 = EDGE_LOOP('',(#93,#103,#110,#118));
#93 = ORIENTED_EDGE('',*,*,#94,.T.);
#94 = EDGE_CURVE('',#95,#97,#99,.T.);
#95 = VERTEX_POINT('',#96);
#96 = CARTESIAN_POINT('',(-1.717585640382,2.335171280765,0.1));
#97 = VERTEX_POINT('',#98);
#98 = CARTESIAN_POINT('',(1.717585640382,2.335171280765,0.1));
#99 = LINE('',#100,#101);
#100 = CARTESIAN_POINT('',(-1.717585640382,2.335171280765,0.1));
#101 = VECTOR('',#102,1.);
#102 = DIRECTION('',(1.,1.110223024625E-16,0.));
#103 = ORIENTED_EDGE('',*,*,#104,.T.);
#104 = EDGE_CURVE('',#97,#105,#107,.T.);
#105 = VERTEX_POINT('',#106);
#106 = CARTESIAN_POINT('',(1.775,2.45,0.825));
#107 = B_SPLINE_CURVE_WITH_KNOTS('',1,(#108,#109),.UNSPECIFIED.,.F.,.F.,
  (2,2),(0.,1.),.PIECEWISE_BEZIER_KNOTS.);
#108 = CARTESIAN_POINT('',(1.717585640382,2.335171280765,0.1));
#109 = CARTESIAN_POINT('',(1.775,2.45,0.825));
#110 = ORIENTED_EDGE('',*,*,#111,.F.);
#111 = EDGE_CURVE('',#112,#105,#114,.T.);
#112 = VERTEX_POINT('',#113);
#113 = CARTESIAN_POINT('',(-1.775,2.45,0.825));
#114 = LINE('',#115,#116);
#115 = CARTESIAN_POINT('',(-1.775,2.45,0.825));
#116 = VECTOR('',#117,1.);
#117 = DIRECTION('',(1.,1.110223024625E-16,0.));
#118 = ORIENTED_EDGE('',*,*,#119,.F.);
#119 = EDGE_CURVE('',#95,#112,#120,.T.);
#120 = B_SPLINE_CURVE_WITH_KNOTS('',1,(#121,#122),.UNSPECIFIED.,.F.,.F.,
  (2,2),(0.,1.),.PIECEWISE_BEZIER_KNOTS.);
#121 = CARTESIAN_POINT('',(-1.717585640382,2.335171280765,0.1));
#122 = CARTESIAN_POINT('',(-1.775,2.45,0.825));
#123 = B_SPLINE_SURFACE_WITH_KNOTS('',1,1,(
    (#124,#125)
    ,(#126,#127
    )),.UNSPECIFIED.,.F.,.F.,.F.,(2,2),(2,2),(0.,3.55),(0.,1.),
  .PIECEWISE_BEZIER_KNOTS.);
#124 = CARTESIAN_POINT('',(-1.717585640382,2.335171280765,0.1));
#125 = CARTESIAN_POINT('',(-1.775,2.45,0.825));
#126 = CARTESIAN_POINT('',(1.717585640382,2.335171280765,0.1));
#127 = CARTESIAN_POINT('',(1.775,2.45,0.825));
#128 = ADVANCED_FACE('',(#129),#186,.F.);
#129 = FACE_BOUND('',#130,.T.);
#130 = EDGE_LOOP('',(#131,#132,#140,#148,#156,#164,#172,#180));
#131 = ORIENTED_EDGE('',*,*,#94,.T.);
#132 = ORIENTED_EDGE('',*,*,#133,.T.);
#133 = EDGE_CURVE('',#97,#134,#136,.T.);
#134 = VERTEX_POINT('',#135);
#135 = CARTESIAN_POINT('',(1.835171280765,2.217585640382,0.1));
#136 = LINE('',#137,#138);
#137 = CARTESIAN_POINT('',(1.717585640382,2.335171280765,0.1));
#138 = VECTOR('',#139,1.);
#139 = DIRECTION('',(0.707106781187,-0.707106781187,0.));
#140 = ORIENTED_EDGE('',*,*,#141,.T.);
#141 = EDGE_CURVE('',#134,#142,#144,.T.);
#142 = VERTEX_POINT('',#143);
#143 = CARTESIAN_POINT('',(1.835171280765,-2.217585640382,0.1));
#144 = LINE('',#145,#146);
#145 = CARTESIAN_POINT('',(1.835171280765,2.217585640382,0.1));
#146 = VECTOR('',#147,1.);
#147 = DIRECTION('',(1.110223024625E-16,-1.,0.));
#148 = ORIENTED_EDGE('',*,*,#149,.T.);
#149 = EDGE_CURVE('',#142,#150,#152,.T.);
#150 = VERTEX_POINT('',#151);
#151 = CARTESIAN_POINT('',(1.717585640382,-2.335171280765,0.1));
#152 = LINE('',#153,#154);
#153 = CARTESIAN_POINT('',(1.835171280765,-2.217585640382,0.1));
#154 = VECTOR('',#155,1.);
#155 = DIRECTION('',(-0.707106781187,-0.707106781187,0.));
#156 = ORIENTED_EDGE('',*,*,#157,.T.);
#157 = EDGE_CURVE('',#150,#158,#160,.T.);
#158 = VERTEX_POINT('',#159);
#159 = CARTESIAN_POINT('',(-1.717585640382,-2.335171280765,0.1));
#160 = LINE('',#161,#162);
#161 = CARTESIAN_POINT('',(1.717585640382,-2.335171280765,0.1));
#162 = VECTOR('',#163,1.);
#163 = DIRECTION('',(-1.,-1.110223024625E-16,0.));
#164 = ORIENTED_EDGE('',*,*,#165,.T.);
#165 = EDGE_CURVE('',#158,#166,#168,.T.);
#166 = VERTEX_POINT('',#167);
#167 = CARTESIAN_POINT('',(-1.835171280765,-2.217585640382,0.1));
#168 = LINE('',#169,#170);
#169 = CARTESIAN_POINT('',(-1.717585640382,-2.335171280765,0.1));
#170 = VECTOR('',#171,1.);
#171 = DIRECTION('',(-0.707106781187,0.707106781187,0.));
#172 = ORIENTED_EDGE('',*,*,#173,.T.);
#173 = EDGE_CURVE('',#166,#174,#176,.T.);
#174 = VERTEX_POINT('',#175);
#175 = CARTESIAN_POINT('',(-1.835171280765,2.217585640382,0.1));
#176 = LINE('',#177,#178);
#177 = CARTESIAN_POINT('',(-1.835171280765,-2.217585640382,0.1));
#178 = VECTOR('',#179,1.);
#179 = DIRECTION('',(-1.110223024625E-16,1.,0.));
#180 = ORIENTED_EDGE('',*,*,#181,.T.);
#181 = EDGE_CURVE('',#174,#95,#182,.T.);
#182 = LINE('',#183,#184);
#183 = CARTESIAN_POINT('',(-1.835171280765,2.217585640382,0.1));
#184 = VECTOR('',#185,1.);
#185 = DIRECTION('',(0.707106781187,0.707106781187,0.));
#186 = PLANE('',#187);
#187 = AXIS2_PLACEMENT_3D('',#188,#189,#190);
#188 = CARTESIAN_POINT('',(-1.717585640382,2.335171280765,0.1));
#189 = DIRECTION('',(0.,0.,1.));
#190 = DIRECTION('',(0.592513131498,-0.805560791625,0.));
#191 = ADVANCED_FACE('',(#192),#209,.F.);
#192 = FACE_BOUND('',#193,.F.);
#193 = EDGE_LOOP('',(#194,#195,#202,#208));
#194 = ORIENTED_EDGE('',*,*,#133,.T.);
#195 = ORIENTED_EDGE('',*,*,#196,.T.);
#196 = EDGE_CURVE('',#134,#197,#199,.T.);
#197 = VERTEX_POINT('',#198);
#198 = CARTESIAN_POINT('',(1.95,2.275,0.825));
#199 = B_SPLINE_CURVE_WITH_KNOTS('',1,(#200,#201),.UNSPECIFIED.,.F.,.F.,
  (2,2),(0.,1.),.PIECEWISE_BEZIER_KNOTS.);
#200 = CARTESIAN_POINT('',(1.835171280765,2.217585640382,0.1));
#201 = CARTESIAN_POINT('',(1.95,2.275,0.825));
#202 = ORIENTED_EDGE('',*,*,#203,.F.);
#203 = EDGE_CURVE('',#105,#197,#204,.T.);
#204 = LINE('',#205,#206);
#205 = CARTESIAN_POINT('',(1.775,2.45,0.825));
#206 = VECTOR('',#207,1.);
#207 = DIRECTION('',(0.707106781187,-0.707106781187,0.));
#208 = ORIENTED_EDGE('',*,*,#104,.F.);
#209 = B_SPLINE_SURFACE_WITH_KNOTS('',1,1,(
    (#210,#211)
    ,(#212,#213
    )),.UNSPECIFIED.,.F.,.F.,.F.,(2,2),(2,2),(0.,0.247487373415),(0.,1.)
  ,.PIECEWISE_BEZIER_KNOTS.);
#210 = CARTESIAN_POINT('',(1.717585640382,2.335171280765,0.1));
#211 = CARTESIAN_POINT('',(1.775,2.45,0.825));
#212 = CARTESIAN_POINT('',(1.835171280765,2.217585640382,0.1));
#213 = CARTESIAN_POINT('',(1.95,2.275,0.825));
#214 = ADVANCED_FACE('',(#215),#238,.F.);
#215 = FACE_BOUND('',#216,.F.);
#216 = EDGE_LOOP('',(#217,#218,#225,#233));
#217 = ORIENTED_EDGE('',*,*,#111,.T.);
#218 = ORIENTED_EDGE('',*,*,#219,.T.);
#219 = EDGE_CURVE('',#105,#220,#222,.T.);
#220 = VERTEX_POINT('',#221);
#221 = CARTESIAN_POINT('',(1.775,2.45,1.025));
#222 = B_SPLINE_CURVE_WITH_KNOTS('',1,(#223,#224),.UNSPECIFIED.,.F.,.F.,
  (2,2),(0.,1.),.PIECEWISE_BEZIER_KNOTS.);
#223 = CARTESIAN_POINT('',(1.775,2.45,0.825));
#224 = CARTESIAN_POINT('',(1.775,2.45,1.025));
#225 = ORIENTED_EDGE('',*,*,#226,.F.);
#226 = EDGE_CURVE('',#227,#220,#229,.T.);
#227 = VERTEX_POINT('',#228);
#228 = CARTESIAN_POINT('',(-1.775,2.45,1.025));
#229 = LINE('',#230,#231);
#230 = CARTESIAN_POINT('',(-1.775,2.45,1.025));
#231 = VECTOR('',#232,1.);
#232 = DIRECTION('',(1.,1.110223024625E-16,0.));
#233 = ORIENTED_EDGE('',*,*,#234,.F.);
#234 = EDGE_CURVE('',#112,#227,#235,.T.);
#235 = B_SPLINE_CURVE_WITH_KNOTS('',1,(#236,#237),.UNSPECIFIED.,.F.,.F.,
  (2,2),(0.,1.),.PIECEWISE_BEZIER_KNOTS.);
#236 = CARTESIAN_POINT('',(-1.775,2.45,0.825));
#237 = CARTESIAN_POINT('',(-1.775,2.45,1.025));
#238 = PLANE('',#239);
#239 = AXIS2_PLACEMENT_3D('',#240,#241,#242);
#240 = CARTESIAN_POINT('',(-1.775,2.45,1.025));
#241 = DIRECTION('',(1.110223024625E-16,-1.,0.));
#242 = DIRECTION('',(1.,1.110223024625E-16,0.));
#243 = ADVANCED_FACE('',(#244),#261,.F.);
#244 = FACE_BOUND('',#245,.F.);
#245 = EDGE_LOOP('',(#246,#247,#248,#256));
#246 = ORIENTED_EDGE('',*,*,#181,.T.);
#247 = ORIENTED_EDGE('',*,*,#119,.T.);
#248 = ORIENTED_EDGE('',*,*,#249,.F.);
#249 = EDGE_CURVE('',#250,#112,#252,.T.);
#250 = VERTEX_POINT('',#251);
#251 = CARTESIAN_POINT('',(-1.95,2.275,0.825));
#252 = LINE('',#253,#254);
#253 = CARTESIAN_POINT('',(-1.95,2.275,0.825));
#254 = VECTOR('',#255,1.);
#255 = DIRECTION('',(0.707106781187,0.707106781187,0.));
#256 = ORIENTED_EDGE('',*,*,#257,.F.);
#257 = EDGE_CURVE('',#174,#250,#258,.T.);
#258 = B_SPLINE_CURVE_WITH_KNOTS('',1,(#259,#260),.UNSPECIFIED.,.F.,.F.,
  (2,2),(0.,1.),.PIECEWISE_BEZIER_KNOTS.);
#259 = CARTESIAN_POINT('',(-1.835171280765,2.217585640382,0.1));
#260 = CARTESIAN_POINT('',(-1.95,2.275,0.825));
#261 = B_SPLINE_SURFACE_WITH_KNOTS('',1,1,(
    (#262,#263)
    ,(#264,#265
    )),.UNSPECIFIED.,.F.,.F.,.F.,(2,2),(2,2),(0.,0.247487373415),(0.,1.)
  ,.PIECEWISE_BEZIER_KNOTS.);
#262 = CARTESIAN_POINT('',(-1.835171280765,2.217585640382,0.1));
#263 = CARTESIAN_POINT('',(-1.95,2.275,0.825));
#264 = CARTESIAN_POINT('',(-1.717585640382,2.335171280765,0.1));
#265 = CARTESIAN_POINT('',(-1.775,2.45,0.825));
#266 = ADVANCED_FACE('',(#267),#348,.F.);
#267 = FACE_BOUND('',#268,.F.);
#268 = EDGE_LOOP('',(#269,#270,#271,#279,#287,#295,#303,#311,#319,#327,
    #335,#343));
#269 = ORIENTED_EDGE('',*,*,#173,.T.);
#270 = ORIENTED_EDGE('',*,*,#257,.T.);
#271 = ORIENTED_EDGE('',*,*,#272,.F.);
#272 = EDGE_CURVE('',#273,#250,#275,.T.);
#273 = VERTEX_POINT('',#274);
#274 = CARTESIAN_POINT('',(-1.95,2.11,0.825));
#275 = LINE('',#276,#277);
#276 = CARTESIAN_POINT('',(-1.95,-2.275,0.825));
#277 = VECTOR('',#278,1.);
#278 = DIRECTION('',(-1.110223024625E-16,1.,0.));
#279 = ORIENTED_EDGE('',*,*,#280,.F.);
#280 = EDGE_CURVE('',#281,#273,#283,.T.);
#281 = VERTEX_POINT('',#282);
#282 = CARTESIAN_POINT('',(-1.95,1.7,0.825));
#283 = LINE('',#284,#285);
#284 = CARTESIAN_POINT('',(-1.95,-2.275,0.825));
#285 = VECTOR('',#286,1.);
#286 = DIRECTION('',(-1.110223024625E-16,1.,0.));
#287 = ORIENTED_EDGE('',*,*,#288,.F.);
#288 = EDGE_CURVE('',#289,#281,#291,.T.);
#289 = VERTEX_POINT('',#290);
#290 = CARTESIAN_POINT('',(-1.95,0.84,0.825));
#291 = LINE('',#292,#293);
#292 = CARTESIAN_POINT('',(-1.95,-2.275,0.825));
#293 = VECTOR('',#294,1.);
#294 = DIRECTION('',(-1.110223024625E-16,1.,0.));
#295 = ORIENTED_EDGE('',*,*,#296,.F.);
#296 = EDGE_CURVE('',#297,#289,#299,.T.);
#297 = VERTEX_POINT('',#298);
#298 = CARTESIAN_POINT('',(-1.95,0.43,0.825));
#299 = LINE('',#300,#301);
#300 = CARTESIAN_POINT('',(-1.95,-2.275,0.825));
#301 = VECTOR('',#302,1.);
#302 = DIRECTION('',(-1.110223024625E-16,1.,0.));
#303 = ORIENTED_EDGE('',*,*,#304,.F.);
#304 = EDGE_CURVE('',#305,#297,#307,.T.);
#305 = VERTEX_POINT('',#306);
#306 = CARTESIAN_POINT('',(-1.95,-0.43,0.825));
#307 = LINE('',#308,#309);
#308 = CARTESIAN_POINT('',(-1.95,-2.275,0.825));
#309 = VECTOR('',#310,1.);
#310 = DIRECTION('',(-1.110223024625E-16,1.,0.));
#311 = ORIENTED_EDGE('',*,*,#312,.F.);
#312 = EDGE_CURVE('',#313,#305,#315,.T.);
#313 = VERTEX_POINT('',#314);
#314 = CARTESIAN_POINT('',(-1.95,-0.84,0.825));
#315 = LINE('',#316,#317);
#316 = CARTESIAN_POINT('',(-1.95,-2.275,0.825));
#317 = VECTOR('',#318,1.);
#318 = DIRECTION('',(-1.110223024625E-16,1.,0.));
#319 = ORIENTED_EDGE('',*,*,#320,.F.);
#320 = EDGE_CURVE('',#321,#313,#323,.T.);
#321 = VERTEX_POINT('',#322);
#322 = CARTESIAN_POINT('',(-1.95,-1.7,0.825));
#323 = LINE('',#324,#325);
#324 = CARTESIAN_POINT('',(-1.95,-2.275,0.825));
#325 = VECTOR('',#326,1.);
#326 = DIRECTION('',(-1.110223024625E-16,1.,0.));
#327 = ORIENTED_EDGE('',*,*,#328,.F.);
#328 = EDGE_CURVE('',#329,#321,#331,.T.);
#329 = VERTEX_POINT('',#330);
#330 = CARTESIAN_POINT('',(-1.95,-2.11,0.825));
#331 = LINE('',#332,#333);
#332 = CARTESIAN_POINT('',(-1.95,-2.275,0.825));
#333 = VECTOR('',#334,1.);
#334 = DIRECTION('',(-1.110223024625E-16,1.,0.));
#335 = ORIENTED_EDGE('',*,*,#336,.F.);
#336 = EDGE_CURVE('',#337,#329,#339,.T.);
#337 = VERTEX_POINT('',#338);
#338 = CARTESIAN_POINT('',(-1.95,-2.275,0.825));
#339 = LINE('',#340,#341);
#340 = CARTESIAN_POINT('',(-1.95,-2.275,0.825));
#341 = VECTOR('',#342,1.);
#342 = DIRECTION('',(-1.110223024625E-16,1.,0.));
#343 = ORIENTED_EDGE('',*,*,#344,.F.);
#344 = EDGE_CURVE('',#166,#337,#345,.T.);
#345 = B_SPLINE_CURVE_WITH_KNOTS('',1,(#346,#347),.UNSPECIFIED.,.F.,.F.,
  (2,2),(0.,1.),.PIECEWISE_BEZIER_KNOTS.);
#346 = CARTESIAN_POINT('',(-1.835171280765,-2.217585640382,0.1));
#347 = CARTESIAN_POINT('',(-1.95,-2.275,0.825));
#348 = B_SPLINE_SURFACE_WITH_KNOTS('',1,1,(
    (#349,#350)
    ,(#351,#352
    )),.UNSPECIFIED.,.F.,.F.,.F.,(2,2),(2,2),(0.,4.55),(0.,1.),
  .PIECEWISE_BEZIER_KNOTS.);
#349 = CARTESIAN_POINT('',(-1.835171280765,-2.217585640382,0.1));
#350 = CARTESIAN_POINT('',(-1.95,-2.275,0.825));
#351 = CARTESIAN_POINT('',(-1.835171280765,2.217585640382,0.1));
#352 = CARTESIAN_POINT('',(-1.95,2.275,0.825));
#353 = ADVANCED_FACE('',(#354),#435,.F.);
#354 = FACE_BOUND('',#355,.F.);
#355 = EDGE_LOOP('',(#356,#357,#364,#372,#380,#388,#396,#404,#412,#420,
    #428,#434));
#356 = ORIENTED_EDGE('',*,*,#141,.T.);
#357 = ORIENTED_EDGE('',*,*,#358,.T.);
#358 = EDGE_CURVE('',#142,#359,#361,.T.);
#359 = VERTEX_POINT('',#360);
#360 = CARTESIAN_POINT('',(1.95,-2.275,0.825));
#361 = B_SPLINE_CURVE_WITH_KNOTS('',1,(#362,#363),.UNSPECIFIED.,.F.,.F.,
  (2,2),(0.,1.),.PIECEWISE_BEZIER_KNOTS.);
#362 = CARTESIAN_POINT('',(1.835171280765,-2.217585640382,0.1));
#363 = CARTESIAN_POINT('',(1.95,-2.275,0.825));
#364 = ORIENTED_EDGE('',*,*,#365,.F.);
#365 = EDGE_CURVE('',#366,#359,#368,.T.);
#366 = VERTEX_POINT('',#367);
#367 = CARTESIAN_POINT('',(1.95,-2.11,0.825));
#368 = LINE('',#369,#370);
#369 = CARTESIAN_POINT('',(1.95,2.275,0.825));
#370 = VECTOR('',#371,1.);
#371 = DIRECTION('',(1.110223024625E-16,-1.,0.));
#372 = ORIENTED_EDGE('',*,*,#373,.F.);
#373 = EDGE_CURVE('',#374,#366,#376,.T.);
#374 = VERTEX_POINT('',#375);
#375 = CARTESIAN_POINT('',(1.95,-1.7,0.825));
#376 = LINE('',#377,#378);
#377 = CARTESIAN_POINT('',(1.95,2.275,0.825));
#378 = VECTOR('',#379,1.);
#379 = DIRECTION('',(1.110223024625E-16,-1.,0.));
#380 = ORIENTED_EDGE('',*,*,#381,.F.);
#381 = EDGE_CURVE('',#382,#374,#384,.T.);
#382 = VERTEX_POINT('',#383);
#383 = CARTESIAN_POINT('',(1.95,-0.84,0.825));
#384 = LINE('',#385,#386);
#385 = CARTESIAN_POINT('',(1.95,2.275,0.825));
#386 = VECTOR('',#387,1.);
#387 = DIRECTION('',(1.110223024625E-16,-1.,0.));
#388 = ORIENTED_EDGE('',*,*,#389,.F.);
#389 = EDGE_CURVE('',#390,#382,#392,.T.);
#390 = VERTEX_POINT('',#391);
#391 = CARTESIAN_POINT('',(1.95,-0.43,0.825));
#392 = LINE('',#393,#394);
#393 = CARTESIAN_POINT('',(1.95,2.275,0.825));
#394 = VECTOR('',#395,1.);
#395 = DIRECTION('',(1.110223024625E-16,-1.,0.));
#396 = ORIENTED_EDGE('',*,*,#397,.F.);
#397 = EDGE_CURVE('',#398,#390,#400,.T.);
#398 = VERTEX_POINT('',#399);
#399 = CARTESIAN_POINT('',(1.95,0.43,0.825));
#400 = LINE('',#401,#402);
#401 = CARTESIAN_POINT('',(1.95,2.275,0.825));
#402 = VECTOR('',#403,1.);
#403 = DIRECTION('',(1.110223024625E-16,-1.,0.));
#404 = ORIENTED_EDGE('',*,*,#405,.F.);
#405 = EDGE_CURVE('',#406,#398,#408,.T.);
#406 = VERTEX_POINT('',#407);
#407 = CARTESIAN_POINT('',(1.95,0.84,0.825));
#408 = LINE('',#409,#410);
#409 = CARTESIAN_POINT('',(1.95,2.275,0.825));
#410 = VECTOR('',#411,1.);
#411 = DIRECTION('',(1.110223024625E-16,-1.,0.));
#412 = ORIENTED_EDGE('',*,*,#413,.F.);
#413 = EDGE_CURVE('',#414,#406,#416,.T.);
#414 = VERTEX_POINT('',#415);
#415 = CARTESIAN_POINT('',(1.95,1.7,0.825));
#416 = LINE('',#417,#418);
#417 = CARTESIAN_POINT('',(1.95,2.275,0.825));
#418 = VECTOR('',#419,1.);
#419 = DIRECTION('',(1.110223024625E-16,-1.,0.));
#420 = ORIENTED_EDGE('',*,*,#421,.F.);
#421 = EDGE_CURVE('',#422,#414,#424,.T.);
#422 = VERTEX_POINT('',#423);
#423 = CARTESIAN_POINT('',(1.95,2.11,0.825));
#424 = LINE('',#425,#426);
#425 = CARTESIAN_POINT('',(1.95,2.275,0.825));
#426 = VECTOR('',#427,1.);
#427 = DIRECTION('',(1.110223024625E-16,-1.,0.));
#428 = ORIENTED_EDGE('',*,*,#429,.F.);
#429 = EDGE_CURVE('',#197,#422,#430,.T.);
#430 = LINE('',#431,#432);
#431 = CARTESIAN_POINT('',(1.95,2.275,0.825));
#432 = VECTOR('',#433,1.);
#433 = DIRECTION('',(1.110223024625E-16,-1.,0.));
#434 = ORIENTED_EDGE('',*,*,#196,.F.);
#435 = B_SPLINE_SURFACE_WITH_KNOTS('',1,1,(
    (#436,#437)
    ,(#438,#439
    )),.UNSPECIFIED.,.F.,.F.,.F.,(2,2),(2,2),(0.,4.55),(0.,1.),
  .PIECEWISE_BEZIER_KNOTS.);
#436 = CARTESIAN_POINT('',(1.835171280765,2.217585640382,0.1));
#437 = CARTESIAN_POINT('',(1.95,2.275,0.825));
#438 = CARTESIAN_POINT('',(1.835171280765,-2.217585640382,0.1));
#439 = CARTESIAN_POINT('',(1.95,-2.275,0.825));
#440 = ADVANCED_FACE('',(#441),#458,.F.);
#441 = FACE_BOUND('',#442,.F.);
#442 = EDGE_LOOP('',(#443,#444,#445,#453));
#443 = ORIENTED_EDGE('',*,*,#165,.T.);
#444 = ORIENTED_EDGE('',*,*,#344,.T.);
#445 = ORIENTED_EDGE('',*,*,#446,.F.);
#446 = EDGE_CURVE('',#447,#337,#449,.T.);
#447 = VERTEX_POINT('',#448);
#448 = CARTESIAN_POINT('',(-1.775,-2.45,0.825));
#449 = LINE('',#450,#451);
#450 = CARTESIAN_POINT('',(-1.775,-2.45,0.825));
#451 = VECTOR('',#452,1.);
#452 = DIRECTION('',(-0.707106781187,0.707106781187,0.));
#453 = ORIENTED_EDGE('',*,*,#454,.F.);
#454 = EDGE_CURVE('',#158,#447,#455,.T.);
#455 = B_SPLINE_CURVE_WITH_KNOTS('',1,(#456,#457),.UNSPECIFIED.,.F.,.F.,
  (2,2),(0.,1.),.PIECEWISE_BEZIER_KNOTS.);
#456 = CARTESIAN_POINT('',(-1.717585640382,-2.335171280765,0.1));
#457 = CARTESIAN_POINT('',(-1.775,-2.45,0.825));
#458 = B_SPLINE_SURFACE_WITH_KNOTS('',1,1,(
    (#459,#460)
    ,(#461,#462
    )),.UNSPECIFIED.,.F.,.F.,.F.,(2,2),(2,2),(0.,0.247487373415),(0.,1.)
  ,.PIECEWISE_BEZIER_KNOTS.);
#459 = CARTESIAN_POINT('',(-1.717585640382,-2.335171280765,0.1));
#460 = CARTESIAN_POINT('',(-1.775,-2.45,0.825));
#461 = CARTESIAN_POINT('',(-1.835171280765,-2.217585640382,0.1));
#462 = CARTESIAN_POINT('',(-1.95,-2.275,0.825));
#463 = ADVANCED_FACE('',(#464),#481,.F.);
#464 = FACE_BOUND('',#465,.F.);
#465 = EDGE_LOOP('',(#466,#467,#474,#480));
#466 = ORIENTED_EDGE('',*,*,#149,.T.);
#467 = ORIENTED_EDGE('',*,*,#468,.T.);
#468 = EDGE_CURVE('',#150,#469,#471,.T.);
#469 = VERTEX_POINT('',#470);
#470 = CARTESIAN_POINT('',(1.775,-2.45,0.825));
#471 = B_SPLINE_CURVE_WITH_KNOTS('',1,(#472,#473),.UNSPECIFIED.,.F.,.F.,
  (2,2),(0.,1.),.PIECEWISE_BEZIER_KNOTS.);
#472 = CARTESIAN_POINT('',(1.717585640382,-2.335171280765,0.1));
#473 = CARTESIAN_POINT('',(1.775,-2.45,0.825));
#474 = ORIENTED_EDGE('',*,*,#475,.F.);
#475 = EDGE_CURVE('',#359,#469,#476,.T.);
#476 = LINE('',#477,#478);
#477 = CARTESIAN_POINT('',(1.95,-2.275,0.825));
#478 = VECTOR('',#479,1.);
#479 = DIRECTION('',(-0.707106781187,-0.707106781187,0.));
#480 = ORIENTED_EDGE('',*,*,#358,.F.);
#481 = B_SPLINE_SURFACE_WITH_KNOTS('',1,1,(
    (#482,#483)
    ,(#484,#485
    )),.UNSPECIFIED.,.F.,.F.,.F.,(2,2),(2,2),(0.,0.247487373415),(0.,1.)
  ,.PIECEWISE_BEZIER_KNOTS.);
#482 = CARTESIAN_POINT('',(1.835171280765,-2.217585640382,0.1));
#483 = CARTESIAN_POINT('',(1.95,-2.275,0.825));
#484 = CARTESIAN_POINT('',(1.717585640382,-2.335171280765,0.1));
#485 = CARTESIAN_POINT('',(1.775,-2.45,0.825));
#486 = ADVANCED_FACE('',(#487),#498,.F.);
#487 = FACE_BOUND('',#488,.F.);
#488 = EDGE_LOOP('',(#489,#490,#491,#497));
#489 = ORIENTED_EDGE('',*,*,#157,.T.);
#490 = ORIENTED_EDGE('',*,*,#454,.T.);
#491 = ORIENTED_EDGE('',*,*,#492,.F.);
#492 = EDGE_CURVE('',#469,#447,#493,.T.);
#493 = LINE('',#494,#495);
#494 = CARTESIAN_POINT('',(1.775,-2.45,0.825));
#495 = VECTOR('',#496,1.);
#496 = DIRECTION('',(-1.,-1.110223024625E-16,0.));
#497 = ORIENTED_EDGE('',*,*,#468,.F.);
#498 = B_SPLINE_SURFACE_WITH_KNOTS('',1,1,(
    (#499,#500)
    ,(#501,#502
    )),.UNSPECIFIED.,.F.,.F.,.F.,(2,2),(2,2),(0.,3.55),(0.,1.),
  .PIECEWISE_BEZIER_KNOTS.);
#499 = CARTESIAN_POINT('',(1.717585640382,-2.335171280765,0.1));
#500 = CARTESIAN_POINT('',(1.775,-2.45,0.825));
#501 = CARTESIAN_POINT('',(-1.717585640382,-2.335171280765,0.1));
#502 = CARTESIAN_POINT('',(-1.775,-2.45,0.825));
#503 = ADVANCED_FACE('',(#504),#521,.F.);
#504 = FACE_BOUND('',#505,.F.);
#505 = EDGE_LOOP('',(#506,#507,#514,#520));
#506 = ORIENTED_EDGE('',*,*,#203,.T.);
#507 = ORIENTED_EDGE('',*,*,#508,.T.);
#508 = EDGE_CURVE('',#197,#509,#511,.T.);
#509 = VERTEX_POINT('',#510);
#510 = CARTESIAN_POINT('',(1.95,2.275,1.025));
#511 = B_SPLINE_CURVE_WITH_KNOTS('',1,(#512,#513),.UNSPECIFIED.,.F.,.F.,
  (2,2),(0.,1.),.PIECEWISE_BEZIER_KNOTS.);
#512 = CARTESIAN_POINT('',(1.95,2.275,0.825));
#513 = CARTESIAN_POINT('',(1.95,2.275,1.025));
#514 = ORIENTED_EDGE('',*,*,#515,.F.);
#515 = EDGE_CURVE('',#220,#509,#516,.T.);
#516 = LINE('',#517,#518);
#517 = CARTESIAN_POINT('',(1.775,2.45,1.025));
#518 = VECTOR('',#519,1.);
#519 = DIRECTION('',(0.707106781187,-0.707106781187,0.));
#520 = ORIENTED_EDGE('',*,*,#219,.F.);
#521 = PLANE('',#522);
#522 = AXIS2_PLACEMENT_3D('',#523,#524,#525);
#523 = CARTESIAN_POINT('',(1.775,2.45,1.025));
#524 = DIRECTION('',(-0.707106781187,-0.707106781187,0.));
#525 = DIRECTION('',(0.707106781187,-0.707106781187,0.));
#526 = ADVANCED_FACE('',(#527),#609,.F.);
#527 = FACE_BOUND('',#528,.F.);
#528 = EDGE_LOOP('',(#529,#537,#538,#539,#547,#555,#563,#571,#579,#587,
    #595,#603));
#529 = ORIENTED_EDGE('',*,*,#530,.T.);
#530 = EDGE_CURVE('',#531,#227,#533,.T.);
#531 = VERTEX_POINT('',#532);
#532 = CARTESIAN_POINT('',(-1.95,2.275,1.025));
#533 = LINE('',#534,#535);
#534 = CARTESIAN_POINT('',(-1.95,2.275,1.025));
#535 = VECTOR('',#536,1.);
#536 = DIRECTION('',(0.707106781187,0.707106781187,0.));
#537 = ORIENTED_EDGE('',*,*,#226,.T.);
#538 = ORIENTED_EDGE('',*,*,#515,.T.);
#539 = ORIENTED_EDGE('',*,*,#540,.T.);
#540 = EDGE_CURVE('',#509,#541,#543,.T.);
#541 = VERTEX_POINT('',#542);
#542 = CARTESIAN_POINT('',(1.95,2.11,1.025));
#543 = LINE('',#544,#545);
#544 = CARTESIAN_POINT('',(1.95,2.275,1.025));
#545 = VECTOR('',#546,1.);
#546 = DIRECTION('',(1.110223024625E-16,-1.,0.));
#547 = ORIENTED_EDGE('',*,*,#548,.T.);
#548 = EDGE_CURVE('',#541,#549,#551,.T.);
#549 = VERTEX_POINT('',#550);
#550 = CARTESIAN_POINT('',(1.875,2.11,1.025));
#551 = LINE('',#552,#553);
#552 = CARTESIAN_POINT('',(2.25,2.11,1.025));
#553 = VECTOR('',#554,1.);
#554 = DIRECTION('',(-1.,-1.110223024625E-16,0.));
#555 = ORIENTED_EDGE('',*,*,#556,.F.);
#556 = EDGE_CURVE('',#557,#549,#559,.T.);
#557 = VERTEX_POINT('',#558);
#558 = CARTESIAN_POINT('',(1.875,2.2375,1.025));
#559 = LINE('',#560,#561);
#560 = CARTESIAN_POINT('',(1.875,2.2375,1.025));
#561 = VECTOR('',#562,1.);
#562 = DIRECTION('',(1.110223024625E-16,-1.,0.));
#563 = ORIENTED_EDGE('',*,*,#564,.F.);
#564 = EDGE_CURVE('',#565,#557,#567,.T.);
#565 = VERTEX_POINT('',#566);
#566 = CARTESIAN_POINT('',(1.7375,2.375,1.025));
#567 = LINE('',#568,#569);
#568 = CARTESIAN_POINT('',(1.7375,2.375,1.025));
#569 = VECTOR('',#570,1.);
#570 = DIRECTION('',(0.707106781187,-0.707106781187,0.));
#571 = ORIENTED_EDGE('',*,*,#572,.F.);
#572 = EDGE_CURVE('',#573,#565,#575,.T.);
#573 = VERTEX_POINT('',#574);
#574 = CARTESIAN_POINT('',(-1.7375,2.375,1.025));
#575 = LINE('',#576,#577);
#576 = CARTESIAN_POINT('',(-1.7375,2.375,1.025));
#577 = VECTOR('',#578,1.);
#578 = DIRECTION('',(1.,1.110223024625E-16,0.));
#579 = ORIENTED_EDGE('',*,*,#580,.F.);
#580 = EDGE_CURVE('',#581,#573,#583,.T.);
#581 = VERTEX_POINT('',#582);
#582 = CARTESIAN_POINT('',(-1.875,2.2375,1.025));
#583 = LINE('',#584,#585);
#584 = CARTESIAN_POINT('',(-1.875,2.2375,1.025));
#585 = VECTOR('',#586,1.);
#586 = DIRECTION('',(0.707106781187,0.707106781187,0.));
#587 = ORIENTED_EDGE('',*,*,#588,.F.);
#588 = EDGE_CURVE('',#589,#581,#591,.T.);
#589 = VERTEX_POINT('',#590);
#590 = CARTESIAN_POINT('',(-1.875,2.11,1.025));
#591 = LINE('',#592,#593);
#592 = CARTESIAN_POINT('',(-1.875,-2.2375,1.025));
#593 = VECTOR('',#594,1.);
#594 = DIRECTION('',(-1.110223024625E-16,1.,0.));
#595 = ORIENTED_EDGE('',*,*,#596,.F.);
#596 = EDGE_CURVE('',#597,#589,#599,.T.);
#597 = VERTEX_POINT('',#598);
#598 = CARTESIAN_POINT('',(-1.95,2.11,1.025));
#599 = LINE('',#600,#601);
#600 = CARTESIAN_POINT('',(-2.25,2.11,1.025));
#601 = VECTOR('',#602,1.);
#602 = DIRECTION('',(1.,-1.144237745222E-17,0.));
#603 = ORIENTED_EDGE('',*,*,#604,.T.);
#604 = EDGE_CURVE('',#597,#531,#605,.T.);
#605 = LINE('',#606,#607);
#606 = CARTESIAN_POINT('',(-1.95,-2.275,1.025));
#607 = VECTOR('',#608,1.);
#608 = DIRECTION('',(-1.110223024625E-16,1.,0.));
#609 = PLANE('',#610);
#610 = AXIS2_PLACEMENT_3D('',#611,#612,#613);
#611 = CARTESIAN_POINT('',(-3.027078129022E-16,2.4125,1.025));
#612 = DIRECTION('',(2.007919022429E-31,-7.713306628828E-27,-1.));
#613 = DIRECTION('',(1.,1.112083013911E-16,2.00791902242E-31));
#614 = ADVANCED_FACE('',(#615),#625,.F.);
#615 = FACE_BOUND('',#616,.F.);
#616 = EDGE_LOOP('',(#617,#618,#619,#620));
#617 = ORIENTED_EDGE('',*,*,#249,.T.);
#618 = ORIENTED_EDGE('',*,*,#234,.T.);
#619 = ORIENTED_EDGE('',*,*,#530,.F.);
#620 = ORIENTED_EDGE('',*,*,#621,.F.);
#621 = EDGE_CURVE('',#250,#531,#622,.T.);
#622 = B_SPLINE_CURVE_WITH_KNOTS('',1,(#623,#624),.UNSPECIFIED.,.F.,.F.,
  (2,2),(0.,1.),.PIECEWISE_BEZIER_KNOTS.);
#623 = CARTESIAN_POINT('',(-1.95,2.275,0.825));
#624 = CARTESIAN_POINT('',(-1.95,2.275,1.025));
#625 = PLANE('',#626);
#626 = AXIS2_PLACEMENT_3D('',#627,#628,#629);
#627 = CARTESIAN_POINT('',(-1.95,2.275,1.025));
#628 = DIRECTION('',(0.707106781187,-0.707106781187,0.));
#629 = DIRECTION('',(0.707106781187,0.707106781187,0.));
#630 = ADVANCED_FACE('',(#631),#655,.F.);
#631 = FACE_BOUND('',#632,.F.);
#632 = EDGE_LOOP('',(#633,#640,#641,#649));
#633 = ORIENTED_EDGE('',*,*,#634,.F.);
#634 = EDGE_CURVE('',#337,#635,#637,.T.);
#635 = VERTEX_POINT('',#636);
#636 = CARTESIAN_POINT('',(-1.95,-2.275,1.025));
#637 = B_SPLINE_CURVE_WITH_KNOTS('',1,(#638,#639),.UNSPECIFIED.,.F.,.F.,
  (2,2),(0.,1.),.PIECEWISE_BEZIER_KNOTS.);
#638 = CARTESIAN_POINT('',(-1.95,-2.275,0.825));
#639 = CARTESIAN_POINT('',(-1.95,-2.275,1.025));
#640 = ORIENTED_EDGE('',*,*,#336,.T.);
#641 = ORIENTED_EDGE('',*,*,#642,.T.);
#642 = EDGE_CURVE('',#329,#643,#645,.T.);
#643 = VERTEX_POINT('',#644);
#644 = CARTESIAN_POINT('',(-1.95,-2.11,1.025));
#645 = LINE('',#646,#647);
#646 = CARTESIAN_POINT('',(-1.95,-2.11,0.786976568901));
#647 = VECTOR('',#648,1.);
#648 = DIRECTION('',(0.,0.,1.));
#649 = ORIENTED_EDGE('',*,*,#650,.F.);
#650 = EDGE_CURVE('',#635,#643,#651,.T.);
#651 = LINE('',#652,#653);
#652 = CARTESIAN_POINT('',(-1.95,-2.275,1.025));
#653 = VECTOR('',#654,1.);
#654 = DIRECTION('',(-1.110223024625E-16,1.,0.));
#655 = PLANE('',#656);
#656 = AXIS2_PLACEMENT_3D('',#657,#658,#659);
#657 = CARTESIAN_POINT('',(-1.95,-2.275,1.025));
#658 = DIRECTION('',(1.,1.110223024625E-16,0.));
#659 = DIRECTION('',(-1.110223024625E-16,1.,0.));
#660 = ADVANCED_FACE('',(#661),#686,.F.);
#661 = FACE_BOUND('',#662,.F.);
#662 = EDGE_LOOP('',(#663,#671,#672,#680));
#663 = ORIENTED_EDGE('',*,*,#664,.F.);
#664 = EDGE_CURVE('',#329,#665,#667,.T.);
#665 = VERTEX_POINT('',#666);
#666 = CARTESIAN_POINT('',(-2.25,-2.11,0.825));
#667 = LINE('',#668,#669);
#668 = CARTESIAN_POINT('',(-1.8,-2.11,0.825));
#669 = VECTOR('',#670,1.);
#670 = DIRECTION('',(-1.,1.144237745222E-17,0.));
#671 = ORIENTED_EDGE('',*,*,#328,.T.);
#672 = ORIENTED_EDGE('',*,*,#673,.T.);
#673 = EDGE_CURVE('',#321,#674,#676,.T.);
#674 = VERTEX_POINT('',#675);
#675 = CARTESIAN_POINT('',(-2.25,-1.7,0.825));
#676 = LINE('',#677,#678);
#677 = CARTESIAN_POINT('',(-1.8,-1.7,0.825));
#678 = VECTOR('',#679,1.);
#679 = DIRECTION('',(-1.,1.144237745222E-17,0.));
#680 = ORIENTED_EDGE('',*,*,#681,.F.);
#681 = EDGE_CURVE('',#665,#674,#682,.T.);
#682 = LINE('',#683,#684);
#683 = CARTESIAN_POINT('',(-2.25,-2.11,0.825));
#684 = VECTOR('',#685,1.);
#685 = DIRECTION('',(1.144237745222E-17,1.,0.));
#686 = PLANE('',#687);
#687 = AXIS2_PLACEMENT_3D('',#688,#689,#690);
#688 = CARTESIAN_POINT('',(-1.8,-2.11,0.825));
#689 = DIRECTION('',(0.,0.,1.));
#690 = DIRECTION('',(-1.,1.144237745222E-17,0.));
#691 = ADVANCED_FACE('',(#692),#717,.F.);
#692 = FACE_BOUND('',#693,.F.);
#693 = EDGE_LOOP('',(#694,#702,#703,#711));
#694 = ORIENTED_EDGE('',*,*,#695,.F.);
#695 = EDGE_CURVE('',#321,#696,#698,.T.);
#696 = VERTEX_POINT('',#697);
#697 = CARTESIAN_POINT('',(-1.95,-1.7,1.025));
#698 = LINE('',#699,#700);
#699 = CARTESIAN_POINT('',(-1.95,-1.7,0.786976568901));
#700 = VECTOR('',#701,1.);
#701 = DIRECTION('',(0.,0.,1.));
#702 = ORIENTED_EDGE('',*,*,#320,.T.);
#703 = ORIENTED_EDGE('',*,*,#704,.T.);
#704 = EDGE_CURVE('',#313,#705,#707,.T.);
#705 = VERTEX_POINT('',#706);
#706 = CARTESIAN_POINT('',(-1.95,-0.84,1.025));
#707 = LINE('',#708,#709);
#708 = CARTESIAN_POINT('',(-1.95,-0.84,0.786976568901));
#709 = VECTOR('',#710,1.);
#710 = DIRECTION('',(0.,0.,1.));
#711 = ORIENTED_EDGE('',*,*,#712,.F.);
#712 = EDGE_CURVE('',#696,#705,#713,.T.);
#713 = LINE('',#714,#715);
#714 = CARTESIAN_POINT('',(-1.95,-2.275,1.025));
#715 = VECTOR('',#716,1.);
#716 = DIRECTION('',(-1.110223024625E-16,1.,0.));
#717 = PLANE('',#718);
#718 = AXIS2_PLACEMENT_3D('',#719,#720,#721);
#719 = CARTESIAN_POINT('',(-1.95,-2.275,1.025));
#720 = DIRECTION('',(1.,1.110223024625E-16,0.));
#721 = DIRECTION('',(-1.110223024625E-16,1.,0.));
#722 = ADVANCED_FACE('',(#723),#748,.F.);
#723 = FACE_BOUND('',#724,.F.);
#724 = EDGE_LOOP('',(#725,#733,#734,#742));
#725 = ORIENTED_EDGE('',*,*,#726,.F.);
#726 = EDGE_CURVE('',#313,#727,#729,.T.);
#727 = VERTEX_POINT('',#728);
#728 = CARTESIAN_POINT('',(-2.25,-0.84,0.825));
#729 = LINE('',#730,#731);
#730 = CARTESIAN_POINT('',(-1.8,-0.84,0.825));
#731 = VECTOR('',#732,1.);
#732 = DIRECTION('',(-1.,1.144237745222E-17,0.));
#733 = ORIENTED_EDGE('',*,*,#312,.T.);
#734 = ORIENTED_EDGE('',*,*,#735,.T.);
#735 = EDGE_CURVE('',#305,#736,#738,.T.);
#736 = VERTEX_POINT('',#737);
#737 = CARTESIAN_POINT('',(-2.25,-0.43,0.825));
#738 = LINE('',#739,#740);
#739 = CARTESIAN_POINT('',(-1.8,-0.43,0.825));
#740 = VECTOR('',#741,1.);
#741 = DIRECTION('',(-1.,1.144237745222E-17,0.));
#742 = ORIENTED_EDGE('',*,*,#743,.F.);
#743 = EDGE_CURVE('',#727,#736,#744,.T.);
#744 = LINE('',#745,#746);
#745 = CARTESIAN_POINT('',(-2.25,-0.84,0.825));
#746 = VECTOR('',#747,1.);
#747 = DIRECTION('',(1.144237745222E-17,1.,0.));
#748 = PLANE('',#749);
#749 = AXIS2_PLACEMENT_3D('',#750,#751,#752);
#750 = CARTESIAN_POINT('',(-1.8,-0.84,0.825));
#751 = DIRECTION('',(0.,0.,1.));
#752 = DIRECTION('',(-1.,1.144237745222E-17,0.));
#753 = ADVANCED_FACE('',(#754),#779,.F.);
#754 = FACE_BOUND('',#755,.F.);
#755 = EDGE_LOOP('',(#756,#764,#765,#773));
#756 = ORIENTED_EDGE('',*,*,#757,.F.);
#757 = EDGE_CURVE('',#305,#758,#760,.T.);
#758 = VERTEX_POINT('',#759);
#759 = CARTESIAN_POINT('',(-1.95,-0.43,1.025));
#760 = LINE('',#761,#762);
#761 = CARTESIAN_POINT('',(-1.95,-0.43,0.786976568901));
#762 = VECTOR('',#763,1.);
#763 = DIRECTION('',(0.,0.,1.));
#764 = ORIENTED_EDGE('',*,*,#304,.T.);
#765 = ORIENTED_EDGE('',*,*,#766,.T.);
#766 = EDGE_CURVE('',#297,#767,#769,.T.);
#767 = VERTEX_POINT('',#768);
#768 = CARTESIAN_POINT('',(-1.95,0.43,1.025));
#769 = LINE('',#770,#771);
#770 = CARTESIAN_POINT('',(-1.95,0.43,0.786976568901));
#771 = VECTOR('',#772,1.);
#772 = DIRECTION('',(0.,0.,1.));
#773 = ORIENTED_EDGE('',*,*,#774,.F.);
#774 = EDGE_CURVE('',#758,#767,#775,.T.);
#775 = LINE('',#776,#777);
#776 = CARTESIAN_POINT('',(-1.95,-2.275,1.025));
#777 = VECTOR('',#778,1.);
#778 = DIRECTION('',(-1.110223024625E-16,1.,0.));
#779 = PLANE('',#780);
#780 = AXIS2_PLACEMENT_3D('',#781,#782,#783);
#781 = CARTESIAN_POINT('',(-1.95,-2.275,1.025));
#782 = DIRECTION('',(1.,1.110223024625E-16,0.));
#783 = DIRECTION('',(-1.110223024625E-16,1.,0.));
#784 = ADVANCED_FACE('',(#785),#810,.F.);
#785 = FACE_BOUND('',#786,.F.);
#786 = EDGE_LOOP('',(#787,#795,#796,#804));
#787 = ORIENTED_EDGE('',*,*,#788,.F.);
#788 = EDGE_CURVE('',#297,#789,#791,.T.);
#789 = VERTEX_POINT('',#790);
#790 = CARTESIAN_POINT('',(-2.25,0.43,0.825));
#791 = LINE('',#792,#793);
#792 = CARTESIAN_POINT('',(-1.8,0.43,0.825));
#793 = VECTOR('',#794,1.);
#794 = DIRECTION('',(-1.,1.144237745222E-17,0.));
#795 = ORIENTED_EDGE('',*,*,#296,.T.);
#796 = ORIENTED_EDGE('',*,*,#797,.T.);
#797 = EDGE_CURVE('',#289,#798,#800,.T.);
#798 = VERTEX_POINT('',#799);
#799 = CARTESIAN_POINT('',(-2.25,0.84,0.825));
#800 = LINE('',#801,#802);
#801 = CARTESIAN_POINT('',(-1.8,0.84,0.825));
#802 = VECTOR('',#803,1.);
#803 = DIRECTION('',(-1.,1.144237745222E-17,0.));
#804 = ORIENTED_EDGE('',*,*,#805,.F.);
#805 = EDGE_CURVE('',#789,#798,#806,.T.);
#806 = LINE('',#807,#808);
#807 = CARTESIAN_POINT('',(-2.25,0.43,0.825));
#808 = VECTOR('',#809,1.);
#809 = DIRECTION('',(1.144237745222E-17,1.,0.));
#810 = PLANE('',#811);
#811 = AXIS2_PLACEMENT_3D('',#812,#813,#814);
#812 = CARTESIAN_POINT('',(-1.8,0.43,0.825));
#813 = DIRECTION('',(0.,0.,1.));
#814 = DIRECTION('',(-1.,1.144237745222E-17,0.));
#815 = ADVANCED_FACE('',(#816),#841,.F.);
#816 = FACE_BOUND('',#817,.F.);
#817 = EDGE_LOOP('',(#818,#826,#827,#835));
#818 = ORIENTED_EDGE('',*,*,#819,.F.);
#819 = EDGE_CURVE('',#289,#820,#822,.T.);
#820 = VERTEX_POINT('',#821);
#821 = CARTESIAN_POINT('',(-1.95,0.84,1.025));
#822 = LINE('',#823,#824);
#823 = CARTESIAN_POINT('',(-1.95,0.84,0.786976568901));
#824 = VECTOR('',#825,1.);
#825 = DIRECTION('',(0.,0.,1.));
#826 = ORIENTED_EDGE('',*,*,#288,.T.);
#827 = ORIENTED_EDGE('',*,*,#828,.T.);
#828 = EDGE_CURVE('',#281,#829,#831,.T.);
#829 = VERTEX_POINT('',#830);
#830 = CARTESIAN_POINT('',(-1.95,1.7,1.025));
#831 = LINE('',#832,#833);
#832 = CARTESIAN_POINT('',(-1.95,1.7,0.786976568901));
#833 = VECTOR('',#834,1.);
#834 = DIRECTION('',(0.,0.,1.));
#835 = ORIENTED_EDGE('',*,*,#836,.F.);
#836 = EDGE_CURVE('',#820,#829,#837,.T.);
#837 = LINE('',#838,#839);
#838 = CARTESIAN_POINT('',(-1.95,-2.275,1.025));
#839 = VECTOR('',#840,1.);
#840 = DIRECTION('',(-1.110223024625E-16,1.,0.));
#841 = PLANE('',#842);
#842 = AXIS2_PLACEMENT_3D('',#843,#844,#845);
#843 = CARTESIAN_POINT('',(-1.95,-2.275,1.025));
#844 = DIRECTION('',(1.,1.110223024625E-16,0.));
#845 = DIRECTION('',(-1.110223024625E-16,1.,0.));
#846 = ADVANCED_FACE('',(#847),#872,.F.);
#847 = FACE_BOUND('',#848,.F.);
#848 = EDGE_LOOP('',(#849,#857,#858,#866));
#849 = ORIENTED_EDGE('',*,*,#850,.F.);
#850 = EDGE_CURVE('',#281,#851,#853,.T.);
#851 = VERTEX_POINT('',#852);
#852 = CARTESIAN_POINT('',(-2.25,1.7,0.825));
#853 = LINE('',#854,#855);
#854 = CARTESIAN_POINT('',(-1.8,1.7,0.825));
#855 = VECTOR('',#856,1.);
#856 = DIRECTION('',(-1.,1.144237745222E-17,0.));
#857 = ORIENTED_EDGE('',*,*,#280,.T.);
#858 = ORIENTED_EDGE('',*,*,#859,.T.);
#859 = EDGE_CURVE('',#273,#860,#862,.T.);
#860 = VERTEX_POINT('',#861);
#861 = CARTESIAN_POINT('',(-2.25,2.11,0.825));
#862 = LINE('',#863,#864);
#863 = CARTESIAN_POINT('',(-1.8,2.11,0.825));
#864 = VECTOR('',#865,1.);
#865 = DIRECTION('',(-1.,1.144237745222E-17,0.));
#866 = ORIENTED_EDGE('',*,*,#867,.F.);
#867 = EDGE_CURVE('',#851,#860,#868,.T.);
#868 = LINE('',#869,#870);
#869 = CARTESIAN_POINT('',(-2.25,1.7,0.825));
#870 = VECTOR('',#871,1.);
#871 = DIRECTION('',(1.144237745222E-17,1.,0.));
#872 = PLANE('',#873);
#873 = AXIS2_PLACEMENT_3D('',#874,#875,#876);
#874 = CARTESIAN_POINT('',(-1.8,1.7,0.825));
#875 = DIRECTION('',(0.,0.,1.));
#876 = DIRECTION('',(-1.,1.144237745222E-17,0.));
#877 = ADVANCED_FACE('',(#878),#889,.F.);
#878 = FACE_BOUND('',#879,.F.);
#879 = EDGE_LOOP('',(#880,#886,#887,#888));
#880 = ORIENTED_EDGE('',*,*,#881,.F.);
#881 = EDGE_CURVE('',#273,#597,#882,.T.);
#882 = LINE('',#883,#884);
#883 = CARTESIAN_POINT('',(-1.95,2.11,0.786976568901));
#884 = VECTOR('',#885,1.);
#885 = DIRECTION('',(0.,0.,1.));
#886 = ORIENTED_EDGE('',*,*,#272,.T.);
#887 = ORIENTED_EDGE('',*,*,#621,.T.);
#888 = ORIENTED_EDGE('',*,*,#604,.F.);
#889 = PLANE('',#890);
#890 = AXIS2_PLACEMENT_3D('',#891,#892,#893);
#891 = CARTESIAN_POINT('',(-1.95,-2.275,1.025));
#892 = DIRECTION('',(1.,1.110223024625E-16,0.));
#893 = DIRECTION('',(-1.110223024625E-16,1.,0.));
#894 = ADVANCED_FACE('',(#895),#906,.F.);
#895 = FACE_BOUND('',#896,.F.);
#896 = EDGE_LOOP('',(#897,#898,#899,#905));
#897 = ORIENTED_EDGE('',*,*,#508,.F.);
#898 = ORIENTED_EDGE('',*,*,#429,.T.);
#899 = ORIENTED_EDGE('',*,*,#900,.T.);
#900 = EDGE_CURVE('',#422,#541,#901,.T.);
#901 = LINE('',#902,#903);
#902 = CARTESIAN_POINT('',(1.95,2.11,0.786976568901));
#903 = VECTOR('',#904,1.);
#904 = DIRECTION('',(0.,0.,1.));
#905 = ORIENTED_EDGE('',*,*,#540,.F.);
#906 = PLANE('',#907);
#907 = AXIS2_PLACEMENT_3D('',#908,#909,#910);
#908 = CARTESIAN_POINT('',(1.95,2.275,1.025));
#909 = DIRECTION('',(-1.,-1.110223024625E-16,0.));
#910 = DIRECTION('',(1.110223024625E-16,-1.,0.));
#911 = ADVANCED_FACE('',(#912),#937,.F.);
#912 = FACE_BOUND('',#913,.F.);
#913 = EDGE_LOOP('',(#914,#922,#923,#931));
#914 = ORIENTED_EDGE('',*,*,#915,.F.);
#915 = EDGE_CURVE('',#422,#916,#918,.T.);
#916 = VERTEX_POINT('',#917);
#917 = CARTESIAN_POINT('',(2.25,2.11,0.825));
#918 = LINE('',#919,#920);
#919 = CARTESIAN_POINT('',(1.8,2.11,0.825));
#920 = VECTOR('',#921,1.);
#921 = DIRECTION('',(1.,1.110223024625E-16,0.));
#922 = ORIENTED_EDGE('',*,*,#421,.T.);
#923 = ORIENTED_EDGE('',*,*,#924,.T.);
#924 = EDGE_CURVE('',#414,#925,#927,.T.);
#925 = VERTEX_POINT('',#926);
#926 = CARTESIAN_POINT('',(2.25,1.7,0.825));
#927 = LINE('',#928,#929);
#928 = CARTESIAN_POINT('',(1.8,1.7,0.825));
#929 = VECTOR('',#930,1.);
#930 = DIRECTION('',(1.,1.110223024625E-16,0.));
#931 = ORIENTED_EDGE('',*,*,#932,.F.);
#932 = EDGE_CURVE('',#916,#925,#933,.T.);
#933 = LINE('',#934,#935);
#934 = CARTESIAN_POINT('',(2.25,2.11,0.825));
#935 = VECTOR('',#936,1.);
#936 = DIRECTION('',(1.110223024625E-16,-1.,0.));
#937 = PLANE('',#938);
#938 = AXIS2_PLACEMENT_3D('',#939,#940,#941);
#939 = CARTESIAN_POINT('',(1.8,2.11,0.825));
#940 = DIRECTION('',(0.,0.,1.));
#941 = DIRECTION('',(1.,1.110223024625E-16,-0.));
#942 = ADVANCED_FACE('',(#943),#968,.F.);
#943 = FACE_BOUND('',#944,.F.);
#944 = EDGE_LOOP('',(#945,#953,#954,#962));
#945 = ORIENTED_EDGE('',*,*,#946,.F.);
#946 = EDGE_CURVE('',#414,#947,#949,.T.);
#947 = VERTEX_POINT('',#948);
#948 = CARTESIAN_POINT('',(1.95,1.7,1.025));
#949 = LINE('',#950,#951);
#950 = CARTESIAN_POINT('',(1.95,1.7,0.786976568901));
#951 = VECTOR('',#952,1.);
#952 = DIRECTION('',(0.,0.,1.));
#953 = ORIENTED_EDGE('',*,*,#413,.T.);
#954 = ORIENTED_EDGE('',*,*,#955,.T.);
#955 = EDGE_CURVE('',#406,#956,#958,.T.);
#956 = VERTEX_POINT('',#957);
#957 = CARTESIAN_POINT('',(1.95,0.84,1.025));
#958 = LINE('',#959,#960);
#959 = CARTESIAN_POINT('',(1.95,0.84,0.786976568901));
#960 = VECTOR('',#961,1.);
#961 = DIRECTION('',(0.,0.,1.));
#962 = ORIENTED_EDGE('',*,*,#963,.F.);
#963 = EDGE_CURVE('',#947,#956,#964,.T.);
#964 = LINE('',#965,#966);
#965 = CARTESIAN_POINT('',(1.95,2.275,1.025));
#966 = VECTOR('',#967,1.);
#967 = DIRECTION('',(1.110223024625E-16,-1.,0.));
#968 = PLANE('',#969);
#969 = AXIS2_PLACEMENT_3D('',#970,#971,#972);
#970 = CARTESIAN_POINT('',(1.95,2.275,1.025));
#971 = DIRECTION('',(-1.,-1.110223024625E-16,0.));
#972 = DIRECTION('',(1.110223024625E-16,-1.,0.));
#973 = ADVANCED_FACE('',(#974),#999,.F.);
#974 = FACE_BOUND('',#975,.F.);
#975 = EDGE_LOOP('',(#976,#984,#985,#993));
#976 = ORIENTED_EDGE('',*,*,#977,.F.);
#977 = EDGE_CURVE('',#406,#978,#980,.T.);
#978 = VERTEX_POINT('',#979);
#979 = CARTESIAN_POINT('',(2.25,0.84,0.825));
#980 = LINE('',#981,#982);
#981 = CARTESIAN_POINT('',(1.8,0.84,0.825));
#982 = VECTOR('',#983,1.);
#983 = DIRECTION('',(1.,1.110223024625E-16,0.));
#984 = ORIENTED_EDGE('',*,*,#405,.T.);
#985 = ORIENTED_EDGE('',*,*,#986,.T.);
#986 = EDGE_CURVE('',#398,#987,#989,.T.);
#987 = VERTEX_POINT('',#988);
#988 = CARTESIAN_POINT('',(2.25,0.43,0.825));
#989 = LINE('',#990,#991);
#990 = CARTESIAN_POINT('',(1.8,0.43,0.825));
#991 = VECTOR('',#992,1.);
#992 = DIRECTION('',(1.,1.110223024625E-16,0.));
#993 = ORIENTED_EDGE('',*,*,#994,.F.);
#994 = EDGE_CURVE('',#978,#987,#995,.T.);
#995 = LINE('',#996,#997);
#996 = CARTESIAN_POINT('',(2.25,0.84,0.825));
#997 = VECTOR('',#998,1.);
#998 = DIRECTION('',(1.110223024625E-16,-1.,0.));
#999 = PLANE('',#1000);
#1000 = AXIS2_PLACEMENT_3D('',#1001,#1002,#1003);
#1001 = CARTESIAN_POINT('',(1.8,0.84,0.825));
#1002 = DIRECTION('',(0.,0.,1.));
#1003 = DIRECTION('',(1.,1.110223024625E-16,-0.));
#1004 = ADVANCED_FACE('',(#1005),#1030,.F.);
#1005 = FACE_BOUND('',#1006,.F.);
#1006 = EDGE_LOOP('',(#1007,#1015,#1016,#1024));
#1007 = ORIENTED_EDGE('',*,*,#1008,.F.);
#1008 = EDGE_CURVE('',#398,#1009,#1011,.T.);
#1009 = VERTEX_POINT('',#1010);
#1010 = CARTESIAN_POINT('',(1.95,0.43,1.025));
#1011 = LINE('',#1012,#1013);
#1012 = CARTESIAN_POINT('',(1.95,0.43,0.786976568901));
#1013 = VECTOR('',#1014,1.);
#1014 = DIRECTION('',(0.,0.,1.));
#1015 = ORIENTED_EDGE('',*,*,#397,.T.);
#1016 = ORIENTED_EDGE('',*,*,#1017,.T.);
#1017 = EDGE_CURVE('',#390,#1018,#1020,.T.);
#1018 = VERTEX_POINT('',#1019);
#1019 = CARTESIAN_POINT('',(1.95,-0.43,1.025));
#1020 = LINE('',#1021,#1022);
#1021 = CARTESIAN_POINT('',(1.95,-0.43,0.786976568901));
#1022 = VECTOR('',#1023,1.);
#1023 = DIRECTION('',(0.,0.,1.));
#1024 = ORIENTED_EDGE('',*,*,#1025,.F.);
#1025 = EDGE_CURVE('',#1009,#1018,#1026,.T.);
#1026 = LINE('',#1027,#1028);
#1027 = CARTESIAN_POINT('',(1.95,2.275,1.025));
#1028 = VECTOR('',#1029,1.);
#1029 = DIRECTION('',(1.110223024625E-16,-1.,0.));
#1030 = PLANE('',#1031);
#1031 = AXIS2_PLACEMENT_3D('',#1032,#1033,#1034);
#1032 = CARTESIAN_POINT('',(1.95,2.275,1.025));
#1033 = DIRECTION('',(-1.,-1.110223024625E-16,0.));
#1034 = DIRECTION('',(1.110223024625E-16,-1.,0.));
#1035 = ADVANCED_FACE('',(#1036),#1061,.F.);
#1036 = FACE_BOUND('',#1037,.F.);
#1037 = EDGE_LOOP('',(#1038,#1046,#1047,#1055));
#1038 = ORIENTED_EDGE('',*,*,#1039,.F.);
#1039 = EDGE_CURVE('',#390,#1040,#1042,.T.);
#1040 = VERTEX_POINT('',#1041);
#1041 = CARTESIAN_POINT('',(2.25,-0.43,0.825));
#1042 = LINE('',#1043,#1044);
#1043 = CARTESIAN_POINT('',(1.8,-0.43,0.825));
#1044 = VECTOR('',#1045,1.);
#1045 = DIRECTION('',(1.,1.110223024625E-16,0.));
#1046 = ORIENTED_EDGE('',*,*,#389,.T.);
#1047 = ORIENTED_EDGE('',*,*,#1048,.T.);
#1048 = EDGE_CURVE('',#382,#1049,#1051,.T.);
#1049 = VERTEX_POINT('',#1050);
#1050 = CARTESIAN_POINT('',(2.25,-0.84,0.825));
#1051 = LINE('',#1052,#1053);
#1052 = CARTESIAN_POINT('',(1.8,-0.84,0.825));
#1053 = VECTOR('',#1054,1.);
#1054 = DIRECTION('',(1.,1.110223024625E-16,0.));
#1055 = ORIENTED_EDGE('',*,*,#1056,.F.);
#1056 = EDGE_CURVE('',#1040,#1049,#1057,.T.);
#1057 = LINE('',#1058,#1059);
#1058 = CARTESIAN_POINT('',(2.25,-0.43,0.825));
#1059 = VECTOR('',#1060,1.);
#1060 = DIRECTION('',(1.110223024625E-16,-1.,0.));
#1061 = PLANE('',#1062);
#1062 = AXIS2_PLACEMENT_3D('',#1063,#1064,#1065);
#1063 = CARTESIAN_POINT('',(1.8,-0.43,0.825));
#1064 = DIRECTION('',(0.,0.,1.));
#1065 = DIRECTION('',(1.,1.110223024625E-16,-0.));
#1066 = ADVANCED_FACE('',(#1067),#1092,.F.);
#1067 = FACE_BOUND('',#1068,.F.);
#1068 = EDGE_LOOP('',(#1069,#1077,#1078,#1086));
#1069 = ORIENTED_EDGE('',*,*,#1070,.F.);
#1070 = EDGE_CURVE('',#382,#1071,#1073,.T.);
#1071 = VERTEX_POINT('',#1072);
#1072 = CARTESIAN_POINT('',(1.95,-0.84,1.025));
#1073 = LINE('',#1074,#1075);
#1074 = CARTESIAN_POINT('',(1.95,-0.84,0.786976568901));
#1075 = VECTOR('',#1076,1.);
#1076 = DIRECTION('',(0.,0.,1.));
#1077 = ORIENTED_EDGE('',*,*,#381,.T.);
#1078 = ORIENTED_EDGE('',*,*,#1079,.T.);
#1079 = EDGE_CURVE('',#374,#1080,#1082,.T.);
#1080 = VERTEX_POINT('',#1081);
#1081 = CARTESIAN_POINT('',(1.95,-1.7,1.025));
#1082 = LINE('',#1083,#1084);
#1083 = CARTESIAN_POINT('',(1.95,-1.7,0.786976568901));
#1084 = VECTOR('',#1085,1.);
#1085 = DIRECTION('',(0.,0.,1.));
#1086 = ORIENTED_EDGE('',*,*,#1087,.F.);
#1087 = EDGE_CURVE('',#1071,#1080,#1088,.T.);
#1088 = LINE('',#1089,#1090);
#1089 = CARTESIAN_POINT('',(1.95,2.275,1.025));
#1090 = VECTOR('',#1091,1.);
#1091 = DIRECTION('',(1.110223024625E-16,-1.,0.));
#1092 = PLANE('',#1093);
#1093 = AXIS2_PLACEMENT_3D('',#1094,#1095,#1096);
#1094 = CARTESIAN_POINT('',(1.95,2.275,1.025));
#1095 = DIRECTION('',(-1.,-1.110223024625E-16,0.));
#1096 = DIRECTION('',(1.110223024625E-16,-1.,0.));
#1097 = ADVANCED_FACE('',(#1098),#1123,.F.);
#1098 = FACE_BOUND('',#1099,.F.);
#1099 = EDGE_LOOP('',(#1100,#1108,#1109,#1117));
#1100 = ORIENTED_EDGE('',*,*,#1101,.F.);
#1101 = EDGE_CURVE('',#374,#1102,#1104,.T.);
#1102 = VERTEX_POINT('',#1103);
#1103 = CARTESIAN_POINT('',(2.25,-1.7,0.825));
#1104 = LINE('',#1105,#1106);
#1105 = CARTESIAN_POINT('',(1.8,-1.7,0.825));
#1106 = VECTOR('',#1107,1.);
#1107 = DIRECTION('',(1.,1.110223024625E-16,0.));
#1108 = ORIENTED_EDGE('',*,*,#373,.T.);
#1109 = ORIENTED_EDGE('',*,*,#1110,.T.);
#1110 = EDGE_CURVE('',#366,#1111,#1113,.T.);
#1111 = VERTEX_POINT('',#1112);
#1112 = CARTESIAN_POINT('',(2.25,-2.11,0.825));
#1113 = LINE('',#1114,#1115);
#1114 = CARTESIAN_POINT('',(1.8,-2.11,0.825));
#1115 = VECTOR('',#1116,1.);
#1116 = DIRECTION('',(1.,1.110223024625E-16,0.));
#1117 = ORIENTED_EDGE('',*,*,#1118,.F.);
#1118 = EDGE_CURVE('',#1102,#1111,#1119,.T.);
#1119 = LINE('',#1120,#1121);
#1120 = CARTESIAN_POINT('',(2.25,-1.7,0.825));
#1121 = VECTOR('',#1122,1.);
#1122 = DIRECTION('',(1.110223024625E-16,-1.,0.));
#1123 = PLANE('',#1124);
#1124 = AXIS2_PLACEMENT_3D('',#1125,#1126,#1127);
#1125 = CARTESIAN_POINT('',(1.8,-1.7,0.825));
#1126 = DIRECTION('',(0.,0.,1.));
#1127 = DIRECTION('',(1.,1.110223024625E-16,-0.));
#1128 = ADVANCED_FACE('',(#1129),#1153,.F.);
#1129 = FACE_BOUND('',#1130,.F.);
#1130 = EDGE_LOOP('',(#1131,#1139,#1140,#1147));
#1131 = ORIENTED_EDGE('',*,*,#1132,.F.);
#1132 = EDGE_CURVE('',#366,#1133,#1135,.T.);
#1133 = VERTEX_POINT('',#1134);
#1134 = CARTESIAN_POINT('',(1.95,-2.11,1.025));
#1135 = LINE('',#1136,#1137);
#1136 = CARTESIAN_POINT('',(1.95,-2.11,0.786976568901));
#1137 = VECTOR('',#1138,1.);
#1138 = DIRECTION('',(0.,0.,1.));
#1139 = ORIENTED_EDGE('',*,*,#365,.T.);
#1140 = ORIENTED_EDGE('',*,*,#1141,.T.);
#1141 = EDGE_CURVE('',#359,#1142,#1144,.T.);
#1142 = VERTEX_POINT('',#1143);
#1143 = CARTESIAN_POINT('',(1.95,-2.275,1.025));
#1144 = B_SPLINE_CURVE_WITH_KNOTS('',1,(#1145,#1146),.UNSPECIFIED.,.F.,
  .F.,(2,2),(0.,1.),.PIECEWISE_BEZIER_KNOTS.);
#1145 = CARTESIAN_POINT('',(1.95,-2.275,0.825));
#1146 = CARTESIAN_POINT('',(1.95,-2.275,1.025));
#1147 = ORIENTED_EDGE('',*,*,#1148,.F.);
#1148 = EDGE_CURVE('',#1133,#1142,#1149,.T.);
#1149 = LINE('',#1150,#1151);
#1150 = CARTESIAN_POINT('',(1.95,2.275,1.025));
#1151 = VECTOR('',#1152,1.);
#1152 = DIRECTION('',(1.110223024625E-16,-1.,0.));
#1153 = PLANE('',#1154);
#1154 = AXIS2_PLACEMENT_3D('',#1155,#1156,#1157);
#1155 = CARTESIAN_POINT('',(1.95,2.275,1.025));
#1156 = DIRECTION('',(-1.,-1.110223024625E-16,0.));
#1157 = DIRECTION('',(1.110223024625E-16,-1.,0.));
#1158 = ADVANCED_FACE('',(#1159),#1176,.F.);
#1159 = FACE_BOUND('',#1160,.F.);
#1160 = EDGE_LOOP('',(#1161,#1162,#1163,#1171));
#1161 = ORIENTED_EDGE('',*,*,#446,.T.);
#1162 = ORIENTED_EDGE('',*,*,#634,.T.);
#1163 = ORIENTED_EDGE('',*,*,#1164,.F.);
#1164 = EDGE_CURVE('',#1165,#635,#1167,.T.);
#1165 = VERTEX_POINT('',#1166);
#1166 = CARTESIAN_POINT('',(-1.775,-2.45,1.025));
#1167 = LINE('',#1168,#1169);
#1168 = CARTESIAN_POINT('',(-1.775,-2.45,1.025));
#1169 = VECTOR('',#1170,1.);
#1170 = DIRECTION('',(-0.707106781187,0.707106781187,0.));
#1171 = ORIENTED_EDGE('',*,*,#1172,.F.);
#1172 = EDGE_CURVE('',#447,#1165,#1173,.T.);
#1173 = B_SPLINE_CURVE_WITH_KNOTS('',1,(#1174,#1175),.UNSPECIFIED.,.F.,
  .F.,(2,2),(0.,1.),.PIECEWISE_BEZIER_KNOTS.);
#1174 = CARTESIAN_POINT('',(-1.775,-2.45,0.825));
#1175 = CARTESIAN_POINT('',(-1.775,-2.45,1.025));
#1176 = PLANE('',#1177);
#1177 = AXIS2_PLACEMENT_3D('',#1178,#1179,#1180);
#1178 = CARTESIAN_POINT('',(-1.775,-2.45,1.025));
#1179 = DIRECTION('',(0.707106781187,0.707106781187,0.));
#1180 = DIRECTION('',(-0.707106781187,0.707106781187,0.));
#1181 = ADVANCED_FACE('',(#1182),#1199,.F.);
#1182 = FACE_BOUND('',#1183,.F.);
#1183 = EDGE_LOOP('',(#1184,#1185,#1192,#1198));
#1184 = ORIENTED_EDGE('',*,*,#475,.T.);
#1185 = ORIENTED_EDGE('',*,*,#1186,.T.);
#1186 = EDGE_CURVE('',#469,#1187,#1189,.T.);
#1187 = VERTEX_POINT('',#1188);
#1188 = CARTESIAN_POINT('',(1.775,-2.45,1.025));
#1189 = B_SPLINE_CURVE_WITH_KNOTS('',1,(#1190,#1191),.UNSPECIFIED.,.F.,
  .F.,(2,2),(0.,1.),.PIECEWISE_BEZIER_KNOTS.);
#1190 = CARTESIAN_POINT('',(1.775,-2.45,0.825));
#1191 = CARTESIAN_POINT('',(1.775,-2.45,1.025));
#1192 = ORIENTED_EDGE('',*,*,#1193,.F.);
#1193 = EDGE_CURVE('',#1142,#1187,#1194,.T.);
#1194 = LINE('',#1195,#1196);
#1195 = CARTESIAN_POINT('',(1.95,-2.275,1.025));
#1196 = VECTOR('',#1197,1.);
#1197 = DIRECTION('',(-0.707106781187,-0.707106781187,0.));
#1198 = ORIENTED_EDGE('',*,*,#1141,.F.);
#1199 = PLANE('',#1200);
#1200 = AXIS2_PLACEMENT_3D('',#1201,#1202,#1203);
#1201 = CARTESIAN_POINT('',(1.95,-2.275,1.025));
#1202 = DIRECTION('',(-0.707106781187,0.707106781187,0.));
#1203 = DIRECTION('',(-0.707106781187,-0.707106781187,0.));
#1204 = ADVANCED_FACE('',(#1205),#1216,.F.);
#1205 = FACE_BOUND('',#1206,.F.);
#1206 = EDGE_LOOP('',(#1207,#1208,#1209,#1215));
#1207 = ORIENTED_EDGE('',*,*,#492,.T.);
#1208 = ORIENTED_EDGE('',*,*,#1172,.T.);
#1209 = ORIENTED_EDGE('',*,*,#1210,.F.);
#1210 = EDGE_CURVE('',#1187,#1165,#1211,.T.);
#1211 = LINE('',#1212,#1213);
#1212 = CARTESIAN_POINT('',(1.775,-2.45,1.025));
#1213 = VECTOR('',#1214,1.);
#1214 = DIRECTION('',(-1.,-1.110223024625E-16,0.));
#1215 = ORIENTED_EDGE('',*,*,#1186,.F.);
#1216 = PLANE('',#1217);
#1217 = AXIS2_PLACEMENT_3D('',#1218,#1219,#1220);
#1218 = CARTESIAN_POINT('',(1.775,-2.45,1.025));
#1219 = DIRECTION('',(-1.110223024625E-16,1.,0.));
#1220 = DIRECTION('',(-1.,-1.110223024625E-16,0.));
#1221 = ADVANCED_FACE('',(#1222),#1261,.F.);
#1222 = FACE_BOUND('',#1223,.F.);
#1223 = EDGE_LOOP('',(#1224,#1232,#1240,#1246,#1247,#1255));
#1224 = ORIENTED_EDGE('',*,*,#1225,.F.);
#1225 = EDGE_CURVE('',#1226,#829,#1228,.T.);
#1226 = VERTEX_POINT('',#1227);
#1227 = CARTESIAN_POINT('',(-2.25,1.7,1.025));
#1228 = LINE('',#1229,#1230);
#1229 = CARTESIAN_POINT('',(-2.25,1.7,1.025));
#1230 = VECTOR('',#1231,1.);
#1231 = DIRECTION('',(1.,-1.144237745222E-17,0.));
#1232 = ORIENTED_EDGE('',*,*,#1233,.T.);
#1233 = EDGE_CURVE('',#1226,#1234,#1236,.T.);
#1234 = VERTEX_POINT('',#1235);
#1235 = CARTESIAN_POINT('',(-2.25,2.11,1.025));
#1236 = LINE('',#1237,#1238);
#1237 = CARTESIAN_POINT('',(-2.25,1.7,1.025));
#1238 = VECTOR('',#1239,1.);
#1239 = DIRECTION('',(1.144237745222E-17,1.,0.));
#1240 = ORIENTED_EDGE('',*,*,#1241,.T.);
#1241 = EDGE_CURVE('',#1234,#597,#1242,.T.);
#1242 = LINE('',#1243,#1244);
#1243 = CARTESIAN_POINT('',(-2.25,2.11,1.025));
#1244 = VECTOR('',#1245,1.);
#1245 = DIRECTION('',(1.,-1.144237745222E-17,0.));
#1246 = ORIENTED_EDGE('',*,*,#596,.T.);
#1247 = ORIENTED_EDGE('',*,*,#1248,.F.);
#1248 = EDGE_CURVE('',#1249,#589,#1251,.T.);
#1249 = VERTEX_POINT('',#1250);
#1250 = CARTESIAN_POINT('',(-1.875,1.7,1.025));
#1251 = LINE('',#1252,#1253);
#1252 = CARTESIAN_POINT('',(-1.875,-2.2375,1.025));
#1253 = VECTOR('',#1254,1.);
#1254 = DIRECTION('',(-1.110223024625E-16,1.,0.));
#1255 = ORIENTED_EDGE('',*,*,#1256,.F.);
#1256 = EDGE_CURVE('',#829,#1249,#1257,.T.);
#1257 = LINE('',#1258,#1259);
#1258 = CARTESIAN_POINT('',(-2.25,1.7,1.025));
#1259 = VECTOR('',#1260,1.);
#1260 = DIRECTION('',(1.,-1.144237745222E-17,0.));
#1261 = PLANE('',#1262);
#1262 = AXIS2_PLACEMENT_3D('',#1263,#1264,#1265);
#1263 = CARTESIAN_POINT('',(-2.25,1.7,1.025));
#1264 = DIRECTION('',(0.,0.,-1.));
#1265 = DIRECTION('',(1.,-1.144237745222E-17,0.));
#1266 = ADVANCED_FACE('',(#1267),#1347,.F.);
#1267 = FACE_BOUND('',#1268,.F.);
#1268 = EDGE_LOOP('',(#1269,#1279,#1287,#1295,#1303,#1311,#1319,#1325,
    #1326,#1327,#1334,#1342));
#1269 = ORIENTED_EDGE('',*,*,#1270,.T.);
#1270 = EDGE_CURVE('',#1271,#1273,#1275,.T.);
#1271 = VERTEX_POINT('',#1272);
#1272 = CARTESIAN_POINT('',(-1.875,-2.2375,1.025));
#1273 = VERTEX_POINT('',#1274);
#1274 = CARTESIAN_POINT('',(-1.875,-2.11,1.025));
#1275 = LINE('',#1276,#1277);
#1276 = CARTESIAN_POINT('',(-1.875,-2.2375,1.025));
#1277 = VECTOR('',#1278,1.);
#1278 = DIRECTION('',(-1.110223024625E-16,1.,0.));
#1279 = ORIENTED_EDGE('',*,*,#1280,.T.);
#1280 = EDGE_CURVE('',#1273,#1281,#1283,.T.);
#1281 = VERTEX_POINT('',#1282);
#1282 = CARTESIAN_POINT('',(-1.875,-1.7,1.025));
#1283 = LINE('',#1284,#1285);
#1284 = CARTESIAN_POINT('',(-1.875,-2.2375,1.025));
#1285 = VECTOR('',#1286,1.);
#1286 = DIRECTION('',(-1.110223024625E-16,1.,0.));
#1287 = ORIENTED_EDGE('',*,*,#1288,.T.);
#1288 = EDGE_CURVE('',#1281,#1289,#1291,.T.);
#1289 = VERTEX_POINT('',#1290);
#1290 = CARTESIAN_POINT('',(-1.875,-0.84,1.025));
#1291 = LINE('',#1292,#1293);
#1292 = CARTESIAN_POINT('',(-1.875,-2.2375,1.025));
#1293 = VECTOR('',#1294,1.);
#1294 = DIRECTION('',(-1.110223024625E-16,1.,0.));
#1295 = ORIENTED_EDGE('',*,*,#1296,.T.);
#1296 = EDGE_CURVE('',#1289,#1297,#1299,.T.);
#1297 = VERTEX_POINT('',#1298);
#1298 = CARTESIAN_POINT('',(-1.875,-0.43,1.025));
#1299 = LINE('',#1300,#1301);
#1300 = CARTESIAN_POINT('',(-1.875,-2.2375,1.025));
#1301 = VECTOR('',#1302,1.);
#1302 = DIRECTION('',(-1.110223024625E-16,1.,0.));
#1303 = ORIENTED_EDGE('',*,*,#1304,.T.);
#1304 = EDGE_CURVE('',#1297,#1305,#1307,.T.);
#1305 = VERTEX_POINT('',#1306);
#1306 = CARTESIAN_POINT('',(-1.875,0.43,1.025));
#1307 = LINE('',#1308,#1309);
#1308 = CARTESIAN_POINT('',(-1.875,-2.2375,1.025));
#1309 = VECTOR('',#1310,1.);
#1310 = DIRECTION('',(-1.110223024625E-16,1.,0.));
#1311 = ORIENTED_EDGE('',*,*,#1312,.T.);
#1312 = EDGE_CURVE('',#1305,#1313,#1315,.T.);
#1313 = VERTEX_POINT('',#1314);
#1314 = CARTESIAN_POINT('',(-1.875,0.84,1.025));
#1315 = LINE('',#1316,#1317);
#1316 = CARTESIAN_POINT('',(-1.875,-2.2375,1.025));
#1317 = VECTOR('',#1318,1.);
#1318 = DIRECTION('',(-1.110223024625E-16,1.,0.));
#1319 = ORIENTED_EDGE('',*,*,#1320,.T.);
#1320 = EDGE_CURVE('',#1313,#1249,#1321,.T.);
#1321 = LINE('',#1322,#1323);
#1322 = CARTESIAN_POINT('',(-1.875,-2.2375,1.025));
#1323 = VECTOR('',#1324,1.);
#1324 = DIRECTION('',(-1.110223024625E-16,1.,0.));
#1325 = ORIENTED_EDGE('',*,*,#1248,.T.);
#1326 = ORIENTED_EDGE('',*,*,#588,.T.);
#1327 = ORIENTED_EDGE('',*,*,#1328,.T.);
#1328 = EDGE_CURVE('',#581,#1329,#1331,.T.);
#1329 = VERTEX_POINT('',#1330);
#1330 = CARTESIAN_POINT('',(-1.760171280765,2.180085640382,1.75));
#1331 = B_SPLINE_CURVE_WITH_KNOTS('',1,(#1332,#1333),.UNSPECIFIED.,.F.,
  .F.,(2,2),(0.,1.),.PIECEWISE_BEZIER_KNOTS.);
#1332 = CARTESIAN_POINT('',(-1.875,2.2375,1.025));
#1333 = CARTESIAN_POINT('',(-1.760171280765,2.180085640382,1.75));
#1334 = ORIENTED_EDGE('',*,*,#1335,.F.);
#1335 = EDGE_CURVE('',#1336,#1329,#1338,.T.);
#1336 = VERTEX_POINT('',#1337);
#1337 = CARTESIAN_POINT('',(-1.760171280765,-2.180085640382,1.75));
#1338 = LINE('',#1339,#1340);
#1339 = CARTESIAN_POINT('',(-1.760171280765,-2.180085640382,1.75));
#1340 = VECTOR('',#1341,1.);
#1341 = DIRECTION('',(-1.110223024625E-16,1.,0.));
#1342 = ORIENTED_EDGE('',*,*,#1343,.F.);
#1343 = EDGE_CURVE('',#1271,#1336,#1344,.T.);
#1344 = B_SPLINE_CURVE_WITH_KNOTS('',1,(#1345,#1346),.UNSPECIFIED.,.F.,
  .F.,(2,2),(0.,1.),.PIECEWISE_BEZIER_KNOTS.);
#1345 = CARTESIAN_POINT('',(-1.875,-2.2375,1.025));
#1346 = CARTESIAN_POINT('',(-1.760171280765,-2.180085640382,1.75));
#1347 = B_SPLINE_SURFACE_WITH_KNOTS('',1,1,(
    (#1348,#1349)
    ,(#1350,#1351
    )),.UNSPECIFIED.,.F.,.F.,.F.,(2,2),(2,2),(0.,4.475),(0.,1.),
  .PIECEWISE_BEZIER_KNOTS.);
#1348 = CARTESIAN_POINT('',(-1.875,-2.2375,1.025));
#1349 = CARTESIAN_POINT('',(-1.760171280765,-2.180085640382,1.75));
#1350 = CARTESIAN_POINT('',(-1.875,2.2375,1.025));
#1351 = CARTESIAN_POINT('',(-1.760171280765,2.180085640382,1.75));
#1352 = ADVANCED_FACE('',(#1353),#1370,.F.);
#1353 = FACE_BOUND('',#1354,.F.);
#1354 = EDGE_LOOP('',(#1355,#1356,#1363,#1369));
#1355 = ORIENTED_EDGE('',*,*,#580,.T.);
#1356 = ORIENTED_EDGE('',*,*,#1357,.T.);
#1357 = EDGE_CURVE('',#573,#1358,#1360,.T.);
#1358 = VERTEX_POINT('',#1359);
#1359 = CARTESIAN_POINT('',(-1.680085640382,2.260171280765,1.75));
#1360 = B_SPLINE_CURVE_WITH_KNOTS('',1,(#1361,#1362),.UNSPECIFIED.,.F.,
  .F.,(2,2),(0.,1.),.PIECEWISE_BEZIER_KNOTS.);
#1361 = CARTESIAN_POINT('',(-1.7375,2.375,1.025));
#1362 = CARTESIAN_POINT('',(-1.680085640382,2.260171280765,1.75));
#1363 = ORIENTED_EDGE('',*,*,#1364,.F.);
#1364 = EDGE_CURVE('',#1329,#1358,#1365,.T.);
#1365 = LINE('',#1366,#1367);
#1366 = CARTESIAN_POINT('',(-1.760171280765,2.180085640382,1.75));
#1367 = VECTOR('',#1368,1.);
#1368 = DIRECTION('',(0.707106781187,0.707106781187,0.));
#1369 = ORIENTED_EDGE('',*,*,#1328,.F.);
#1370 = B_SPLINE_SURFACE_WITH_KNOTS('',1,1,(
    (#1371,#1372)
    ,(#1373,#1374
    )),.UNSPECIFIED.,.F.,.F.,.F.,(2,2),(2,2),(0.,0.194454364826),(0.,1.)
  ,.PIECEWISE_BEZIER_KNOTS.);
#1371 = CARTESIAN_POINT('',(-1.875,2.2375,1.025));
#1372 = CARTESIAN_POINT('',(-1.760171280765,2.180085640382,1.75));
#1373 = CARTESIAN_POINT('',(-1.7375,2.375,1.025));
#1374 = CARTESIAN_POINT('',(-1.680085640382,2.260171280765,1.75));
#1375 = ADVANCED_FACE('',(#1376),#1393,.F.);
#1376 = FACE_BOUND('',#1377,.F.);
#1377 = EDGE_LOOP('',(#1378,#1379,#1386,#1392));
#1378 = ORIENTED_EDGE('',*,*,#572,.T.);
#1379 = ORIENTED_EDGE('',*,*,#1380,.T.);
#1380 = EDGE_CURVE('',#565,#1381,#1383,.T.);
#1381 = VERTEX_POINT('',#1382);
#1382 = CARTESIAN_POINT('',(1.680085640382,2.260171280765,1.75));
#1383 = B_SPLINE_CURVE_WITH_KNOTS('',1,(#1384,#1385),.UNSPECIFIED.,.F.,
  .F.,(2,2),(0.,1.),.PIECEWISE_BEZIER_KNOTS.);
#1384 = CARTESIAN_POINT('',(1.7375,2.375,1.025));
#1385 = CARTESIAN_POINT('',(1.680085640382,2.260171280765,1.75));
#1386 = ORIENTED_EDGE('',*,*,#1387,.F.);
#1387 = EDGE_CURVE('',#1358,#1381,#1388,.T.);
#1388 = LINE('',#1389,#1390);
#1389 = CARTESIAN_POINT('',(-1.680085640382,2.260171280765,1.75));
#1390 = VECTOR('',#1391,1.);
#1391 = DIRECTION('',(1.,1.110223024625E-16,0.));
#1392 = ORIENTED_EDGE('',*,*,#1357,.F.);
#1393 = B_SPLINE_SURFACE_WITH_KNOTS('',1,1,(
    (#1394,#1395)
    ,(#1396,#1397
    )),.UNSPECIFIED.,.F.,.F.,.F.,(2,2),(2,2),(0.,3.475),(0.,1.),
  .PIECEWISE_BEZIER_KNOTS.);
#1394 = CARTESIAN_POINT('',(-1.7375,2.375,1.025));
#1395 = CARTESIAN_POINT('',(-1.680085640382,2.260171280765,1.75));
#1396 = CARTESIAN_POINT('',(1.7375,2.375,1.025));
#1397 = CARTESIAN_POINT('',(1.680085640382,2.260171280765,1.75));
#1398 = ADVANCED_FACE('',(#1399),#1416,.F.);
#1399 = FACE_BOUND('',#1400,.F.);
#1400 = EDGE_LOOP('',(#1401,#1402,#1409,#1415));
#1401 = ORIENTED_EDGE('',*,*,#564,.T.);
#1402 = ORIENTED_EDGE('',*,*,#1403,.T.);
#1403 = EDGE_CURVE('',#557,#1404,#1406,.T.);
#1404 = VERTEX_POINT('',#1405);
#1405 = CARTESIAN_POINT('',(1.760171280765,2.180085640382,1.75));
#1406 = B_SPLINE_CURVE_WITH_KNOTS('',1,(#1407,#1408),.UNSPECIFIED.,.F.,
  .F.,(2,2),(0.,1.),.PIECEWISE_BEZIER_KNOTS.);
#1407 = CARTESIAN_POINT('',(1.875,2.2375,1.025));
#1408 = CARTESIAN_POINT('',(1.760171280765,2.180085640382,1.75));
#1409 = ORIENTED_EDGE('',*,*,#1410,.F.);
#1410 = EDGE_CURVE('',#1381,#1404,#1411,.T.);
#1411 = LINE('',#1412,#1413);
#1412 = CARTESIAN_POINT('',(1.680085640382,2.260171280765,1.75));
#1413 = VECTOR('',#1414,1.);
#1414 = DIRECTION('',(0.707106781187,-0.707106781187,0.));
#1415 = ORIENTED_EDGE('',*,*,#1380,.F.);
#1416 = B_SPLINE_SURFACE_WITH_KNOTS('',1,1,(
    (#1417,#1418)
    ,(#1419,#1420
    )),.UNSPECIFIED.,.F.,.F.,.F.,(2,2),(2,2),(0.,0.194454364826),(0.,1.)
  ,.PIECEWISE_BEZIER_KNOTS.);
#1417 = CARTESIAN_POINT('',(1.7375,2.375,1.025));
#1418 = CARTESIAN_POINT('',(1.680085640382,2.260171280765,1.75));
#1419 = CARTESIAN_POINT('',(1.875,2.2375,1.025));
#1420 = CARTESIAN_POINT('',(1.760171280765,2.180085640382,1.75));
#1421 = ADVANCED_FACE('',(#1422),#1503,.F.);
#1422 = FACE_BOUND('',#1423,.F.);
#1423 = EDGE_LOOP('',(#1424,#1425,#1433,#1441,#1449,#1457,#1465,#1473,
    #1481,#1489,#1496,#1502));
#1424 = ORIENTED_EDGE('',*,*,#556,.T.);
#1425 = ORIENTED_EDGE('',*,*,#1426,.T.);
#1426 = EDGE_CURVE('',#549,#1427,#1429,.T.);
#1427 = VERTEX_POINT('',#1428);
#1428 = CARTESIAN_POINT('',(1.875,1.7,1.025));
#1429 = LINE('',#1430,#1431);
#1430 = CARTESIAN_POINT('',(1.875,2.2375,1.025));
#1431 = VECTOR('',#1432,1.);
#1432 = DIRECTION('',(1.110223024625E-16,-1.,0.));
#1433 = ORIENTED_EDGE('',*,*,#1434,.T.);
#1434 = EDGE_CURVE('',#1427,#1435,#1437,.T.);
#1435 = VERTEX_POINT('',#1436);
#1436 = CARTESIAN_POINT('',(1.875,0.84,1.025));
#1437 = LINE('',#1438,#1439);
#1438 = CARTESIAN_POINT('',(1.875,2.2375,1.025));
#1439 = VECTOR('',#1440,1.);
#1440 = DIRECTION('',(1.110223024625E-16,-1.,0.));
#1441 = ORIENTED_EDGE('',*,*,#1442,.T.);
#1442 = EDGE_CURVE('',#1435,#1443,#1445,.T.);
#1443 = VERTEX_POINT('',#1444);
#1444 = CARTESIAN_POINT('',(1.875,0.43,1.025));
#1445 = LINE('',#1446,#1447);
#1446 = CARTESIAN_POINT('',(1.875,2.2375,1.025));
#1447 = VECTOR('',#1448,1.);
#1448 = DIRECTION('',(1.110223024625E-16,-1.,0.));
#1449 = ORIENTED_EDGE('',*,*,#1450,.T.);
#1450 = EDGE_CURVE('',#1443,#1451,#1453,.T.);
#1451 = VERTEX_POINT('',#1452);
#1452 = CARTESIAN_POINT('',(1.875,-0.43,1.025));
#1453 = LINE('',#1454,#1455);
#1454 = CARTESIAN_POINT('',(1.875,2.2375,1.025));
#1455 = VECTOR('',#1456,1.);
#1456 = DIRECTION('',(1.110223024625E-16,-1.,0.));
#1457 = ORIENTED_EDGE('',*,*,#1458,.T.);
#1458 = EDGE_CURVE('',#1451,#1459,#1461,.T.);
#1459 = VERTEX_POINT('',#1460);
#1460 = CARTESIAN_POINT('',(1.875,-0.84,1.025));
#1461 = LINE('',#1462,#1463);
#1462 = CARTESIAN_POINT('',(1.875,2.2375,1.025));
#1463 = VECTOR('',#1464,1.);
#1464 = DIRECTION('',(1.110223024625E-16,-1.,0.));
#1465 = ORIENTED_EDGE('',*,*,#1466,.T.);
#1466 = EDGE_CURVE('',#1459,#1467,#1469,.T.);
#1467 = VERTEX_POINT('',#1468);
#1468 = CARTESIAN_POINT('',(1.875,-1.7,1.025));
#1469 = LINE('',#1470,#1471);
#1470 = CARTESIAN_POINT('',(1.875,2.2375,1.025));
#1471 = VECTOR('',#1472,1.);
#1472 = DIRECTION('',(1.110223024625E-16,-1.,0.));
#1473 = ORIENTED_EDGE('',*,*,#1474,.T.);
#1474 = EDGE_CURVE('',#1467,#1475,#1477,.T.);
#1475 = VERTEX_POINT('',#1476);
#1476 = CARTESIAN_POINT('',(1.875,-2.11,1.025));
#1477 = LINE('',#1478,#1479);
#1478 = CARTESIAN_POINT('',(1.875,2.2375,1.025));
#1479 = VECTOR('',#1480,1.);
#1480 = DIRECTION('',(1.110223024625E-16,-1.,0.));
#1481 = ORIENTED_EDGE('',*,*,#1482,.T.);
#1482 = EDGE_CURVE('',#1475,#1483,#1485,.T.);
#1483 = VERTEX_POINT('',#1484);
#1484 = CARTESIAN_POINT('',(1.875,-2.2375,1.025));
#1485 = LINE('',#1486,#1487);
#1486 = CARTESIAN_POINT('',(1.875,2.2375,1.025));
#1487 = VECTOR('',#1488,1.);
#1488 = DIRECTION('',(1.110223024625E-16,-1.,0.));
#1489 = ORIENTED_EDGE('',*,*,#1490,.T.);
#1490 = EDGE_CURVE('',#1483,#1491,#1493,.T.);
#1491 = VERTEX_POINT('',#1492);
#1492 = CARTESIAN_POINT('',(1.760171280765,-2.180085640382,1.75));
#1493 = B_SPLINE_CURVE_WITH_KNOTS('',1,(#1494,#1495),.UNSPECIFIED.,.F.,
  .F.,(2,2),(0.,1.),.PIECEWISE_BEZIER_KNOTS.);
#1494 = CARTESIAN_POINT('',(1.875,-2.2375,1.025));
#1495 = CARTESIAN_POINT('',(1.760171280765,-2.180085640382,1.75));
#1496 = ORIENTED_EDGE('',*,*,#1497,.F.);
#1497 = EDGE_CURVE('',#1404,#1491,#1498,.T.);
#1498 = LINE('',#1499,#1500);
#1499 = CARTESIAN_POINT('',(1.760171280765,2.180085640382,1.75));
#1500 = VECTOR('',#1501,1.);
#1501 = DIRECTION('',(1.110223024625E-16,-1.,0.));
#1502 = ORIENTED_EDGE('',*,*,#1403,.F.);
#1503 = B_SPLINE_SURFACE_WITH_KNOTS('',1,1,(
    (#1504,#1505)
    ,(#1506,#1507
    )),.UNSPECIFIED.,.F.,.F.,.F.,(2,2),(2,2),(0.,4.475),(0.,1.),
  .PIECEWISE_BEZIER_KNOTS.);
#1504 = CARTESIAN_POINT('',(1.875,2.2375,1.025));
#1505 = CARTESIAN_POINT('',(1.760171280765,2.180085640382,1.75));
#1506 = CARTESIAN_POINT('',(1.875,-2.2375,1.025));
#1507 = CARTESIAN_POINT('',(1.760171280765,-2.180085640382,1.75));
#1508 = ADVANCED_FACE('',(#1509),#1541,.F.);
#1509 = FACE_BOUND('',#1510,.F.);
#1510 = EDGE_LOOP('',(#1511,#1519,#1527,#1533,#1539,#1540));
#1511 = ORIENTED_EDGE('',*,*,#1512,.F.);
#1512 = EDGE_CURVE('',#1513,#541,#1515,.T.);
#1513 = VERTEX_POINT('',#1514);
#1514 = CARTESIAN_POINT('',(2.25,2.11,1.025));
#1515 = LINE('',#1516,#1517);
#1516 = CARTESIAN_POINT('',(2.25,2.11,1.025));
#1517 = VECTOR('',#1518,1.);
#1518 = DIRECTION('',(-1.,-1.110223024625E-16,0.));
#1519 = ORIENTED_EDGE('',*,*,#1520,.T.);
#1520 = EDGE_CURVE('',#1513,#1521,#1523,.T.);
#1521 = VERTEX_POINT('',#1522);
#1522 = CARTESIAN_POINT('',(2.25,1.7,1.025));
#1523 = LINE('',#1524,#1525);
#1524 = CARTESIAN_POINT('',(2.25,2.11,1.025));
#1525 = VECTOR('',#1526,1.);
#1526 = DIRECTION('',(1.110223024625E-16,-1.,0.));
#1527 = ORIENTED_EDGE('',*,*,#1528,.T.);
#1528 = EDGE_CURVE('',#1521,#947,#1529,.T.);
#1529 = LINE('',#1530,#1531);
#1530 = CARTESIAN_POINT('',(2.25,1.7,1.025));
#1531 = VECTOR('',#1532,1.);
#1532 = DIRECTION('',(-1.,-1.110223024625E-16,0.));
#1533 = ORIENTED_EDGE('',*,*,#1534,.T.);
#1534 = EDGE_CURVE('',#947,#1427,#1535,.T.);
#1535 = LINE('',#1536,#1537);
#1536 = CARTESIAN_POINT('',(2.25,1.7,1.025));
#1537 = VECTOR('',#1538,1.);
#1538 = DIRECTION('',(-1.,-1.110223024625E-16,0.));
#1539 = ORIENTED_EDGE('',*,*,#1426,.F.);
#1540 = ORIENTED_EDGE('',*,*,#548,.F.);
#1541 = PLANE('',#1542);
#1542 = AXIS2_PLACEMENT_3D('',#1543,#1544,#1545);
#1543 = CARTESIAN_POINT('',(2.25,2.11,1.025));
#1544 = DIRECTION('',(0.,0.,-1.));
#1545 = DIRECTION('',(-1.,-1.110223024625E-16,-0.));
#1546 = ADVANCED_FACE('',(#1547),#1590,.F.);
#1547 = FACE_BOUND('',#1548,.F.);
#1548 = EDGE_LOOP('',(#1549,#1550,#1556,#1557,#1565,#1573,#1579,#1580,
    #1586,#1587,#1588,#1589));
#1549 = ORIENTED_EDGE('',*,*,#650,.T.);
#1550 = ORIENTED_EDGE('',*,*,#1551,.T.);
#1551 = EDGE_CURVE('',#643,#1273,#1552,.T.);
#1552 = LINE('',#1553,#1554);
#1553 = CARTESIAN_POINT('',(-2.25,-2.11,1.025));
#1554 = VECTOR('',#1555,1.);
#1555 = DIRECTION('',(1.,-1.144237745222E-17,0.));
#1556 = ORIENTED_EDGE('',*,*,#1270,.F.);
#1557 = ORIENTED_EDGE('',*,*,#1558,.F.);
#1558 = EDGE_CURVE('',#1559,#1271,#1561,.T.);
#1559 = VERTEX_POINT('',#1560);
#1560 = CARTESIAN_POINT('',(-1.7375,-2.375,1.025));
#1561 = LINE('',#1562,#1563);
#1562 = CARTESIAN_POINT('',(-1.7375,-2.375,1.025));
#1563 = VECTOR('',#1564,1.);
#1564 = DIRECTION('',(-0.707106781187,0.707106781187,0.));
#1565 = ORIENTED_EDGE('',*,*,#1566,.F.);
#1566 = EDGE_CURVE('',#1567,#1559,#1569,.T.);
#1567 = VERTEX_POINT('',#1568);
#1568 = CARTESIAN_POINT('',(1.7375,-2.375,1.025));
#1569 = LINE('',#1570,#1571);
#1570 = CARTESIAN_POINT('',(1.7375,-2.375,1.025));
#1571 = VECTOR('',#1572,1.);
#1572 = DIRECTION('',(-1.,-1.110223024625E-16,0.));
#1573 = ORIENTED_EDGE('',*,*,#1574,.F.);
#1574 = EDGE_CURVE('',#1483,#1567,#1575,.T.);
#1575 = LINE('',#1576,#1577);
#1576 = CARTESIAN_POINT('',(1.875,-2.2375,1.025));
#1577 = VECTOR('',#1578,1.);
#1578 = DIRECTION('',(-0.707106781187,-0.707106781187,0.));
#1579 = ORIENTED_EDGE('',*,*,#1482,.F.);
#1580 = ORIENTED_EDGE('',*,*,#1581,.F.);
#1581 = EDGE_CURVE('',#1133,#1475,#1582,.T.);
#1582 = LINE('',#1583,#1584);
#1583 = CARTESIAN_POINT('',(2.25,-2.11,1.025));
#1584 = VECTOR('',#1585,1.);
#1585 = DIRECTION('',(-1.,-1.110223024625E-16,0.));
#1586 = ORIENTED_EDGE('',*,*,#1148,.T.);
#1587 = ORIENTED_EDGE('',*,*,#1193,.T.);
#1588 = ORIENTED_EDGE('',*,*,#1210,.T.);
#1589 = ORIENTED_EDGE('',*,*,#1164,.T.);
#1590 = PLANE('',#1591);
#1591 = AXIS2_PLACEMENT_3D('',#1592,#1593,#1594);
#1592 = CARTESIAN_POINT('',(-3.027078129022E-16,2.4125,1.025));
#1593 = DIRECTION('',(2.007919022429E-31,-7.713306628828E-27,-1.));
#1594 = DIRECTION('',(1.,1.112083013911E-16,2.00791902242E-31));
#1595 = ADVANCED_FACE('',(#1596),#1682,.F.);
#1596 = FACE_BOUND('',#1597,.F.);
#1597 = EDGE_LOOP('',(#1598,#1599,#1600,#1609,#1617,#1626,#1634,#1642,
    #1650,#1659,#1667,#1676));
#1598 = ORIENTED_EDGE('',*,*,#642,.F.);
#1599 = ORIENTED_EDGE('',*,*,#664,.T.);
#1600 = ORIENTED_EDGE('',*,*,#1601,.T.);
#1601 = EDGE_CURVE('',#665,#1602,#1604,.T.);
#1602 = VERTEX_POINT('',#1603);
#1603 = CARTESIAN_POINT('',(-2.348480775301,-2.11,0.742364817767));
#1604 = CIRCLE('',#1605,0.1);
#1605 = AXIS2_PLACEMENT_3D('',#1606,#1607,#1608);
#1606 = CARTESIAN_POINT('',(-2.25,-2.11,0.725));
#1607 = DIRECTION('',(-1.144237745222E-17,-1.,3.284293275761E-47));
#1608 = DIRECTION('',(-4.440892098501E-15,5.081436361563E-32,1.));
#1609 = ORIENTED_EDGE('',*,*,#1610,.T.);
#1610 = EDGE_CURVE('',#1602,#1611,#1613,.T.);
#1611 = VERTEX_POINT('',#1612);
#1612 = CARTESIAN_POINT('',(-2.429496640897,-2.11,0.2479055467));
#1613 = LINE('',#1614,#1615);
#1614 = CARTESIAN_POINT('',(-2.348480775301,-2.11,0.742364817767));
#1615 = VECTOR('',#1616,1.);
#1616 = DIRECTION('',(-0.161691392282,1.85013394127E-18,-0.986841372087)
  );
#1617 = ORIENTED_EDGE('',*,*,#1618,.T.);
#1618 = EDGE_CURVE('',#1611,#1619,#1621,.T.);
#1619 = VERTEX_POINT('',#1620);
#1620 = CARTESIAN_POINT('',(-2.724938966801,-2.11,-1.665334536938E-16));
#1621 = CIRCLE('',#1622,0.3);
#1622 = AXIS2_PLACEMENT_3D('',#1623,#1624,#1625);
#1623 = CARTESIAN_POINT('',(-2.724938966801,-2.11,0.3));
#1624 = DIRECTION('',(1.144237745222E-17,1.,7.703719777549E-34));
#1625 = DIRECTION('',(0.984807753012,-1.126854202784E-17,-0.173648177667
    ));
#1626 = ORIENTED_EDGE('',*,*,#1627,.T.);
#1627 = EDGE_CURVE('',#1619,#1628,#1630,.T.);
#1628 = VERTEX_POINT('',#1629);
#1629 = CARTESIAN_POINT('',(-3.,-2.11,-1.665334536938E-16));
#1630 = LINE('',#1631,#1632);
#1631 = CARTESIAN_POINT('',(-2.724938966801,-2.11,-1.665334536938E-16));
#1632 = VECTOR('',#1633,1.);
#1633 = DIRECTION('',(-1.,1.144237745222E-17,0.));
#1634 = ORIENTED_EDGE('',*,*,#1635,.T.);
#1635 = EDGE_CURVE('',#1628,#1636,#1638,.T.);
#1636 = VERTEX_POINT('',#1637);
#1637 = CARTESIAN_POINT('',(-3.,-2.11,0.2));
#1638 = LINE('',#1639,#1640);
#1639 = CARTESIAN_POINT('',(-3.,-2.11,-1.665334536938E-16));
#1640 = VECTOR('',#1641,1.);
#1641 = DIRECTION('',(0.,0.,1.));
#1642 = ORIENTED_EDGE('',*,*,#1643,.T.);
#1643 = EDGE_CURVE('',#1636,#1644,#1646,.T.);
#1644 = VERTEX_POINT('',#1645);
#1645 = CARTESIAN_POINT('',(-2.724938966801,-2.11,0.2));
#1646 = LINE('',#1647,#1648);
#1647 = CARTESIAN_POINT('',(-3.,-2.11,0.2));
#1648 = VECTOR('',#1649,1.);
#1649 = DIRECTION('',(1.,-1.144237745222E-17,0.));
#1650 = ORIENTED_EDGE('',*,*,#1651,.T.);
#1651 = EDGE_CURVE('',#1644,#1652,#1654,.T.);
#1652 = VERTEX_POINT('',#1653);
#1653 = CARTESIAN_POINT('',(-2.6264581915,-2.11,0.282635182233));
#1654 = CIRCLE('',#1655,0.1);
#1655 = AXIS2_PLACEMENT_3D('',#1656,#1657,#1658);
#1656 = CARTESIAN_POINT('',(-2.724938966801,-2.11,0.3));
#1657 = DIRECTION('',(-1.144237745222E-17,-1.,-0.));
#1658 = DIRECTION('',(0.,0.,-1.));
#1659 = ORIENTED_EDGE('',*,*,#1660,.T.);
#1660 = EDGE_CURVE('',#1652,#1661,#1663,.T.);
#1661 = VERTEX_POINT('',#1662);
#1662 = CARTESIAN_POINT('',(-2.545442325904,-2.11,0.7770944533));
#1663 = LINE('',#1664,#1665);
#1664 = CARTESIAN_POINT('',(-2.6264581915,-2.11,0.282635182233));
#1665 = VECTOR('',#1666,1.);
#1666 = DIRECTION('',(0.161691392282,-1.85013394127E-18,0.986841372087)
  );
#1667 = ORIENTED_EDGE('',*,*,#1668,.T.);
#1668 = EDGE_CURVE('',#1661,#1669,#1671,.T.);
#1669 = VERTEX_POINT('',#1670);
#1670 = CARTESIAN_POINT('',(-2.25,-2.11,1.025));
#1671 = CIRCLE('',#1672,0.3);
#1672 = AXIS2_PLACEMENT_3D('',#1673,#1674,#1675);
#1673 = CARTESIAN_POINT('',(-2.25,-2.11,0.725));
#1674 = DIRECTION('',(1.144237745222E-17,1.,7.703719777549E-34));
#1675 = DIRECTION('',(-0.984807753012,1.126854202784E-17,0.173648177667)
  );
#1676 = ORIENTED_EDGE('',*,*,#1677,.T.);
#1677 = EDGE_CURVE('',#1669,#643,#1678,.T.);
#1678 = LINE('',#1679,#1680);
#1679 = CARTESIAN_POINT('',(-2.25,-2.11,1.025));
#1680 = VECTOR('',#1681,1.);
#1681 = DIRECTION('',(1.,-1.144237745222E-17,0.));
#1682 = PLANE('',#1683);
#1683 = AXIS2_PLACEMENT_3D('',#1684,#1685,#1686);
#1684 = CARTESIAN_POINT('',(-2.42560961319,-2.11,0.548953137803));
#1685 = DIRECTION('',(1.144237745222E-17,1.,0.));
#1686 = DIRECTION('',(0.,-0.,1.));
#1687 = ADVANCED_FACE('',(#1688),#1707,.F.);
#1688 = FACE_BOUND('',#1689,.F.);
#1689 = EDGE_LOOP('',(#1690,#1691,#1700,#1706));
#1690 = ORIENTED_EDGE('',*,*,#681,.T.);
#1691 = ORIENTED_EDGE('',*,*,#1692,.T.);
#1692 = EDGE_CURVE('',#674,#1693,#1695,.T.);
#1693 = VERTEX_POINT('',#1694);
#1694 = CARTESIAN_POINT('',(-2.348480775301,-1.7,0.742364817767));
#1695 = CIRCLE('',#1696,0.1);
#1696 = AXIS2_PLACEMENT_3D('',#1697,#1698,#1699);
#1697 = CARTESIAN_POINT('',(-2.25,-1.7,0.725));
#1698 = DIRECTION('',(-1.144237745222E-17,-1.,3.284293275761E-47));
#1699 = DIRECTION('',(-4.440892098501E-15,5.081436361563E-32,1.));
#1700 = ORIENTED_EDGE('',*,*,#1701,.F.);
#1701 = EDGE_CURVE('',#1602,#1693,#1702,.T.);
#1702 = LINE('',#1703,#1704);
#1703 = CARTESIAN_POINT('',(-2.348480775301,-2.11,0.742364817767));
#1704 = VECTOR('',#1705,1.);
#1705 = DIRECTION('',(1.144237745222E-17,1.,0.));
#1706 = ORIENTED_EDGE('',*,*,#1601,.F.);
#1707 = CYLINDRICAL_SURFACE('',#1708,0.1);
#1708 = AXIS2_PLACEMENT_3D('',#1709,#1710,#1711);
#1709 = CARTESIAN_POINT('',(-2.25,-2.11,0.725));
#1710 = DIRECTION('',(-1.144237745222E-17,-1.,0.));
#1711 = DIRECTION('',(-4.440892098501E-15,5.081436361563E-32,1.));
#1712 = ADVANCED_FACE('',(#1713),#1791,.T.);
#1713 = FACE_BOUND('',#1714,.T.);
#1714 = EDGE_LOOP('',(#1715,#1716,#1717,#1718,#1726,#1735,#1743,#1751,
    #1759,#1768,#1776,#1785));
#1715 = ORIENTED_EDGE('',*,*,#695,.F.);
#1716 = ORIENTED_EDGE('',*,*,#673,.T.);
#1717 = ORIENTED_EDGE('',*,*,#1692,.T.);
#1718 = ORIENTED_EDGE('',*,*,#1719,.T.);
#1719 = EDGE_CURVE('',#1693,#1720,#1722,.T.);
#1720 = VERTEX_POINT('',#1721);
#1721 = CARTESIAN_POINT('',(-2.429496640897,-1.7,0.2479055467));
#1722 = LINE('',#1723,#1724);
#1723 = CARTESIAN_POINT('',(-2.348480775301,-1.7,0.742364817767));
#1724 = VECTOR('',#1725,1.);
#1725 = DIRECTION('',(-0.161691392282,1.85013394127E-18,-0.986841372087)
  );
#1726 = ORIENTED_EDGE('',*,*,#1727,.T.);
#1727 = EDGE_CURVE('',#1720,#1728,#1730,.T.);
#1728 = VERTEX_POINT('',#1729);
#1729 = CARTESIAN_POINT('',(-2.724938966801,-1.7,-1.665334536938E-16));
#1730 = CIRCLE('',#1731,0.3);
#1731 = AXIS2_PLACEMENT_3D('',#1732,#1733,#1734);
#1732 = CARTESIAN_POINT('',(-2.724938966801,-1.7,0.3));
#1733 = DIRECTION('',(1.144237745222E-17,1.,7.703719777549E-34));
#1734 = DIRECTION('',(0.984807753012,-1.126854202784E-17,-0.173648177667
    ));
#1735 = ORIENTED_EDGE('',*,*,#1736,.T.);
#1736 = EDGE_CURVE('',#1728,#1737,#1739,.T.);
#1737 = VERTEX_POINT('',#1738);
#1738 = CARTESIAN_POINT('',(-3.,-1.7,-1.665334536938E-16));
#1739 = LINE('',#1740,#1741);
#1740 = CARTESIAN_POINT('',(-2.724938966801,-1.7,-1.665334536938E-16));
#1741 = VECTOR('',#1742,1.);
#1742 = DIRECTION('',(-1.,1.144237745222E-17,0.));
#1743 = ORIENTED_EDGE('',*,*,#1744,.T.);
#1744 = EDGE_CURVE('',#1737,#1745,#1747,.T.);
#1745 = VERTEX_POINT('',#1746);
#1746 = CARTESIAN_POINT('',(-3.,-1.7,0.2));
#1747 = LINE('',#1748,#1749);
#1748 = CARTESIAN_POINT('',(-3.,-1.7,-1.665334536938E-16));
#1749 = VECTOR('',#1750,1.);
#1750 = DIRECTION('',(0.,0.,1.));
#1751 = ORIENTED_EDGE('',*,*,#1752,.T.);
#1752 = EDGE_CURVE('',#1745,#1753,#1755,.T.);
#1753 = VERTEX_POINT('',#1754);
#1754 = CARTESIAN_POINT('',(-2.724938966801,-1.7,0.2));
#1755 = LINE('',#1756,#1757);
#1756 = CARTESIAN_POINT('',(-3.,-1.7,0.2));
#1757 = VECTOR('',#1758,1.);
#1758 = DIRECTION('',(1.,-1.144237745222E-17,0.));
#1759 = ORIENTED_EDGE('',*,*,#1760,.T.);
#1760 = EDGE_CURVE('',#1753,#1761,#1763,.T.);
#1761 = VERTEX_POINT('',#1762);
#1762 = CARTESIAN_POINT('',(-2.6264581915,-1.7,0.282635182233));
#1763 = CIRCLE('',#1764,0.1);
#1764 = AXIS2_PLACEMENT_3D('',#1765,#1766,#1767);
#1765 = CARTESIAN_POINT('',(-2.724938966801,-1.7,0.3));
#1766 = DIRECTION('',(-1.144237745222E-17,-1.,-0.));
#1767 = DIRECTION('',(0.,0.,-1.));
#1768 = ORIENTED_EDGE('',*,*,#1769,.T.);
#1769 = EDGE_CURVE('',#1761,#1770,#1772,.T.);
#1770 = VERTEX_POINT('',#1771);
#1771 = CARTESIAN_POINT('',(-2.545442325904,-1.7,0.7770944533));
#1772 = LINE('',#1773,#1774);
#1773 = CARTESIAN_POINT('',(-2.6264581915,-1.7,0.282635182233));
#1774 = VECTOR('',#1775,1.);
#1775 = DIRECTION('',(0.161691392282,-1.85013394127E-18,0.986841372087)
  );
#1776 = ORIENTED_EDGE('',*,*,#1777,.T.);
#1777 = EDGE_CURVE('',#1770,#1778,#1780,.T.);
#1778 = VERTEX_POINT('',#1779);
#1779 = CARTESIAN_POINT('',(-2.25,-1.7,1.025));
#1780 = CIRCLE('',#1781,0.3);
#1781 = AXIS2_PLACEMENT_3D('',#1782,#1783,#1784);
#1782 = CARTESIAN_POINT('',(-2.25,-1.7,0.725));
#1783 = DIRECTION('',(1.144237745222E-17,1.,7.703719777549E-34));
#1784 = DIRECTION('',(-0.984807753012,1.126854202784E-17,0.173648177667)
  );
#1785 = ORIENTED_EDGE('',*,*,#1786,.T.);
#1786 = EDGE_CURVE('',#1778,#696,#1787,.T.);
#1787 = LINE('',#1788,#1789);
#1788 = CARTESIAN_POINT('',(-2.25,-1.7,1.025));
#1789 = VECTOR('',#1790,1.);
#1790 = DIRECTION('',(1.,-1.144237745222E-17,0.));
#1791 = PLANE('',#1792);
#1792 = AXIS2_PLACEMENT_3D('',#1793,#1794,#1795);
#1793 = CARTESIAN_POINT('',(-2.42560961319,-1.7,0.548953137803));
#1794 = DIRECTION('',(1.144237745222E-17,1.,0.));
#1795 = DIRECTION('',(0.,-0.,1.));
#1796 = ADVANCED_FACE('',(#1797),#1813,.F.);
#1797 = FACE_BOUND('',#1798,.F.);
#1798 = EDGE_LOOP('',(#1799,#1800,#1806,#1807));
#1799 = ORIENTED_EDGE('',*,*,#712,.T.);
#1800 = ORIENTED_EDGE('',*,*,#1801,.T.);
#1801 = EDGE_CURVE('',#705,#1289,#1802,.T.);
#1802 = LINE('',#1803,#1804);
#1803 = CARTESIAN_POINT('',(-2.25,-0.84,1.025));
#1804 = VECTOR('',#1805,1.);
#1805 = DIRECTION('',(1.,-1.144237745222E-17,0.));
#1806 = ORIENTED_EDGE('',*,*,#1288,.F.);
#1807 = ORIENTED_EDGE('',*,*,#1808,.F.);
#1808 = EDGE_CURVE('',#696,#1281,#1809,.T.);
#1809 = LINE('',#1810,#1811);
#1810 = CARTESIAN_POINT('',(-2.25,-1.7,1.025));
#1811 = VECTOR('',#1812,1.);
#1812 = DIRECTION('',(1.,-1.144237745222E-17,0.));
#1813 = PLANE('',#1814);
#1814 = AXIS2_PLACEMENT_3D('',#1815,#1816,#1817);
#1815 = CARTESIAN_POINT('',(-3.027078129022E-16,2.4125,1.025));
#1816 = DIRECTION('',(2.007919022429E-31,-7.713306628828E-27,-1.));
#1817 = DIRECTION('',(1.,1.112083013911E-16,2.00791902242E-31));
#1818 = ADVANCED_FACE('',(#1819),#1905,.F.);
#1819 = FACE_BOUND('',#1820,.F.);
#1820 = EDGE_LOOP('',(#1821,#1822,#1823,#1832,#1840,#1849,#1857,#1865,
    #1873,#1882,#1890,#1899));
#1821 = ORIENTED_EDGE('',*,*,#704,.F.);
#1822 = ORIENTED_EDGE('',*,*,#726,.T.);
#1823 = ORIENTED_EDGE('',*,*,#1824,.T.);
#1824 = EDGE_CURVE('',#727,#1825,#1827,.T.);
#1825 = VERTEX_POINT('',#1826);
#1826 = CARTESIAN_POINT('',(-2.348480775301,-0.84,0.742364817767));
#1827 = CIRCLE('',#1828,0.1);
#1828 = AXIS2_PLACEMENT_3D('',#1829,#1830,#1831);
#1829 = CARTESIAN_POINT('',(-2.25,-0.84,0.725));
#1830 = DIRECTION('',(-1.144237745222E-17,-1.,3.284293275761E-47));
#1831 = DIRECTION('',(-4.440892098501E-15,5.081436361563E-32,1.));
#1832 = ORIENTED_EDGE('',*,*,#1833,.T.);
#1833 = EDGE_CURVE('',#1825,#1834,#1836,.T.);
#1834 = VERTEX_POINT('',#1835);
#1835 = CARTESIAN_POINT('',(-2.429496640897,-0.84,0.2479055467));
#1836 = LINE('',#1837,#1838);
#1837 = CARTESIAN_POINT('',(-2.348480775301,-0.84,0.742364817767));
#1838 = VECTOR('',#1839,1.);
#1839 = DIRECTION('',(-0.161691392282,1.85013394127E-18,-0.986841372087)
  );
#1840 = ORIENTED_EDGE('',*,*,#1841,.T.);
#1841 = EDGE_CURVE('',#1834,#1842,#1844,.T.);
#1842 = VERTEX_POINT('',#1843);
#1843 = CARTESIAN_POINT('',(-2.724938966801,-0.84,-1.665334536938E-16));
#1844 = CIRCLE('',#1845,0.3);
#1845 = AXIS2_PLACEMENT_3D('',#1846,#1847,#1848);
#1846 = CARTESIAN_POINT('',(-2.724938966801,-0.84,0.3));
#1847 = DIRECTION('',(1.144237745222E-17,1.,7.703719777549E-34));
#1848 = DIRECTION('',(0.984807753012,-1.126854202784E-17,-0.173648177667
    ));
#1849 = ORIENTED_EDGE('',*,*,#1850,.T.);
#1850 = EDGE_CURVE('',#1842,#1851,#1853,.T.);
#1851 = VERTEX_POINT('',#1852);
#1852 = CARTESIAN_POINT('',(-3.,-0.84,-1.665334536938E-16));
#1853 = LINE('',#1854,#1855);
#1854 = CARTESIAN_POINT('',(-2.724938966801,-0.84,-1.665334536938E-16));
#1855 = VECTOR('',#1856,1.);
#1856 = DIRECTION('',(-1.,1.144237745222E-17,0.));
#1857 = ORIENTED_EDGE('',*,*,#1858,.T.);
#1858 = EDGE_CURVE('',#1851,#1859,#1861,.T.);
#1859 = VERTEX_POINT('',#1860);
#1860 = CARTESIAN_POINT('',(-3.,-0.84,0.2));
#1861 = LINE('',#1862,#1863);
#1862 = CARTESIAN_POINT('',(-3.,-0.84,-1.665334536938E-16));
#1863 = VECTOR('',#1864,1.);
#1864 = DIRECTION('',(0.,0.,1.));
#1865 = ORIENTED_EDGE('',*,*,#1866,.T.);
#1866 = EDGE_CURVE('',#1859,#1867,#1869,.T.);
#1867 = VERTEX_POINT('',#1868);
#1868 = CARTESIAN_POINT('',(-2.724938966801,-0.84,0.2));
#1869 = LINE('',#1870,#1871);
#1870 = CARTESIAN_POINT('',(-3.,-0.84,0.2));
#1871 = VECTOR('',#1872,1.);
#1872 = DIRECTION('',(1.,-1.144237745222E-17,0.));
#1873 = ORIENTED_EDGE('',*,*,#1874,.T.);
#1874 = EDGE_CURVE('',#1867,#1875,#1877,.T.);
#1875 = VERTEX_POINT('',#1876);
#1876 = CARTESIAN_POINT('',(-2.6264581915,-0.84,0.282635182233));
#1877 = CIRCLE('',#1878,0.1);
#1878 = AXIS2_PLACEMENT_3D('',#1879,#1880,#1881);
#1879 = CARTESIAN_POINT('',(-2.724938966801,-0.84,0.3));
#1880 = DIRECTION('',(-1.144237745222E-17,-1.,-0.));
#1881 = DIRECTION('',(0.,0.,-1.));
#1882 = ORIENTED_EDGE('',*,*,#1883,.T.);
#1883 = EDGE_CURVE('',#1875,#1884,#1886,.T.);
#1884 = VERTEX_POINT('',#1885);
#1885 = CARTESIAN_POINT('',(-2.545442325904,-0.84,0.7770944533));
#1886 = LINE('',#1887,#1888);
#1887 = CARTESIAN_POINT('',(-2.6264581915,-0.84,0.282635182233));
#1888 = VECTOR('',#1889,1.);
#1889 = DIRECTION('',(0.161691392282,-1.85013394127E-18,0.986841372087)
  );
#1890 = ORIENTED_EDGE('',*,*,#1891,.T.);
#1891 = EDGE_CURVE('',#1884,#1892,#1894,.T.);
#1892 = VERTEX_POINT('',#1893);
#1893 = CARTESIAN_POINT('',(-2.25,-0.84,1.025));
#1894 = CIRCLE('',#1895,0.3);
#1895 = AXIS2_PLACEMENT_3D('',#1896,#1897,#1898);
#1896 = CARTESIAN_POINT('',(-2.25,-0.84,0.725));
#1897 = DIRECTION('',(1.144237745222E-17,1.,7.703719777549E-34));
#1898 = DIRECTION('',(-0.984807753012,1.126854202784E-17,0.173648177667)
  );
#1899 = ORIENTED_EDGE('',*,*,#1900,.T.);
#1900 = EDGE_CURVE('',#1892,#705,#1901,.T.);
#1901 = LINE('',#1902,#1903);
#1902 = CARTESIAN_POINT('',(-2.25,-0.84,1.025));
#1903 = VECTOR('',#1904,1.);
#1904 = DIRECTION('',(1.,-1.144237745222E-17,0.));
#1905 = PLANE('',#1906);
#1906 = AXIS2_PLACEMENT_3D('',#1907,#1908,#1909);
#1907 = CARTESIAN_POINT('',(-2.42560961319,-0.84,0.548953137803));
#1908 = DIRECTION('',(1.144237745222E-17,1.,0.));
#1909 = DIRECTION('',(0.,-0.,1.));
#1910 = ADVANCED_FACE('',(#1911),#1930,.F.);
#1911 = FACE_BOUND('',#1912,.F.);
#1912 = EDGE_LOOP('',(#1913,#1914,#1923,#1929));
#1913 = ORIENTED_EDGE('',*,*,#743,.T.);
#1914 = ORIENTED_EDGE('',*,*,#1915,.T.);
#1915 = EDGE_CURVE('',#736,#1916,#1918,.T.);
#1916 = VERTEX_POINT('',#1917);
#1917 = CARTESIAN_POINT('',(-2.348480775301,-0.43,0.742364817767));
#1918 = CIRCLE('',#1919,0.1);
#1919 = AXIS2_PLACEMENT_3D('',#1920,#1921,#1922);
#1920 = CARTESIAN_POINT('',(-2.25,-0.43,0.725));
#1921 = DIRECTION('',(-1.144237745222E-17,-1.,3.284293275761E-47));
#1922 = DIRECTION('',(-4.440892098501E-15,5.081436361563E-32,1.));
#1923 = ORIENTED_EDGE('',*,*,#1924,.F.);
#1924 = EDGE_CURVE('',#1825,#1916,#1925,.T.);
#1925 = LINE('',#1926,#1927);
#1926 = CARTESIAN_POINT('',(-2.348480775301,-0.84,0.742364817767));
#1927 = VECTOR('',#1928,1.);
#1928 = DIRECTION('',(1.144237745222E-17,1.,0.));
#1929 = ORIENTED_EDGE('',*,*,#1824,.F.);
#1930 = CYLINDRICAL_SURFACE('',#1931,0.1);
#1931 = AXIS2_PLACEMENT_3D('',#1932,#1933,#1934);
#1932 = CARTESIAN_POINT('',(-2.25,-0.84,0.725));
#1933 = DIRECTION('',(-1.144237745222E-17,-1.,0.));
#1934 = DIRECTION('',(-4.440892098501E-15,5.081436361563E-32,1.));
#1935 = ADVANCED_FACE('',(#1936),#2014,.T.);
#1936 = FACE_BOUND('',#1937,.T.);
#1937 = EDGE_LOOP('',(#1938,#1939,#1940,#1941,#1949,#1958,#1966,#1974,
    #1982,#1991,#1999,#2008));
#1938 = ORIENTED_EDGE('',*,*,#757,.F.);
#1939 = ORIENTED_EDGE('',*,*,#735,.T.);
#1940 = ORIENTED_EDGE('',*,*,#1915,.T.);
#1941 = ORIENTED_EDGE('',*,*,#1942,.T.);
#1942 = EDGE_CURVE('',#1916,#1943,#1945,.T.);
#1943 = VERTEX_POINT('',#1944);
#1944 = CARTESIAN_POINT('',(-2.429496640897,-0.43,0.2479055467));
#1945 = LINE('',#1946,#1947);
#1946 = CARTESIAN_POINT('',(-2.348480775301,-0.43,0.742364817767));
#1947 = VECTOR('',#1948,1.);
#1948 = DIRECTION('',(-0.161691392282,1.85013394127E-18,-0.986841372087)
  );
#1949 = ORIENTED_EDGE('',*,*,#1950,.T.);
#1950 = EDGE_CURVE('',#1943,#1951,#1953,.T.);
#1951 = VERTEX_POINT('',#1952);
#1952 = CARTESIAN_POINT('',(-2.724938966801,-0.43,-1.665334536938E-16));
#1953 = CIRCLE('',#1954,0.3);
#1954 = AXIS2_PLACEMENT_3D('',#1955,#1956,#1957);
#1955 = CARTESIAN_POINT('',(-2.724938966801,-0.43,0.3));
#1956 = DIRECTION('',(1.144237745222E-17,1.,7.703719777549E-34));
#1957 = DIRECTION('',(0.984807753012,-1.126854202784E-17,-0.173648177667
    ));
#1958 = ORIENTED_EDGE('',*,*,#1959,.T.);
#1959 = EDGE_CURVE('',#1951,#1960,#1962,.T.);
#1960 = VERTEX_POINT('',#1961);
#1961 = CARTESIAN_POINT('',(-3.,-0.43,-1.665334536938E-16));
#1962 = LINE('',#1963,#1964);
#1963 = CARTESIAN_POINT('',(-2.724938966801,-0.43,-1.665334536938E-16));
#1964 = VECTOR('',#1965,1.);
#1965 = DIRECTION('',(-1.,1.144237745222E-17,0.));
#1966 = ORIENTED_EDGE('',*,*,#1967,.T.);
#1967 = EDGE_CURVE('',#1960,#1968,#1970,.T.);
#1968 = VERTEX_POINT('',#1969);
#1969 = CARTESIAN_POINT('',(-3.,-0.43,0.2));
#1970 = LINE('',#1971,#1972);
#1971 = CARTESIAN_POINT('',(-3.,-0.43,-1.665334536938E-16));
#1972 = VECTOR('',#1973,1.);
#1973 = DIRECTION('',(0.,0.,1.));
#1974 = ORIENTED_EDGE('',*,*,#1975,.T.);
#1975 = EDGE_CURVE('',#1968,#1976,#1978,.T.);
#1976 = VERTEX_POINT('',#1977);
#1977 = CARTESIAN_POINT('',(-2.724938966801,-0.43,0.2));
#1978 = LINE('',#1979,#1980);
#1979 = CARTESIAN_POINT('',(-3.,-0.43,0.2));
#1980 = VECTOR('',#1981,1.);
#1981 = DIRECTION('',(1.,-1.144237745222E-17,0.));
#1982 = ORIENTED_EDGE('',*,*,#1983,.T.);
#1983 = EDGE_CURVE('',#1976,#1984,#1986,.T.);
#1984 = VERTEX_POINT('',#1985);
#1985 = CARTESIAN_POINT('',(-2.6264581915,-0.43,0.282635182233));
#1986 = CIRCLE('',#1987,0.1);
#1987 = AXIS2_PLACEMENT_3D('',#1988,#1989,#1990);
#1988 = CARTESIAN_POINT('',(-2.724938966801,-0.43,0.3));
#1989 = DIRECTION('',(-1.144237745222E-17,-1.,-0.));
#1990 = DIRECTION('',(0.,0.,-1.));
#1991 = ORIENTED_EDGE('',*,*,#1992,.T.);
#1992 = EDGE_CURVE('',#1984,#1993,#1995,.T.);
#1993 = VERTEX_POINT('',#1994);
#1994 = CARTESIAN_POINT('',(-2.545442325904,-0.43,0.7770944533));
#1995 = LINE('',#1996,#1997);
#1996 = CARTESIAN_POINT('',(-2.6264581915,-0.43,0.282635182233));
#1997 = VECTOR('',#1998,1.);
#1998 = DIRECTION('',(0.161691392282,-1.85013394127E-18,0.986841372087)
  );
#1999 = ORIENTED_EDGE('',*,*,#2000,.T.);
#2000 = EDGE_CURVE('',#1993,#2001,#2003,.T.);
#2001 = VERTEX_POINT('',#2002);
#2002 = CARTESIAN_POINT('',(-2.25,-0.43,1.025));
#2003 = CIRCLE('',#2004,0.3);
#2004 = AXIS2_PLACEMENT_3D('',#2005,#2006,#2007);
#2005 = CARTESIAN_POINT('',(-2.25,-0.43,0.725));
#2006 = DIRECTION('',(1.144237745222E-17,1.,7.703719777549E-34));
#2007 = DIRECTION('',(-0.984807753012,1.126854202784E-17,0.173648177667)
  );
#2008 = ORIENTED_EDGE('',*,*,#2009,.T.);
#2009 = EDGE_CURVE('',#2001,#758,#2010,.T.);
#2010 = LINE('',#2011,#2012);
#2011 = CARTESIAN_POINT('',(-2.25,-0.43,1.025));
#2012 = VECTOR('',#2013,1.);
#2013 = DIRECTION('',(1.,-1.144237745222E-17,0.));
#2014 = PLANE('',#2015);
#2015 = AXIS2_PLACEMENT_3D('',#2016,#2017,#2018);
#2016 = CARTESIAN_POINT('',(-2.42560961319,-0.43,0.548953137803));
#2017 = DIRECTION('',(1.144237745222E-17,1.,0.));
#2018 = DIRECTION('',(0.,-0.,1.));
#2019 = ADVANCED_FACE('',(#2020),#2036,.F.);
#2020 = FACE_BOUND('',#2021,.F.);
#2021 = EDGE_LOOP('',(#2022,#2023,#2029,#2030));
#2022 = ORIENTED_EDGE('',*,*,#774,.T.);
#2023 = ORIENTED_EDGE('',*,*,#2024,.T.);
#2024 = EDGE_CURVE('',#767,#1305,#2025,.T.);
#2025 = LINE('',#2026,#2027);
#2026 = CARTESIAN_POINT('',(-2.25,0.43,1.025));
#2027 = VECTOR('',#2028,1.);
#2028 = DIRECTION('',(1.,-1.144237745222E-17,0.));
#2029 = ORIENTED_EDGE('',*,*,#1304,.F.);
#2030 = ORIENTED_EDGE('',*,*,#2031,.F.);
#2031 = EDGE_CURVE('',#758,#1297,#2032,.T.);
#2032 = LINE('',#2033,#2034);
#2033 = CARTESIAN_POINT('',(-2.25,-0.43,1.025));
#2034 = VECTOR('',#2035,1.);
#2035 = DIRECTION('',(1.,-1.144237745222E-17,0.));
#2036 = PLANE('',#2037);
#2037 = AXIS2_PLACEMENT_3D('',#2038,#2039,#2040);
#2038 = CARTESIAN_POINT('',(-3.027078129022E-16,2.4125,1.025));
#2039 = DIRECTION('',(2.007919022429E-31,-7.713306628828E-27,-1.));
#2040 = DIRECTION('',(1.,1.112083013911E-16,2.00791902242E-31));
#2041 = ADVANCED_FACE('',(#2042),#2128,.F.);
#2042 = FACE_BOUND('',#2043,.F.);
#2043 = EDGE_LOOP('',(#2044,#2045,#2046,#2055,#2063,#2072,#2080,#2088,
    #2096,#2105,#2113,#2122));
#2044 = ORIENTED_EDGE('',*,*,#766,.F.);
#2045 = ORIENTED_EDGE('',*,*,#788,.T.);
#2046 = ORIENTED_EDGE('',*,*,#2047,.T.);
#2047 = EDGE_CURVE('',#789,#2048,#2050,.T.);
#2048 = VERTEX_POINT('',#2049);
#2049 = CARTESIAN_POINT('',(-2.348480775301,0.43,0.742364817767));
#2050 = CIRCLE('',#2051,0.1);
#2051 = AXIS2_PLACEMENT_3D('',#2052,#2053,#2054);
#2052 = CARTESIAN_POINT('',(-2.25,0.43,0.725));
#2053 = DIRECTION('',(-1.144237745222E-17,-1.,3.284293275761E-47));
#2054 = DIRECTION('',(-4.440892098501E-15,5.081436361563E-32,1.));
#2055 = ORIENTED_EDGE('',*,*,#2056,.T.);
#2056 = EDGE_CURVE('',#2048,#2057,#2059,.T.);
#2057 = VERTEX_POINT('',#2058);
#2058 = CARTESIAN_POINT('',(-2.429496640897,0.43,0.2479055467));
#2059 = LINE('',#2060,#2061);
#2060 = CARTESIAN_POINT('',(-2.348480775301,0.43,0.742364817767));
#2061 = VECTOR('',#2062,1.);
#2062 = DIRECTION('',(-0.161691392282,1.85013394127E-18,-0.986841372087)
  );
#2063 = ORIENTED_EDGE('',*,*,#2064,.T.);
#2064 = EDGE_CURVE('',#2057,#2065,#2067,.T.);
#2065 = VERTEX_POINT('',#2066);
#2066 = CARTESIAN_POINT('',(-2.724938966801,0.43,-1.665334536938E-16));
#2067 = CIRCLE('',#2068,0.3);
#2068 = AXIS2_PLACEMENT_3D('',#2069,#2070,#2071);
#2069 = CARTESIAN_POINT('',(-2.724938966801,0.43,0.3));
#2070 = DIRECTION('',(1.144237745222E-17,1.,7.703719777549E-34));
#2071 = DIRECTION('',(0.984807753012,-1.126854202784E-17,-0.173648177667
    ));
#2072 = ORIENTED_EDGE('',*,*,#2073,.T.);
#2073 = EDGE_CURVE('',#2065,#2074,#2076,.T.);
#2074 = VERTEX_POINT('',#2075);
#2075 = CARTESIAN_POINT('',(-3.,0.43,-1.665334536938E-16));
#2076 = LINE('',#2077,#2078);
#2077 = CARTESIAN_POINT('',(-2.724938966801,0.43,-1.665334536938E-16));
#2078 = VECTOR('',#2079,1.);
#2079 = DIRECTION('',(-1.,1.144237745222E-17,0.));
#2080 = ORIENTED_EDGE('',*,*,#2081,.T.);
#2081 = EDGE_CURVE('',#2074,#2082,#2084,.T.);
#2082 = VERTEX_POINT('',#2083);
#2083 = CARTESIAN_POINT('',(-3.,0.43,0.2));
#2084 = LINE('',#2085,#2086);
#2085 = CARTESIAN_POINT('',(-3.,0.43,-1.665334536938E-16));
#2086 = VECTOR('',#2087,1.);
#2087 = DIRECTION('',(0.,0.,1.));
#2088 = ORIENTED_EDGE('',*,*,#2089,.T.);
#2089 = EDGE_CURVE('',#2082,#2090,#2092,.T.);
#2090 = VERTEX_POINT('',#2091);
#2091 = CARTESIAN_POINT('',(-2.724938966801,0.43,0.2));
#2092 = LINE('',#2093,#2094);
#2093 = CARTESIAN_POINT('',(-3.,0.43,0.2));
#2094 = VECTOR('',#2095,1.);
#2095 = DIRECTION('',(1.,-1.144237745222E-17,0.));
#2096 = ORIENTED_EDGE('',*,*,#2097,.T.);
#2097 = EDGE_CURVE('',#2090,#2098,#2100,.T.);
#2098 = VERTEX_POINT('',#2099);
#2099 = CARTESIAN_POINT('',(-2.6264581915,0.43,0.282635182233));
#2100 = CIRCLE('',#2101,0.1);
#2101 = AXIS2_PLACEMENT_3D('',#2102,#2103,#2104);
#2102 = CARTESIAN_POINT('',(-2.724938966801,0.43,0.3));
#2103 = DIRECTION('',(-1.144237745222E-17,-1.,-0.));
#2104 = DIRECTION('',(0.,0.,-1.));
#2105 = ORIENTED_EDGE('',*,*,#2106,.T.);
#2106 = EDGE_CURVE('',#2098,#2107,#2109,.T.);
#2107 = VERTEX_POINT('',#2108);
#2108 = CARTESIAN_POINT('',(-2.545442325904,0.43,0.7770944533));
#2109 = LINE('',#2110,#2111);
#2110 = CARTESIAN_POINT('',(-2.6264581915,0.43,0.282635182233));
#2111 = VECTOR('',#2112,1.);
#2112 = DIRECTION('',(0.161691392282,-1.85013394127E-18,0.986841372087)
  );
#2113 = ORIENTED_EDGE('',*,*,#2114,.T.);
#2114 = EDGE_CURVE('',#2107,#2115,#2117,.T.);
#2115 = VERTEX_POINT('',#2116);
#2116 = CARTESIAN_POINT('',(-2.25,0.43,1.025));
#2117 = CIRCLE('',#2118,0.3);
#2118 = AXIS2_PLACEMENT_3D('',#2119,#2120,#2121);
#2119 = CARTESIAN_POINT('',(-2.25,0.43,0.725));
#2120 = DIRECTION('',(1.144237745222E-17,1.,7.703719777549E-34));
#2121 = DIRECTION('',(-0.984807753012,1.126854202784E-17,0.173648177667)
  );
#2122 = ORIENTED_EDGE('',*,*,#2123,.T.);
#2123 = EDGE_CURVE('',#2115,#767,#2124,.T.);
#2124 = LINE('',#2125,#2126);
#2125 = CARTESIAN_POINT('',(-2.25,0.43,1.025));
#2126 = VECTOR('',#2127,1.);
#2127 = DIRECTION('',(1.,-1.144237745222E-17,0.));
#2128 = PLANE('',#2129);
#2129 = AXIS2_PLACEMENT_3D('',#2130,#2131,#2132);
#2130 = CARTESIAN_POINT('',(-2.42560961319,0.43,0.548953137803));
#2131 = DIRECTION('',(1.144237745222E-17,1.,0.));
#2132 = DIRECTION('',(0.,-0.,1.));
#2133 = ADVANCED_FACE('',(#2134),#2153,.F.);
#2134 = FACE_BOUND('',#2135,.F.);
#2135 = EDGE_LOOP('',(#2136,#2137,#2146,#2152));
#2136 = ORIENTED_EDGE('',*,*,#805,.T.);
#2137 = ORIENTED_EDGE('',*,*,#2138,.T.);
#2138 = EDGE_CURVE('',#798,#2139,#2141,.T.);
#2139 = VERTEX_POINT('',#2140);
#2140 = CARTESIAN_POINT('',(-2.348480775301,0.84,0.742364817767));
#2141 = CIRCLE('',#2142,0.1);
#2142 = AXIS2_PLACEMENT_3D('',#2143,#2144,#2145);
#2143 = CARTESIAN_POINT('',(-2.25,0.84,0.725));
#2144 = DIRECTION('',(-1.144237745222E-17,-1.,3.284293275761E-47));
#2145 = DIRECTION('',(-4.440892098501E-15,5.081436361563E-32,1.));
#2146 = ORIENTED_EDGE('',*,*,#2147,.F.);
#2147 = EDGE_CURVE('',#2048,#2139,#2148,.T.);
#2148 = LINE('',#2149,#2150);
#2149 = CARTESIAN_POINT('',(-2.348480775301,0.43,0.742364817767));
#2150 = VECTOR('',#2151,1.);
#2151 = DIRECTION('',(1.144237745222E-17,1.,0.));
#2152 = ORIENTED_EDGE('',*,*,#2047,.F.);
#2153 = CYLINDRICAL_SURFACE('',#2154,0.1);
#2154 = AXIS2_PLACEMENT_3D('',#2155,#2156,#2157);
#2155 = CARTESIAN_POINT('',(-2.25,0.43,0.725));
#2156 = DIRECTION('',(-1.144237745222E-17,-1.,0.));
#2157 = DIRECTION('',(-4.440892098501E-15,5.081436361563E-32,1.));
#2158 = ADVANCED_FACE('',(#2159),#2237,.T.);
#2159 = FACE_BOUND('',#2160,.T.);
#2160 = EDGE_LOOP('',(#2161,#2162,#2163,#2164,#2172,#2181,#2189,#2197,
    #2205,#2214,#2222,#2231));
#2161 = ORIENTED_EDGE('',*,*,#819,.F.);
#2162 = ORIENTED_EDGE('',*,*,#797,.T.);
#2163 = ORIENTED_EDGE('',*,*,#2138,.T.);
#2164 = ORIENTED_EDGE('',*,*,#2165,.T.);
#2165 = EDGE_CURVE('',#2139,#2166,#2168,.T.);
#2166 = VERTEX_POINT('',#2167);
#2167 = CARTESIAN_POINT('',(-2.429496640897,0.84,0.2479055467));
#2168 = LINE('',#2169,#2170);
#2169 = CARTESIAN_POINT('',(-2.348480775301,0.84,0.742364817767));
#2170 = VECTOR('',#2171,1.);
#2171 = DIRECTION('',(-0.161691392282,1.85013394127E-18,-0.986841372087)
  );
#2172 = ORIENTED_EDGE('',*,*,#2173,.T.);
#2173 = EDGE_CURVE('',#2166,#2174,#2176,.T.);
#2174 = VERTEX_POINT('',#2175);
#2175 = CARTESIAN_POINT('',(-2.724938966801,0.84,-1.665334536938E-16));
#2176 = CIRCLE('',#2177,0.3);
#2177 = AXIS2_PLACEMENT_3D('',#2178,#2179,#2180);
#2178 = CARTESIAN_POINT('',(-2.724938966801,0.84,0.3));
#2179 = DIRECTION('',(1.144237745222E-17,1.,7.703719777549E-34));
#2180 = DIRECTION('',(0.984807753012,-1.126854202784E-17,-0.173648177667
    ));
#2181 = ORIENTED_EDGE('',*,*,#2182,.T.);
#2182 = EDGE_CURVE('',#2174,#2183,#2185,.T.);
#2183 = VERTEX_POINT('',#2184);
#2184 = CARTESIAN_POINT('',(-3.,0.84,-1.665334536938E-16));
#2185 = LINE('',#2186,#2187);
#2186 = CARTESIAN_POINT('',(-2.724938966801,0.84,-1.665334536938E-16));
#2187 = VECTOR('',#2188,1.);
#2188 = DIRECTION('',(-1.,1.144237745222E-17,0.));
#2189 = ORIENTED_EDGE('',*,*,#2190,.T.);
#2190 = EDGE_CURVE('',#2183,#2191,#2193,.T.);
#2191 = VERTEX_POINT('',#2192);
#2192 = CARTESIAN_POINT('',(-3.,0.84,0.2));
#2193 = LINE('',#2194,#2195);
#2194 = CARTESIAN_POINT('',(-3.,0.84,-1.665334536938E-16));
#2195 = VECTOR('',#2196,1.);
#2196 = DIRECTION('',(0.,0.,1.));
#2197 = ORIENTED_EDGE('',*,*,#2198,.T.);
#2198 = EDGE_CURVE('',#2191,#2199,#2201,.T.);
#2199 = VERTEX_POINT('',#2200);
#2200 = CARTESIAN_POINT('',(-2.724938966801,0.84,0.2));
#2201 = LINE('',#2202,#2203);
#2202 = CARTESIAN_POINT('',(-3.,0.84,0.2));
#2203 = VECTOR('',#2204,1.);
#2204 = DIRECTION('',(1.,-1.144237745222E-17,0.));
#2205 = ORIENTED_EDGE('',*,*,#2206,.T.);
#2206 = EDGE_CURVE('',#2199,#2207,#2209,.T.);
#2207 = VERTEX_POINT('',#2208);
#2208 = CARTESIAN_POINT('',(-2.6264581915,0.84,0.282635182233));
#2209 = CIRCLE('',#2210,0.1);
#2210 = AXIS2_PLACEMENT_3D('',#2211,#2212,#2213);
#2211 = CARTESIAN_POINT('',(-2.724938966801,0.84,0.3));
#2212 = DIRECTION('',(-1.144237745222E-17,-1.,-0.));
#2213 = DIRECTION('',(0.,0.,-1.));
#2214 = ORIENTED_EDGE('',*,*,#2215,.T.);
#2215 = EDGE_CURVE('',#2207,#2216,#2218,.T.);
#2216 = VERTEX_POINT('',#2217);
#2217 = CARTESIAN_POINT('',(-2.545442325904,0.84,0.7770944533));
#2218 = LINE('',#2219,#2220);
#2219 = CARTESIAN_POINT('',(-2.6264581915,0.84,0.282635182233));
#2220 = VECTOR('',#2221,1.);
#2221 = DIRECTION('',(0.161691392282,-1.85013394127E-18,0.986841372087)
  );
#2222 = ORIENTED_EDGE('',*,*,#2223,.T.);
#2223 = EDGE_CURVE('',#2216,#2224,#2226,.T.);
#2224 = VERTEX_POINT('',#2225);
#2225 = CARTESIAN_POINT('',(-2.25,0.84,1.025));
#2226 = CIRCLE('',#2227,0.3);
#2227 = AXIS2_PLACEMENT_3D('',#2228,#2229,#2230);
#2228 = CARTESIAN_POINT('',(-2.25,0.84,0.725));
#2229 = DIRECTION('',(1.144237745222E-17,1.,7.703719777549E-34));
#2230 = DIRECTION('',(-0.984807753012,1.126854202784E-17,0.173648177667)
  );
#2231 = ORIENTED_EDGE('',*,*,#2232,.T.);
#2232 = EDGE_CURVE('',#2224,#820,#2233,.T.);
#2233 = LINE('',#2234,#2235);
#2234 = CARTESIAN_POINT('',(-2.25,0.84,1.025));
#2235 = VECTOR('',#2236,1.);
#2236 = DIRECTION('',(1.,-1.144237745222E-17,0.));
#2237 = PLANE('',#2238);
#2238 = AXIS2_PLACEMENT_3D('',#2239,#2240,#2241);
#2239 = CARTESIAN_POINT('',(-2.42560961319,0.84,0.548953137803));
#2240 = DIRECTION('',(1.144237745222E-17,1.,0.));
#2241 = DIRECTION('',(0.,-0.,1.));
#2242 = ADVANCED_FACE('',(#2243),#2254,.F.);
#2243 = FACE_BOUND('',#2244,.F.);
#2244 = EDGE_LOOP('',(#2245,#2246,#2247,#2248));
#2245 = ORIENTED_EDGE('',*,*,#836,.T.);
#2246 = ORIENTED_EDGE('',*,*,#1256,.T.);
#2247 = ORIENTED_EDGE('',*,*,#1320,.F.);
#2248 = ORIENTED_EDGE('',*,*,#2249,.F.);
#2249 = EDGE_CURVE('',#820,#1313,#2250,.T.);
#2250 = LINE('',#2251,#2252);
#2251 = CARTESIAN_POINT('',(-2.25,0.84,1.025));
#2252 = VECTOR('',#2253,1.);
#2253 = DIRECTION('',(1.,-1.144237745222E-17,0.));
#2254 = PLANE('',#2255);
#2255 = AXIS2_PLACEMENT_3D('',#2256,#2257,#2258);
#2256 = CARTESIAN_POINT('',(-3.027078129022E-16,2.4125,1.025));
#2257 = DIRECTION('',(2.007919022429E-31,-7.713306628828E-27,-1.));
#2258 = DIRECTION('',(1.,1.112083013911E-16,2.00791902242E-31));
#2259 = ADVANCED_FACE('',(#2260),#2339,.F.);
#2260 = FACE_BOUND('',#2261,.F.);
#2261 = EDGE_LOOP('',(#2262,#2263,#2264,#2273,#2281,#2290,#2298,#2306,
    #2314,#2323,#2331,#2338));
#2262 = ORIENTED_EDGE('',*,*,#828,.F.);
#2263 = ORIENTED_EDGE('',*,*,#850,.T.);
#2264 = ORIENTED_EDGE('',*,*,#2265,.T.);
#2265 = EDGE_CURVE('',#851,#2266,#2268,.T.);
#2266 = VERTEX_POINT('',#2267);
#2267 = CARTESIAN_POINT('',(-2.348480775301,1.7,0.742364817767));
#2268 = CIRCLE('',#2269,0.1);
#2269 = AXIS2_PLACEMENT_3D('',#2270,#2271,#2272);
#2270 = CARTESIAN_POINT('',(-2.25,1.7,0.725));
#2271 = DIRECTION('',(-1.144237745222E-17,-1.,3.284293275761E-47));
#2272 = DIRECTION('',(-4.440892098501E-15,5.081436361563E-32,1.));
#2273 = ORIENTED_EDGE('',*,*,#2274,.T.);
#2274 = EDGE_CURVE('',#2266,#2275,#2277,.T.);
#2275 = VERTEX_POINT('',#2276);
#2276 = CARTESIAN_POINT('',(-2.429496640897,1.7,0.2479055467));
#2277 = LINE('',#2278,#2279);
#2278 = CARTESIAN_POINT('',(-2.348480775301,1.7,0.742364817767));
#2279 = VECTOR('',#2280,1.);
#2280 = DIRECTION('',(-0.161691392282,1.85013394127E-18,-0.986841372087)
  );
#2281 = ORIENTED_EDGE('',*,*,#2282,.T.);
#2282 = EDGE_CURVE('',#2275,#2283,#2285,.T.);
#2283 = VERTEX_POINT('',#2284);
#2284 = CARTESIAN_POINT('',(-2.724938966801,1.7,-1.665334536938E-16));
#2285 = CIRCLE('',#2286,0.3);
#2286 = AXIS2_PLACEMENT_3D('',#2287,#2288,#2289);
#2287 = CARTESIAN_POINT('',(-2.724938966801,1.7,0.3));
#2288 = DIRECTION('',(1.144237745222E-17,1.,7.703719777549E-34));
#2289 = DIRECTION('',(0.984807753012,-1.126854202784E-17,-0.173648177667
    ));
#2290 = ORIENTED_EDGE('',*,*,#2291,.T.);
#2291 = EDGE_CURVE('',#2283,#2292,#2294,.T.);
#2292 = VERTEX_POINT('',#2293);
#2293 = CARTESIAN_POINT('',(-3.,1.7,-1.665334536938E-16));
#2294 = LINE('',#2295,#2296);
#2295 = CARTESIAN_POINT('',(-2.724938966801,1.7,-1.665334536938E-16));
#2296 = VECTOR('',#2297,1.);
#2297 = DIRECTION('',(-1.,1.144237745222E-17,0.));
#2298 = ORIENTED_EDGE('',*,*,#2299,.T.);
#2299 = EDGE_CURVE('',#2292,#2300,#2302,.T.);
#2300 = VERTEX_POINT('',#2301);
#2301 = CARTESIAN_POINT('',(-3.,1.7,0.2));
#2302 = LINE('',#2303,#2304);
#2303 = CARTESIAN_POINT('',(-3.,1.7,-1.665334536938E-16));
#2304 = VECTOR('',#2305,1.);
#2305 = DIRECTION('',(0.,0.,1.));
#2306 = ORIENTED_EDGE('',*,*,#2307,.T.);
#2307 = EDGE_CURVE('',#2300,#2308,#2310,.T.);
#2308 = VERTEX_POINT('',#2309);
#2309 = CARTESIAN_POINT('',(-2.724938966801,1.7,0.2));
#2310 = LINE('',#2311,#2312);
#2311 = CARTESIAN_POINT('',(-3.,1.7,0.2));
#2312 = VECTOR('',#2313,1.);
#2313 = DIRECTION('',(1.,-1.144237745222E-17,0.));
#2314 = ORIENTED_EDGE('',*,*,#2315,.T.);
#2315 = EDGE_CURVE('',#2308,#2316,#2318,.T.);
#2316 = VERTEX_POINT('',#2317);
#2317 = CARTESIAN_POINT('',(-2.6264581915,1.7,0.282635182233));
#2318 = CIRCLE('',#2319,0.1);
#2319 = AXIS2_PLACEMENT_3D('',#2320,#2321,#2322);
#2320 = CARTESIAN_POINT('',(-2.724938966801,1.7,0.3));
#2321 = DIRECTION('',(-1.144237745222E-17,-1.,-0.));
#2322 = DIRECTION('',(0.,0.,-1.));
#2323 = ORIENTED_EDGE('',*,*,#2324,.T.);
#2324 = EDGE_CURVE('',#2316,#2325,#2327,.T.);
#2325 = VERTEX_POINT('',#2326);
#2326 = CARTESIAN_POINT('',(-2.545442325904,1.7,0.7770944533));
#2327 = LINE('',#2328,#2329);
#2328 = CARTESIAN_POINT('',(-2.6264581915,1.7,0.282635182233));
#2329 = VECTOR('',#2330,1.);
#2330 = DIRECTION('',(0.161691392282,-1.85013394127E-18,0.986841372087)
  );
#2331 = ORIENTED_EDGE('',*,*,#2332,.T.);
#2332 = EDGE_CURVE('',#2325,#1226,#2333,.T.);
#2333 = CIRCLE('',#2334,0.3);
#2334 = AXIS2_PLACEMENT_3D('',#2335,#2336,#2337);
#2335 = CARTESIAN_POINT('',(-2.25,1.7,0.725));
#2336 = DIRECTION('',(1.144237745222E-17,1.,7.703719777549E-34));
#2337 = DIRECTION('',(-0.984807753012,1.126854202784E-17,0.173648177667)
  );
#2338 = ORIENTED_EDGE('',*,*,#1225,.T.);
#2339 = PLANE('',#2340);
#2340 = AXIS2_PLACEMENT_3D('',#2341,#2342,#2343);
#2341 = CARTESIAN_POINT('',(-2.42560961319,1.7,0.548953137803));
#2342 = DIRECTION('',(1.144237745222E-17,1.,0.));
#2343 = DIRECTION('',(0.,-0.,1.));
#2344 = ADVANCED_FACE('',(#2345),#2364,.F.);
#2345 = FACE_BOUND('',#2346,.F.);
#2346 = EDGE_LOOP('',(#2347,#2348,#2357,#2363));
#2347 = ORIENTED_EDGE('',*,*,#867,.T.);
#2348 = ORIENTED_EDGE('',*,*,#2349,.T.);
#2349 = EDGE_CURVE('',#860,#2350,#2352,.T.);
#2350 = VERTEX_POINT('',#2351);
#2351 = CARTESIAN_POINT('',(-2.348480775301,2.11,0.742364817767));
#2352 = CIRCLE('',#2353,0.1);
#2353 = AXIS2_PLACEMENT_3D('',#2354,#2355,#2356);
#2354 = CARTESIAN_POINT('',(-2.25,2.11,0.725));
#2355 = DIRECTION('',(-1.144237745222E-17,-1.,3.284293275761E-47));
#2356 = DIRECTION('',(-4.440892098501E-15,5.081436361563E-32,1.));
#2357 = ORIENTED_EDGE('',*,*,#2358,.F.);
#2358 = EDGE_CURVE('',#2266,#2350,#2359,.T.);
#2359 = LINE('',#2360,#2361);
#2360 = CARTESIAN_POINT('',(-2.348480775301,1.7,0.742364817767));
#2361 = VECTOR('',#2362,1.);
#2362 = DIRECTION('',(1.144237745222E-17,1.,0.));
#2363 = ORIENTED_EDGE('',*,*,#2265,.F.);
#2364 = CYLINDRICAL_SURFACE('',#2365,0.1);
#2365 = AXIS2_PLACEMENT_3D('',#2366,#2367,#2368);
#2366 = CARTESIAN_POINT('',(-2.25,1.7,0.725));
#2367 = DIRECTION('',(-1.144237745222E-17,-1.,0.));
#2368 = DIRECTION('',(-4.440892098501E-15,5.081436361563E-32,1.));
#2369 = ADVANCED_FACE('',(#2370),#2441,.T.);
#2370 = FACE_BOUND('',#2371,.T.);
#2371 = EDGE_LOOP('',(#2372,#2373,#2374,#2375,#2383,#2392,#2400,#2408,
    #2416,#2425,#2433,#2440));
#2372 = ORIENTED_EDGE('',*,*,#881,.F.);
#2373 = ORIENTED_EDGE('',*,*,#859,.T.);
#2374 = ORIENTED_EDGE('',*,*,#2349,.T.);
#2375 = ORIENTED_EDGE('',*,*,#2376,.T.);
#2376 = EDGE_CURVE('',#2350,#2377,#2379,.T.);
#2377 = VERTEX_POINT('',#2378);
#2378 = CARTESIAN_POINT('',(-2.429496640897,2.11,0.2479055467));
#2379 = LINE('',#2380,#2381);
#2380 = CARTESIAN_POINT('',(-2.348480775301,2.11,0.742364817767));
#2381 = VECTOR('',#2382,1.);
#2382 = DIRECTION('',(-0.161691392282,1.85013394127E-18,-0.986841372087)
  );
#2383 = ORIENTED_EDGE('',*,*,#2384,.T.);
#2384 = EDGE_CURVE('',#2377,#2385,#2387,.T.);
#2385 = VERTEX_POINT('',#2386);
#2386 = CARTESIAN_POINT('',(-2.724938966801,2.11,-1.665334536938E-16));
#2387 = CIRCLE('',#2388,0.3);
#2388 = AXIS2_PLACEMENT_3D('',#2389,#2390,#2391);
#2389 = CARTESIAN_POINT('',(-2.724938966801,2.11,0.3));
#2390 = DIRECTION('',(1.144237745222E-17,1.,7.703719777549E-34));
#2391 = DIRECTION('',(0.984807753012,-1.126854202784E-17,-0.173648177667
    ));
#2392 = ORIENTED_EDGE('',*,*,#2393,.T.);
#2393 = EDGE_CURVE('',#2385,#2394,#2396,.T.);
#2394 = VERTEX_POINT('',#2395);
#2395 = CARTESIAN_POINT('',(-3.,2.11,-1.665334536938E-16));
#2396 = LINE('',#2397,#2398);
#2397 = CARTESIAN_POINT('',(-2.724938966801,2.11,-1.665334536938E-16));
#2398 = VECTOR('',#2399,1.);
#2399 = DIRECTION('',(-1.,1.144237745222E-17,0.));
#2400 = ORIENTED_EDGE('',*,*,#2401,.T.);
#2401 = EDGE_CURVE('',#2394,#2402,#2404,.T.);
#2402 = VERTEX_POINT('',#2403);
#2403 = CARTESIAN_POINT('',(-3.,2.11,0.2));
#2404 = LINE('',#2405,#2406);
#2405 = CARTESIAN_POINT('',(-3.,2.11,-1.665334536938E-16));
#2406 = VECTOR('',#2407,1.);
#2407 = DIRECTION('',(0.,0.,1.));
#2408 = ORIENTED_EDGE('',*,*,#2409,.T.);
#2409 = EDGE_CURVE('',#2402,#2410,#2412,.T.);
#2410 = VERTEX_POINT('',#2411);
#2411 = CARTESIAN_POINT('',(-2.724938966801,2.11,0.2));
#2412 = LINE('',#2413,#2414);
#2413 = CARTESIAN_POINT('',(-3.,2.11,0.2));
#2414 = VECTOR('',#2415,1.);
#2415 = DIRECTION('',(1.,-1.144237745222E-17,0.));
#2416 = ORIENTED_EDGE('',*,*,#2417,.T.);
#2417 = EDGE_CURVE('',#2410,#2418,#2420,.T.);
#2418 = VERTEX_POINT('',#2419);
#2419 = CARTESIAN_POINT('',(-2.6264581915,2.11,0.282635182233));
#2420 = CIRCLE('',#2421,0.1);
#2421 = AXIS2_PLACEMENT_3D('',#2422,#2423,#2424);
#2422 = CARTESIAN_POINT('',(-2.724938966801,2.11,0.3));
#2423 = DIRECTION('',(-1.144237745222E-17,-1.,-0.));
#2424 = DIRECTION('',(0.,0.,-1.));
#2425 = ORIENTED_EDGE('',*,*,#2426,.T.);
#2426 = EDGE_CURVE('',#2418,#2427,#2429,.T.);
#2427 = VERTEX_POINT('',#2428);
#2428 = CARTESIAN_POINT('',(-2.545442325904,2.11,0.7770944533));
#2429 = LINE('',#2430,#2431);
#2430 = CARTESIAN_POINT('',(-2.6264581915,2.11,0.282635182233));
#2431 = VECTOR('',#2432,1.);
#2432 = DIRECTION('',(0.161691392282,-1.85013394127E-18,0.986841372087)
  );
#2433 = ORIENTED_EDGE('',*,*,#2434,.T.);
#2434 = EDGE_CURVE('',#2427,#1234,#2435,.T.);
#2435 = CIRCLE('',#2436,0.3);
#2436 = AXIS2_PLACEMENT_3D('',#2437,#2438,#2439);
#2437 = CARTESIAN_POINT('',(-2.25,2.11,0.725));
#2438 = DIRECTION('',(1.144237745222E-17,1.,7.703719777549E-34));
#2439 = DIRECTION('',(-0.984807753012,1.126854202784E-17,0.173648177667)
  );
#2440 = ORIENTED_EDGE('',*,*,#1241,.T.);
#2441 = PLANE('',#2442);
#2442 = AXIS2_PLACEMENT_3D('',#2443,#2444,#2445);
#2443 = CARTESIAN_POINT('',(-2.42560961319,2.11,0.548953137803));
#2444 = DIRECTION('',(1.144237745222E-17,1.,0.));
#2445 = DIRECTION('',(0.,-0.,1.));
#2446 = ADVANCED_FACE('',(#2447),#2526,.F.);
#2447 = FACE_BOUND('',#2448,.F.);
#2448 = EDGE_LOOP('',(#2449,#2450,#2451,#2460,#2468,#2477,#2485,#2493,
    #2501,#2510,#2518,#2525));
#2449 = ORIENTED_EDGE('',*,*,#900,.F.);
#2450 = ORIENTED_EDGE('',*,*,#915,.T.);
#2451 = ORIENTED_EDGE('',*,*,#2452,.T.);
#2452 = EDGE_CURVE('',#916,#2453,#2455,.T.);
#2453 = VERTEX_POINT('',#2454);
#2454 = CARTESIAN_POINT('',(2.348480775301,2.11,0.742364817767));
#2455 = CIRCLE('',#2456,0.1);
#2456 = AXIS2_PLACEMENT_3D('',#2457,#2458,#2459);
#2457 = CARTESIAN_POINT('',(2.25,2.11,0.725));
#2458 = DIRECTION('',(-1.110223024625E-16,1.,0.));
#2459 = DIRECTION('',(4.440892098501E-15,4.930380657631E-31,1.));
#2460 = ORIENTED_EDGE('',*,*,#2461,.T.);
#2461 = EDGE_CURVE('',#2453,#2462,#2464,.T.);
#2462 = VERTEX_POINT('',#2463);
#2463 = CARTESIAN_POINT('',(2.429496640897,2.11,0.2479055467));
#2464 = LINE('',#2465,#2466);
#2465 = CARTESIAN_POINT('',(2.348480775301,2.11,0.742364817767));
#2466 = VECTOR('',#2467,1.);
#2467 = DIRECTION('',(0.161691392282,1.795135065956E-17,-0.986841372087)
  );
#2468 = ORIENTED_EDGE('',*,*,#2469,.T.);
#2469 = EDGE_CURVE('',#2462,#2470,#2472,.T.);
#2470 = VERTEX_POINT('',#2471);
#2471 = CARTESIAN_POINT('',(2.724938966801,2.11,-1.665334536938E-16));
#2472 = CIRCLE('',#2473,0.3);
#2473 = AXIS2_PLACEMENT_3D('',#2474,#2475,#2476);
#2474 = CARTESIAN_POINT('',(2.724938966801,2.11,0.3));
#2475 = DIRECTION('',(1.110223024625E-16,-1.,0.));
#2476 = DIRECTION('',(-0.984807753012,-1.093356242223E-16,
    -0.173648177667));
#2477 = ORIENTED_EDGE('',*,*,#2478,.T.);
#2478 = EDGE_CURVE('',#2470,#2479,#2481,.T.);
#2479 = VERTEX_POINT('',#2480);
#2480 = CARTESIAN_POINT('',(3.,2.11,-1.665334536938E-16));
#2481 = LINE('',#2482,#2483);
#2482 = CARTESIAN_POINT('',(2.724938966801,2.11,-1.665334536938E-16));
#2483 = VECTOR('',#2484,1.);
#2484 = DIRECTION('',(1.,1.110223024625E-16,0.));
#2485 = ORIENTED_EDGE('',*,*,#2486,.T.);
#2486 = EDGE_CURVE('',#2479,#2487,#2489,.T.);
#2487 = VERTEX_POINT('',#2488);
#2488 = CARTESIAN_POINT('',(3.,2.11,0.2));
#2489 = LINE('',#2490,#2491);
#2490 = CARTESIAN_POINT('',(3.,2.11,-1.665334536938E-16));
#2491 = VECTOR('',#2492,1.);
#2492 = DIRECTION('',(0.,0.,1.));
#2493 = ORIENTED_EDGE('',*,*,#2494,.T.);
#2494 = EDGE_CURVE('',#2487,#2495,#2497,.T.);
#2495 = VERTEX_POINT('',#2496);
#2496 = CARTESIAN_POINT('',(2.724938966801,2.11,0.2));
#2497 = LINE('',#2498,#2499);
#2498 = CARTESIAN_POINT('',(3.,2.11,0.2));
#2499 = VECTOR('',#2500,1.);
#2500 = DIRECTION('',(-1.,-1.110223024625E-16,0.));
#2501 = ORIENTED_EDGE('',*,*,#2502,.T.);
#2502 = EDGE_CURVE('',#2495,#2503,#2505,.T.);
#2503 = VERTEX_POINT('',#2504);
#2504 = CARTESIAN_POINT('',(2.6264581915,2.11,0.282635182233));
#2505 = CIRCLE('',#2506,0.1);
#2506 = AXIS2_PLACEMENT_3D('',#2507,#2508,#2509);
#2507 = CARTESIAN_POINT('',(2.724938966801,2.11,0.3));
#2508 = DIRECTION('',(-1.110223024625E-16,1.,0.));
#2509 = DIRECTION('',(0.,0.,-1.));
#2510 = ORIENTED_EDGE('',*,*,#2511,.T.);
#2511 = EDGE_CURVE('',#2503,#2512,#2514,.T.);
#2512 = VERTEX_POINT('',#2513);
#2513 = CARTESIAN_POINT('',(2.545442325904,2.11,0.7770944533));
#2514 = LINE('',#2515,#2516);
#2515 = CARTESIAN_POINT('',(2.6264581915,2.11,0.282635182233));
#2516 = VECTOR('',#2517,1.);
#2517 = DIRECTION('',(-0.161691392282,-1.795135065956E-17,0.986841372087
    ));
#2518 = ORIENTED_EDGE('',*,*,#2519,.T.);
#2519 = EDGE_CURVE('',#2512,#1513,#2520,.T.);
#2520 = CIRCLE('',#2521,0.3);
#2521 = AXIS2_PLACEMENT_3D('',#2522,#2523,#2524);
#2522 = CARTESIAN_POINT('',(2.25,2.11,0.725));
#2523 = DIRECTION('',(1.110223024625E-16,-1.,0.));
#2524 = DIRECTION('',(0.984807753012,1.093356242223E-16,0.173648177667)
  );
#2525 = ORIENTED_EDGE('',*,*,#1512,.T.);
#2526 = PLANE('',#2527);
#2527 = AXIS2_PLACEMENT_3D('',#2528,#2529,#2530);
#2528 = CARTESIAN_POINT('',(2.42560961319,2.11,0.548953137803));
#2529 = DIRECTION('',(1.110223024625E-16,-1.,0.));
#2530 = DIRECTION('',(0.,0.,1.));
#2531 = ADVANCED_FACE('',(#2532),#2551,.F.);
#2532 = FACE_BOUND('',#2533,.F.);
#2533 = EDGE_LOOP('',(#2534,#2535,#2544,#2550));
#2534 = ORIENTED_EDGE('',*,*,#932,.T.);
#2535 = ORIENTED_EDGE('',*,*,#2536,.T.);
#2536 = EDGE_CURVE('',#925,#2537,#2539,.T.);
#2537 = VERTEX_POINT('',#2538);
#2538 = CARTESIAN_POINT('',(2.348480775301,1.7,0.742364817767));
#2539 = CIRCLE('',#2540,0.1);
#2540 = AXIS2_PLACEMENT_3D('',#2541,#2542,#2543);
#2541 = CARTESIAN_POINT('',(2.25,1.7,0.725));
#2542 = DIRECTION('',(-1.110223024625E-16,1.,0.));
#2543 = DIRECTION('',(4.440892098501E-15,4.930380657631E-31,1.));
#2544 = ORIENTED_EDGE('',*,*,#2545,.F.);
#2545 = EDGE_CURVE('',#2453,#2537,#2546,.T.);
#2546 = LINE('',#2547,#2548);
#2547 = CARTESIAN_POINT('',(2.348480775301,2.11,0.742364817767));
#2548 = VECTOR('',#2549,1.);
#2549 = DIRECTION('',(1.110223024625E-16,-1.,0.));
#2550 = ORIENTED_EDGE('',*,*,#2452,.F.);
#2551 = CYLINDRICAL_SURFACE('',#2552,0.1);
#2552 = AXIS2_PLACEMENT_3D('',#2553,#2554,#2555);
#2553 = CARTESIAN_POINT('',(2.25,2.11,0.725));
#2554 = DIRECTION('',(-1.110223024625E-16,1.,0.));
#2555 = DIRECTION('',(4.440892098501E-15,4.930380657631E-31,1.));
#2556 = ADVANCED_FACE('',(#2557),#2628,.T.);
#2557 = FACE_BOUND('',#2558,.T.);
#2558 = EDGE_LOOP('',(#2559,#2560,#2561,#2562,#2570,#2579,#2587,#2595,
    #2603,#2612,#2620,#2627));
#2559 = ORIENTED_EDGE('',*,*,#946,.F.);
#2560 = ORIENTED_EDGE('',*,*,#924,.T.);
#2561 = ORIENTED_EDGE('',*,*,#2536,.T.);
#2562 = ORIENTED_EDGE('',*,*,#2563,.T.);
#2563 = EDGE_CURVE('',#2537,#2564,#2566,.T.);
#2564 = VERTEX_POINT('',#2565);
#2565 = CARTESIAN_POINT('',(2.429496640897,1.7,0.2479055467));
#2566 = LINE('',#2567,#2568);
#2567 = CARTESIAN_POINT('',(2.348480775301,1.7,0.742364817767));
#2568 = VECTOR('',#2569,1.);
#2569 = DIRECTION('',(0.161691392282,1.795135065956E-17,-0.986841372087)
  );
#2570 = ORIENTED_EDGE('',*,*,#2571,.T.);
#2571 = EDGE_CURVE('',#2564,#2572,#2574,.T.);
#2572 = VERTEX_POINT('',#2573);
#2573 = CARTESIAN_POINT('',(2.724938966801,1.7,-1.665334536938E-16));
#2574 = CIRCLE('',#2575,0.3);
#2575 = AXIS2_PLACEMENT_3D('',#2576,#2577,#2578);
#2576 = CARTESIAN_POINT('',(2.724938966801,1.7,0.3));
#2577 = DIRECTION('',(1.110223024625E-16,-1.,0.));
#2578 = DIRECTION('',(-0.984807753012,-1.093356242223E-16,
    -0.173648177667));
#2579 = ORIENTED_EDGE('',*,*,#2580,.T.);
#2580 = EDGE_CURVE('',#2572,#2581,#2583,.T.);
#2581 = VERTEX_POINT('',#2582);
#2582 = CARTESIAN_POINT('',(3.,1.7,-1.665334536938E-16));
#2583 = LINE('',#2584,#2585);
#2584 = CARTESIAN_POINT('',(2.724938966801,1.7,-1.665334536938E-16));
#2585 = VECTOR('',#2586,1.);
#2586 = DIRECTION('',(1.,1.110223024625E-16,0.));
#2587 = ORIENTED_EDGE('',*,*,#2588,.T.);
#2588 = EDGE_CURVE('',#2581,#2589,#2591,.T.);
#2589 = VERTEX_POINT('',#2590);
#2590 = CARTESIAN_POINT('',(3.,1.7,0.2));
#2591 = LINE('',#2592,#2593);
#2592 = CARTESIAN_POINT('',(3.,1.7,-1.665334536938E-16));
#2593 = VECTOR('',#2594,1.);
#2594 = DIRECTION('',(0.,0.,1.));
#2595 = ORIENTED_EDGE('',*,*,#2596,.T.);
#2596 = EDGE_CURVE('',#2589,#2597,#2599,.T.);
#2597 = VERTEX_POINT('',#2598);
#2598 = CARTESIAN_POINT('',(2.724938966801,1.7,0.2));
#2599 = LINE('',#2600,#2601);
#2600 = CARTESIAN_POINT('',(3.,1.7,0.2));
#2601 = VECTOR('',#2602,1.);
#2602 = DIRECTION('',(-1.,-1.110223024625E-16,0.));
#2603 = ORIENTED_EDGE('',*,*,#2604,.T.);
#2604 = EDGE_CURVE('',#2597,#2605,#2607,.T.);
#2605 = VERTEX_POINT('',#2606);
#2606 = CARTESIAN_POINT('',(2.6264581915,1.7,0.282635182233));
#2607 = CIRCLE('',#2608,0.1);
#2608 = AXIS2_PLACEMENT_3D('',#2609,#2610,#2611);
#2609 = CARTESIAN_POINT('',(2.724938966801,1.7,0.3));
#2610 = DIRECTION('',(-1.110223024625E-16,1.,0.));
#2611 = DIRECTION('',(0.,0.,-1.));
#2612 = ORIENTED_EDGE('',*,*,#2613,.T.);
#2613 = EDGE_CURVE('',#2605,#2614,#2616,.T.);
#2614 = VERTEX_POINT('',#2615);
#2615 = CARTESIAN_POINT('',(2.545442325904,1.7,0.7770944533));
#2616 = LINE('',#2617,#2618);
#2617 = CARTESIAN_POINT('',(2.6264581915,1.7,0.282635182233));
#2618 = VECTOR('',#2619,1.);
#2619 = DIRECTION('',(-0.161691392282,-1.795135065956E-17,0.986841372087
    ));
#2620 = ORIENTED_EDGE('',*,*,#2621,.T.);
#2621 = EDGE_CURVE('',#2614,#1521,#2622,.T.);
#2622 = CIRCLE('',#2623,0.3);
#2623 = AXIS2_PLACEMENT_3D('',#2624,#2625,#2626);
#2624 = CARTESIAN_POINT('',(2.25,1.7,0.725));
#2625 = DIRECTION('',(1.110223024625E-16,-1.,0.));
#2626 = DIRECTION('',(0.984807753012,1.093356242223E-16,0.173648177667)
  );
#2627 = ORIENTED_EDGE('',*,*,#1528,.T.);
#2628 = PLANE('',#2629);
#2629 = AXIS2_PLACEMENT_3D('',#2630,#2631,#2632);
#2630 = CARTESIAN_POINT('',(2.42560961319,1.7,0.548953137803));
#2631 = DIRECTION('',(1.110223024625E-16,-1.,0.));
#2632 = DIRECTION('',(0.,0.,1.));
#2633 = ADVANCED_FACE('',(#2634),#2645,.F.);
#2634 = FACE_BOUND('',#2635,.F.);
#2635 = EDGE_LOOP('',(#2636,#2637,#2638,#2644));
#2636 = ORIENTED_EDGE('',*,*,#1534,.F.);
#2637 = ORIENTED_EDGE('',*,*,#963,.T.);
#2638 = ORIENTED_EDGE('',*,*,#2639,.T.);
#2639 = EDGE_CURVE('',#956,#1435,#2640,.T.);
#2640 = LINE('',#2641,#2642);
#2641 = CARTESIAN_POINT('',(2.25,0.84,1.025));
#2642 = VECTOR('',#2643,1.);
#2643 = DIRECTION('',(-1.,-1.110223024625E-16,0.));
#2644 = ORIENTED_EDGE('',*,*,#1434,.F.);
#2645 = PLANE('',#2646);
#2646 = AXIS2_PLACEMENT_3D('',#2647,#2648,#2649);
#2647 = CARTESIAN_POINT('',(-3.027078129022E-16,2.4125,1.025));
#2648 = DIRECTION('',(2.007919022429E-31,-7.713306628828E-27,-1.));
#2649 = DIRECTION('',(1.,1.112083013911E-16,2.00791902242E-31));
#2650 = ADVANCED_FACE('',(#2651),#2737,.F.);
#2651 = FACE_BOUND('',#2652,.F.);
#2652 = EDGE_LOOP('',(#2653,#2654,#2655,#2664,#2672,#2681,#2689,#2697,
    #2705,#2714,#2722,#2731));
#2653 = ORIENTED_EDGE('',*,*,#955,.F.);
#2654 = ORIENTED_EDGE('',*,*,#977,.T.);
#2655 = ORIENTED_EDGE('',*,*,#2656,.T.);
#2656 = EDGE_CURVE('',#978,#2657,#2659,.T.);
#2657 = VERTEX_POINT('',#2658);
#2658 = CARTESIAN_POINT('',(2.348480775301,0.84,0.742364817767));
#2659 = CIRCLE('',#2660,0.1);
#2660 = AXIS2_PLACEMENT_3D('',#2661,#2662,#2663);
#2661 = CARTESIAN_POINT('',(2.25,0.84,0.725));
#2662 = DIRECTION('',(-1.110223024625E-16,1.,0.));
#2663 = DIRECTION('',(4.440892098501E-15,4.930380657631E-31,1.));
#2664 = ORIENTED_EDGE('',*,*,#2665,.T.);
#2665 = EDGE_CURVE('',#2657,#2666,#2668,.T.);
#2666 = VERTEX_POINT('',#2667);
#2667 = CARTESIAN_POINT('',(2.429496640897,0.84,0.2479055467));
#2668 = LINE('',#2669,#2670);
#2669 = CARTESIAN_POINT('',(2.348480775301,0.84,0.742364817767));
#2670 = VECTOR('',#2671,1.);
#2671 = DIRECTION('',(0.161691392282,1.795135065956E-17,-0.986841372087)
  );
#2672 = ORIENTED_EDGE('',*,*,#2673,.T.);
#2673 = EDGE_CURVE('',#2666,#2674,#2676,.T.);
#2674 = VERTEX_POINT('',#2675);
#2675 = CARTESIAN_POINT('',(2.724938966801,0.84,-1.665334536938E-16));
#2676 = CIRCLE('',#2677,0.3);
#2677 = AXIS2_PLACEMENT_3D('',#2678,#2679,#2680);
#2678 = CARTESIAN_POINT('',(2.724938966801,0.84,0.3));
#2679 = DIRECTION('',(1.110223024625E-16,-1.,0.));
#2680 = DIRECTION('',(-0.984807753012,-1.093356242223E-16,
    -0.173648177667));
#2681 = ORIENTED_EDGE('',*,*,#2682,.T.);
#2682 = EDGE_CURVE('',#2674,#2683,#2685,.T.);
#2683 = VERTEX_POINT('',#2684);
#2684 = CARTESIAN_POINT('',(3.,0.84,-1.665334536938E-16));
#2685 = LINE('',#2686,#2687);
#2686 = CARTESIAN_POINT('',(2.724938966801,0.84,-1.665334536938E-16));
#2687 = VECTOR('',#2688,1.);
#2688 = DIRECTION('',(1.,1.110223024625E-16,0.));
#2689 = ORIENTED_EDGE('',*,*,#2690,.T.);
#2690 = EDGE_CURVE('',#2683,#2691,#2693,.T.);
#2691 = VERTEX_POINT('',#2692);
#2692 = CARTESIAN_POINT('',(3.,0.84,0.2));
#2693 = LINE('',#2694,#2695);
#2694 = CARTESIAN_POINT('',(3.,0.84,-1.665334536938E-16));
#2695 = VECTOR('',#2696,1.);
#2696 = DIRECTION('',(0.,0.,1.));
#2697 = ORIENTED_EDGE('',*,*,#2698,.T.);
#2698 = EDGE_CURVE('',#2691,#2699,#2701,.T.);
#2699 = VERTEX_POINT('',#2700);
#2700 = CARTESIAN_POINT('',(2.724938966801,0.84,0.2));
#2701 = LINE('',#2702,#2703);
#2702 = CARTESIAN_POINT('',(3.,0.84,0.2));
#2703 = VECTOR('',#2704,1.);
#2704 = DIRECTION('',(-1.,-1.110223024625E-16,0.));
#2705 = ORIENTED_EDGE('',*,*,#2706,.T.);
#2706 = EDGE_CURVE('',#2699,#2707,#2709,.T.);
#2707 = VERTEX_POINT('',#2708);
#2708 = CARTESIAN_POINT('',(2.6264581915,0.84,0.282635182233));
#2709 = CIRCLE('',#2710,0.1);
#2710 = AXIS2_PLACEMENT_3D('',#2711,#2712,#2713);
#2711 = CARTESIAN_POINT('',(2.724938966801,0.84,0.3));
#2712 = DIRECTION('',(-1.110223024625E-16,1.,0.));
#2713 = DIRECTION('',(0.,0.,-1.));
#2714 = ORIENTED_EDGE('',*,*,#2715,.T.);
#2715 = EDGE_CURVE('',#2707,#2716,#2718,.T.);
#2716 = VERTEX_POINT('',#2717);
#2717 = CARTESIAN_POINT('',(2.545442325904,0.84,0.7770944533));
#2718 = LINE('',#2719,#2720);
#2719 = CARTESIAN_POINT('',(2.6264581915,0.84,0.282635182233));
#2720 = VECTOR('',#2721,1.);
#2721 = DIRECTION('',(-0.161691392282,-1.795135065956E-17,0.986841372087
    ));
#2722 = ORIENTED_EDGE('',*,*,#2723,.T.);
#2723 = EDGE_CURVE('',#2716,#2724,#2726,.T.);
#2724 = VERTEX_POINT('',#2725);
#2725 = CARTESIAN_POINT('',(2.25,0.84,1.025));
#2726 = CIRCLE('',#2727,0.3);
#2727 = AXIS2_PLACEMENT_3D('',#2728,#2729,#2730);
#2728 = CARTESIAN_POINT('',(2.25,0.84,0.725));
#2729 = DIRECTION('',(1.110223024625E-16,-1.,0.));
#2730 = DIRECTION('',(0.984807753012,1.093356242223E-16,0.173648177667)
  );
#2731 = ORIENTED_EDGE('',*,*,#2732,.T.);
#2732 = EDGE_CURVE('',#2724,#956,#2733,.T.);
#2733 = LINE('',#2734,#2735);
#2734 = CARTESIAN_POINT('',(2.25,0.84,1.025));
#2735 = VECTOR('',#2736,1.);
#2736 = DIRECTION('',(-1.,-1.110223024625E-16,0.));
#2737 = PLANE('',#2738);
#2738 = AXIS2_PLACEMENT_3D('',#2739,#2740,#2741);
#2739 = CARTESIAN_POINT('',(2.42560961319,0.84,0.548953137803));
#2740 = DIRECTION('',(1.110223024625E-16,-1.,0.));
#2741 = DIRECTION('',(0.,0.,1.));
#2742 = ADVANCED_FACE('',(#2743),#2762,.F.);
#2743 = FACE_BOUND('',#2744,.F.);
#2744 = EDGE_LOOP('',(#2745,#2746,#2755,#2761));
#2745 = ORIENTED_EDGE('',*,*,#994,.T.);
#2746 = ORIENTED_EDGE('',*,*,#2747,.T.);
#2747 = EDGE_CURVE('',#987,#2748,#2750,.T.);
#2748 = VERTEX_POINT('',#2749);
#2749 = CARTESIAN_POINT('',(2.348480775301,0.43,0.742364817767));
#2750 = CIRCLE('',#2751,0.1);
#2751 = AXIS2_PLACEMENT_3D('',#2752,#2753,#2754);
#2752 = CARTESIAN_POINT('',(2.25,0.43,0.725));
#2753 = DIRECTION('',(-1.110223024625E-16,1.,0.));
#2754 = DIRECTION('',(4.440892098501E-15,4.930380657631E-31,1.));
#2755 = ORIENTED_EDGE('',*,*,#2756,.F.);
#2756 = EDGE_CURVE('',#2657,#2748,#2757,.T.);
#2757 = LINE('',#2758,#2759);
#2758 = CARTESIAN_POINT('',(2.348480775301,0.84,0.742364817767));
#2759 = VECTOR('',#2760,1.);
#2760 = DIRECTION('',(1.110223024625E-16,-1.,0.));
#2761 = ORIENTED_EDGE('',*,*,#2656,.F.);
#2762 = CYLINDRICAL_SURFACE('',#2763,0.1);
#2763 = AXIS2_PLACEMENT_3D('',#2764,#2765,#2766);
#2764 = CARTESIAN_POINT('',(2.25,0.84,0.725));
#2765 = DIRECTION('',(-1.110223024625E-16,1.,0.));
#2766 = DIRECTION('',(4.440892098501E-15,4.930380657631E-31,1.));
#2767 = ADVANCED_FACE('',(#2768),#2846,.T.);
#2768 = FACE_BOUND('',#2769,.T.);
#2769 = EDGE_LOOP('',(#2770,#2771,#2772,#2773,#2781,#2790,#2798,#2806,
    #2814,#2823,#2831,#2840));
#2770 = ORIENTED_EDGE('',*,*,#1008,.F.);
#2771 = ORIENTED_EDGE('',*,*,#986,.T.);
#2772 = ORIENTED_EDGE('',*,*,#2747,.T.);
#2773 = ORIENTED_EDGE('',*,*,#2774,.T.);
#2774 = EDGE_CURVE('',#2748,#2775,#2777,.T.);
#2775 = VERTEX_POINT('',#2776);
#2776 = CARTESIAN_POINT('',(2.429496640897,0.43,0.2479055467));
#2777 = LINE('',#2778,#2779);
#2778 = CARTESIAN_POINT('',(2.348480775301,0.43,0.742364817767));
#2779 = VECTOR('',#2780,1.);
#2780 = DIRECTION('',(0.161691392282,1.795135065956E-17,-0.986841372087)
  );
#2781 = ORIENTED_EDGE('',*,*,#2782,.T.);
#2782 = EDGE_CURVE('',#2775,#2783,#2785,.T.);
#2783 = VERTEX_POINT('',#2784);
#2784 = CARTESIAN_POINT('',(2.724938966801,0.43,-1.665334536938E-16));
#2785 = CIRCLE('',#2786,0.3);
#2786 = AXIS2_PLACEMENT_3D('',#2787,#2788,#2789);
#2787 = CARTESIAN_POINT('',(2.724938966801,0.43,0.3));
#2788 = DIRECTION('',(1.110223024625E-16,-1.,0.));
#2789 = DIRECTION('',(-0.984807753012,-1.093356242223E-16,
    -0.173648177667));
#2790 = ORIENTED_EDGE('',*,*,#2791,.T.);
#2791 = EDGE_CURVE('',#2783,#2792,#2794,.T.);
#2792 = VERTEX_POINT('',#2793);
#2793 = CARTESIAN_POINT('',(3.,0.43,-1.665334536938E-16));
#2794 = LINE('',#2795,#2796);
#2795 = CARTESIAN_POINT('',(2.724938966801,0.43,-1.665334536938E-16));
#2796 = VECTOR('',#2797,1.);
#2797 = DIRECTION('',(1.,1.110223024625E-16,0.));
#2798 = ORIENTED_EDGE('',*,*,#2799,.T.);
#2799 = EDGE_CURVE('',#2792,#2800,#2802,.T.);
#2800 = VERTEX_POINT('',#2801);
#2801 = CARTESIAN_POINT('',(3.,0.43,0.2));
#2802 = LINE('',#2803,#2804);
#2803 = CARTESIAN_POINT('',(3.,0.43,-1.665334536938E-16));
#2804 = VECTOR('',#2805,1.);
#2805 = DIRECTION('',(0.,0.,1.));
#2806 = ORIENTED_EDGE('',*,*,#2807,.T.);
#2807 = EDGE_CURVE('',#2800,#2808,#2810,.T.);
#2808 = VERTEX_POINT('',#2809);
#2809 = CARTESIAN_POINT('',(2.724938966801,0.43,0.2));
#2810 = LINE('',#2811,#2812);
#2811 = CARTESIAN_POINT('',(3.,0.43,0.2));
#2812 = VECTOR('',#2813,1.);
#2813 = DIRECTION('',(-1.,-1.110223024625E-16,0.));
#2814 = ORIENTED_EDGE('',*,*,#2815,.T.);
#2815 = EDGE_CURVE('',#2808,#2816,#2818,.T.);
#2816 = VERTEX_POINT('',#2817);
#2817 = CARTESIAN_POINT('',(2.6264581915,0.43,0.282635182233));
#2818 = CIRCLE('',#2819,0.1);
#2819 = AXIS2_PLACEMENT_3D('',#2820,#2821,#2822);
#2820 = CARTESIAN_POINT('',(2.724938966801,0.43,0.3));
#2821 = DIRECTION('',(-1.110223024625E-16,1.,0.));
#2822 = DIRECTION('',(0.,0.,-1.));
#2823 = ORIENTED_EDGE('',*,*,#2824,.T.);
#2824 = EDGE_CURVE('',#2816,#2825,#2827,.T.);
#2825 = VERTEX_POINT('',#2826);
#2826 = CARTESIAN_POINT('',(2.545442325904,0.43,0.7770944533));
#2827 = LINE('',#2828,#2829);
#2828 = CARTESIAN_POINT('',(2.6264581915,0.43,0.282635182233));
#2829 = VECTOR('',#2830,1.);
#2830 = DIRECTION('',(-0.161691392282,-1.795135065956E-17,0.986841372087
    ));
#2831 = ORIENTED_EDGE('',*,*,#2832,.T.);
#2832 = EDGE_CURVE('',#2825,#2833,#2835,.T.);
#2833 = VERTEX_POINT('',#2834);
#2834 = CARTESIAN_POINT('',(2.25,0.43,1.025));
#2835 = CIRCLE('',#2836,0.3);
#2836 = AXIS2_PLACEMENT_3D('',#2837,#2838,#2839);
#2837 = CARTESIAN_POINT('',(2.25,0.43,0.725));
#2838 = DIRECTION('',(1.110223024625E-16,-1.,0.));
#2839 = DIRECTION('',(0.984807753012,1.093356242223E-16,0.173648177667)
  );
#2840 = ORIENTED_EDGE('',*,*,#2841,.T.);
#2841 = EDGE_CURVE('',#2833,#1009,#2842,.T.);
#2842 = LINE('',#2843,#2844);
#2843 = CARTESIAN_POINT('',(2.25,0.43,1.025));
#2844 = VECTOR('',#2845,1.);
#2845 = DIRECTION('',(-1.,-1.110223024625E-16,0.));
#2846 = PLANE('',#2847);
#2847 = AXIS2_PLACEMENT_3D('',#2848,#2849,#2850);
#2848 = CARTESIAN_POINT('',(2.42560961319,0.43,0.548953137803));
#2849 = DIRECTION('',(1.110223024625E-16,-1.,0.));
#2850 = DIRECTION('',(0.,0.,1.));
#2851 = ADVANCED_FACE('',(#2852),#2868,.F.);
#2852 = FACE_BOUND('',#2853,.F.);
#2853 = EDGE_LOOP('',(#2854,#2860,#2861,#2867));
#2854 = ORIENTED_EDGE('',*,*,#2855,.F.);
#2855 = EDGE_CURVE('',#1009,#1443,#2856,.T.);
#2856 = LINE('',#2857,#2858);
#2857 = CARTESIAN_POINT('',(2.25,0.43,1.025));
#2858 = VECTOR('',#2859,1.);
#2859 = DIRECTION('',(-1.,-1.110223024625E-16,0.));
#2860 = ORIENTED_EDGE('',*,*,#1025,.T.);
#2861 = ORIENTED_EDGE('',*,*,#2862,.T.);
#2862 = EDGE_CURVE('',#1018,#1451,#2863,.T.);
#2863 = LINE('',#2864,#2865);
#2864 = CARTESIAN_POINT('',(2.25,-0.43,1.025));
#2865 = VECTOR('',#2866,1.);
#2866 = DIRECTION('',(-1.,-1.110223024625E-16,0.));
#2867 = ORIENTED_EDGE('',*,*,#1450,.F.);
#2868 = PLANE('',#2869);
#2869 = AXIS2_PLACEMENT_3D('',#2870,#2871,#2872);
#2870 = CARTESIAN_POINT('',(-3.027078129022E-16,2.4125,1.025));
#2871 = DIRECTION('',(2.007919022429E-31,-7.713306628828E-27,-1.));
#2872 = DIRECTION('',(1.,1.112083013911E-16,2.00791902242E-31));
#2873 = ADVANCED_FACE('',(#2874),#2960,.F.);
#2874 = FACE_BOUND('',#2875,.F.);
#2875 = EDGE_LOOP('',(#2876,#2877,#2878,#2887,#2895,#2904,#2912,#2920,
    #2928,#2937,#2945,#2954));
#2876 = ORIENTED_EDGE('',*,*,#1017,.F.);
#2877 = ORIENTED_EDGE('',*,*,#1039,.T.);
#2878 = ORIENTED_EDGE('',*,*,#2879,.T.);
#2879 = EDGE_CURVE('',#1040,#2880,#2882,.T.);
#2880 = VERTEX_POINT('',#2881);
#2881 = CARTESIAN_POINT('',(2.348480775301,-0.43,0.742364817767));
#2882 = CIRCLE('',#2883,0.1);
#2883 = AXIS2_PLACEMENT_3D('',#2884,#2885,#2886);
#2884 = CARTESIAN_POINT('',(2.25,-0.43,0.725));
#2885 = DIRECTION('',(-1.110223024625E-16,1.,0.));
#2886 = DIRECTION('',(4.440892098501E-15,4.930380657631E-31,1.));
#2887 = ORIENTED_EDGE('',*,*,#2888,.T.);
#2888 = EDGE_CURVE('',#2880,#2889,#2891,.T.);
#2889 = VERTEX_POINT('',#2890);
#2890 = CARTESIAN_POINT('',(2.429496640897,-0.43,0.2479055467));
#2891 = LINE('',#2892,#2893);
#2892 = CARTESIAN_POINT('',(2.348480775301,-0.43,0.742364817767));
#2893 = VECTOR('',#2894,1.);
#2894 = DIRECTION('',(0.161691392282,1.795135065956E-17,-0.986841372087)
  );
#2895 = ORIENTED_EDGE('',*,*,#2896,.T.);
#2896 = EDGE_CURVE('',#2889,#2897,#2899,.T.);
#2897 = VERTEX_POINT('',#2898);
#2898 = CARTESIAN_POINT('',(2.724938966801,-0.43,-1.665334536938E-16));
#2899 = CIRCLE('',#2900,0.3);
#2900 = AXIS2_PLACEMENT_3D('',#2901,#2902,#2903);
#2901 = CARTESIAN_POINT('',(2.724938966801,-0.43,0.3));
#2902 = DIRECTION('',(1.110223024625E-16,-1.,0.));
#2903 = DIRECTION('',(-0.984807753012,-1.093356242223E-16,
    -0.173648177667));
#2904 = ORIENTED_EDGE('',*,*,#2905,.T.);
#2905 = EDGE_CURVE('',#2897,#2906,#2908,.T.);
#2906 = VERTEX_POINT('',#2907);
#2907 = CARTESIAN_POINT('',(3.,-0.43,-1.665334536938E-16));
#2908 = LINE('',#2909,#2910);
#2909 = CARTESIAN_POINT('',(2.724938966801,-0.43,-1.665334536938E-16));
#2910 = VECTOR('',#2911,1.);
#2911 = DIRECTION('',(1.,1.110223024625E-16,0.));
#2912 = ORIENTED_EDGE('',*,*,#2913,.T.);
#2913 = EDGE_CURVE('',#2906,#2914,#2916,.T.);
#2914 = VERTEX_POINT('',#2915);
#2915 = CARTESIAN_POINT('',(3.,-0.43,0.2));
#2916 = LINE('',#2917,#2918);
#2917 = CARTESIAN_POINT('',(3.,-0.43,-1.665334536938E-16));
#2918 = VECTOR('',#2919,1.);
#2919 = DIRECTION('',(0.,0.,1.));
#2920 = ORIENTED_EDGE('',*,*,#2921,.T.);
#2921 = EDGE_CURVE('',#2914,#2922,#2924,.T.);
#2922 = VERTEX_POINT('',#2923);
#2923 = CARTESIAN_POINT('',(2.724938966801,-0.43,0.2));
#2924 = LINE('',#2925,#2926);
#2925 = CARTESIAN_POINT('',(3.,-0.43,0.2));
#2926 = VECTOR('',#2927,1.);
#2927 = DIRECTION('',(-1.,-1.110223024625E-16,0.));
#2928 = ORIENTED_EDGE('',*,*,#2929,.T.);
#2929 = EDGE_CURVE('',#2922,#2930,#2932,.T.);
#2930 = VERTEX_POINT('',#2931);
#2931 = CARTESIAN_POINT('',(2.6264581915,-0.43,0.282635182233));
#2932 = CIRCLE('',#2933,0.1);
#2933 = AXIS2_PLACEMENT_3D('',#2934,#2935,#2936);
#2934 = CARTESIAN_POINT('',(2.724938966801,-0.43,0.3));
#2935 = DIRECTION('',(-1.110223024625E-16,1.,0.));
#2936 = DIRECTION('',(0.,0.,-1.));
#2937 = ORIENTED_EDGE('',*,*,#2938,.T.);
#2938 = EDGE_CURVE('',#2930,#2939,#2941,.T.);
#2939 = VERTEX_POINT('',#2940);
#2940 = CARTESIAN_POINT('',(2.545442325904,-0.43,0.7770944533));
#2941 = LINE('',#2942,#2943);
#2942 = CARTESIAN_POINT('',(2.6264581915,-0.43,0.282635182233));
#2943 = VECTOR('',#2944,1.);
#2944 = DIRECTION('',(-0.161691392282,-1.795135065956E-17,0.986841372087
    ));
#2945 = ORIENTED_EDGE('',*,*,#2946,.T.);
#2946 = EDGE_CURVE('',#2939,#2947,#2949,.T.);
#2947 = VERTEX_POINT('',#2948);
#2948 = CARTESIAN_POINT('',(2.25,-0.43,1.025));
#2949 = CIRCLE('',#2950,0.3);
#2950 = AXIS2_PLACEMENT_3D('',#2951,#2952,#2953);
#2951 = CARTESIAN_POINT('',(2.25,-0.43,0.725));
#2952 = DIRECTION('',(1.110223024625E-16,-1.,0.));
#2953 = DIRECTION('',(0.984807753012,1.093356242223E-16,0.173648177667)
  );
#2954 = ORIENTED_EDGE('',*,*,#2955,.T.);
#2955 = EDGE_CURVE('',#2947,#1018,#2956,.T.);
#2956 = LINE('',#2957,#2958);
#2957 = CARTESIAN_POINT('',(2.25,-0.43,1.025));
#2958 = VECTOR('',#2959,1.);
#2959 = DIRECTION('',(-1.,-1.110223024625E-16,0.));
#2960 = PLANE('',#2961);
#2961 = AXIS2_PLACEMENT_3D('',#2962,#2963,#2964);
#2962 = CARTESIAN_POINT('',(2.42560961319,-0.43,0.548953137803));
#2963 = DIRECTION('',(1.110223024625E-16,-1.,0.));
#2964 = DIRECTION('',(0.,0.,1.));
#2965 = ADVANCED_FACE('',(#2966),#2985,.F.);
#2966 = FACE_BOUND('',#2967,.F.);
#2967 = EDGE_LOOP('',(#2968,#2969,#2978,#2984));
#2968 = ORIENTED_EDGE('',*,*,#1056,.T.);
#2969 = ORIENTED_EDGE('',*,*,#2970,.T.);
#2970 = EDGE_CURVE('',#1049,#2971,#2973,.T.);
#2971 = VERTEX_POINT('',#2972);
#2972 = CARTESIAN_POINT('',(2.348480775301,-0.84,0.742364817767));
#2973 = CIRCLE('',#2974,0.1);
#2974 = AXIS2_PLACEMENT_3D('',#2975,#2976,#2977);
#2975 = CARTESIAN_POINT('',(2.25,-0.84,0.725));
#2976 = DIRECTION('',(-1.110223024625E-16,1.,0.));
#2977 = DIRECTION('',(4.440892098501E-15,4.930380657631E-31,1.));
#2978 = ORIENTED_EDGE('',*,*,#2979,.F.);
#2979 = EDGE_CURVE('',#2880,#2971,#2980,.T.);
#2980 = LINE('',#2981,#2982);
#2981 = CARTESIAN_POINT('',(2.348480775301,-0.43,0.742364817767));
#2982 = VECTOR('',#2983,1.);
#2983 = DIRECTION('',(1.110223024625E-16,-1.,0.));
#2984 = ORIENTED_EDGE('',*,*,#2879,.F.);
#2985 = CYLINDRICAL_SURFACE('',#2986,0.1);
#2986 = AXIS2_PLACEMENT_3D('',#2987,#2988,#2989);
#2987 = CARTESIAN_POINT('',(2.25,-0.43,0.725));
#2988 = DIRECTION('',(-1.110223024625E-16,1.,0.));
#2989 = DIRECTION('',(4.440892098501E-15,4.930380657631E-31,1.));
#2990 = ADVANCED_FACE('',(#2991),#3069,.T.);
#2991 = FACE_BOUND('',#2992,.T.);
#2992 = EDGE_LOOP('',(#2993,#2994,#2995,#2996,#3004,#3013,#3021,#3029,
    #3037,#3046,#3054,#3063));
#2993 = ORIENTED_EDGE('',*,*,#1070,.F.);
#2994 = ORIENTED_EDGE('',*,*,#1048,.T.);
#2995 = ORIENTED_EDGE('',*,*,#2970,.T.);
#2996 = ORIENTED_EDGE('',*,*,#2997,.T.);
#2997 = EDGE_CURVE('',#2971,#2998,#3000,.T.);
#2998 = VERTEX_POINT('',#2999);
#2999 = CARTESIAN_POINT('',(2.429496640897,-0.84,0.2479055467));
#3000 = LINE('',#3001,#3002);
#3001 = CARTESIAN_POINT('',(2.348480775301,-0.84,0.742364817767));
#3002 = VECTOR('',#3003,1.);
#3003 = DIRECTION('',(0.161691392282,1.795135065956E-17,-0.986841372087)
  );
#3004 = ORIENTED_EDGE('',*,*,#3005,.T.);
#3005 = EDGE_CURVE('',#2998,#3006,#3008,.T.);
#3006 = VERTEX_POINT('',#3007);
#3007 = CARTESIAN_POINT('',(2.724938966801,-0.84,-1.665334536938E-16));
#3008 = CIRCLE('',#3009,0.3);
#3009 = AXIS2_PLACEMENT_3D('',#3010,#3011,#3012);
#3010 = CARTESIAN_POINT('',(2.724938966801,-0.84,0.3));
#3011 = DIRECTION('',(1.110223024625E-16,-1.,0.));
#3012 = DIRECTION('',(-0.984807753012,-1.093356242223E-16,
    -0.173648177667));
#3013 = ORIENTED_EDGE('',*,*,#3014,.T.);
#3014 = EDGE_CURVE('',#3006,#3015,#3017,.T.);
#3015 = VERTEX_POINT('',#3016);
#3016 = CARTESIAN_POINT('',(3.,-0.84,-1.665334536938E-16));
#3017 = LINE('',#3018,#3019);
#3018 = CARTESIAN_POINT('',(2.724938966801,-0.84,-1.665334536938E-16));
#3019 = VECTOR('',#3020,1.);
#3020 = DIRECTION('',(1.,1.110223024625E-16,0.));
#3021 = ORIENTED_EDGE('',*,*,#3022,.T.);
#3022 = EDGE_CURVE('',#3015,#3023,#3025,.T.);
#3023 = VERTEX_POINT('',#3024);
#3024 = CARTESIAN_POINT('',(3.,-0.84,0.2));
#3025 = LINE('',#3026,#3027);
#3026 = CARTESIAN_POINT('',(3.,-0.84,-1.665334536938E-16));
#3027 = VECTOR('',#3028,1.);
#3028 = DIRECTION('',(0.,0.,1.));
#3029 = ORIENTED_EDGE('',*,*,#3030,.T.);
#3030 = EDGE_CURVE('',#3023,#3031,#3033,.T.);
#3031 = VERTEX_POINT('',#3032);
#3032 = CARTESIAN_POINT('',(2.724938966801,-0.84,0.2));
#3033 = LINE('',#3034,#3035);
#3034 = CARTESIAN_POINT('',(3.,-0.84,0.2));
#3035 = VECTOR('',#3036,1.);
#3036 = DIRECTION('',(-1.,-1.110223024625E-16,0.));
#3037 = ORIENTED_EDGE('',*,*,#3038,.T.);
#3038 = EDGE_CURVE('',#3031,#3039,#3041,.T.);
#3039 = VERTEX_POINT('',#3040);
#3040 = CARTESIAN_POINT('',(2.6264581915,-0.84,0.282635182233));
#3041 = CIRCLE('',#3042,0.1);
#3042 = AXIS2_PLACEMENT_3D('',#3043,#3044,#3045);
#3043 = CARTESIAN_POINT('',(2.724938966801,-0.84,0.3));
#3044 = DIRECTION('',(-1.110223024625E-16,1.,0.));
#3045 = DIRECTION('',(0.,0.,-1.));
#3046 = ORIENTED_EDGE('',*,*,#3047,.T.);
#3047 = EDGE_CURVE('',#3039,#3048,#3050,.T.);
#3048 = VERTEX_POINT('',#3049);
#3049 = CARTESIAN_POINT('',(2.545442325904,-0.84,0.7770944533));
#3050 = LINE('',#3051,#3052);
#3051 = CARTESIAN_POINT('',(2.6264581915,-0.84,0.282635182233));
#3052 = VECTOR('',#3053,1.);
#3053 = DIRECTION('',(-0.161691392282,-1.795135065956E-17,0.986841372087
    ));
#3054 = ORIENTED_EDGE('',*,*,#3055,.T.);
#3055 = EDGE_CURVE('',#3048,#3056,#3058,.T.);
#3056 = VERTEX_POINT('',#3057);
#3057 = CARTESIAN_POINT('',(2.25,-0.84,1.025));
#3058 = CIRCLE('',#3059,0.3);
#3059 = AXIS2_PLACEMENT_3D('',#3060,#3061,#3062);
#3060 = CARTESIAN_POINT('',(2.25,-0.84,0.725));
#3061 = DIRECTION('',(1.110223024625E-16,-1.,0.));
#3062 = DIRECTION('',(0.984807753012,1.093356242223E-16,0.173648177667)
  );
#3063 = ORIENTED_EDGE('',*,*,#3064,.T.);
#3064 = EDGE_CURVE('',#3056,#1071,#3065,.T.);
#3065 = LINE('',#3066,#3067);
#3066 = CARTESIAN_POINT('',(2.25,-0.84,1.025));
#3067 = VECTOR('',#3068,1.);
#3068 = DIRECTION('',(-1.,-1.110223024625E-16,0.));
#3069 = PLANE('',#3070);
#3070 = AXIS2_PLACEMENT_3D('',#3071,#3072,#3073);
#3071 = CARTESIAN_POINT('',(2.42560961319,-0.84,0.548953137803));
#3072 = DIRECTION('',(1.110223024625E-16,-1.,0.));
#3073 = DIRECTION('',(0.,0.,1.));
#3074 = ADVANCED_FACE('',(#3075),#3091,.F.);
#3075 = FACE_BOUND('',#3076,.F.);
#3076 = EDGE_LOOP('',(#3077,#3083,#3084,#3090));
#3077 = ORIENTED_EDGE('',*,*,#3078,.F.);
#3078 = EDGE_CURVE('',#1071,#1459,#3079,.T.);
#3079 = LINE('',#3080,#3081);
#3080 = CARTESIAN_POINT('',(2.25,-0.84,1.025));
#3081 = VECTOR('',#3082,1.);
#3082 = DIRECTION('',(-1.,-1.110223024625E-16,0.));
#3083 = ORIENTED_EDGE('',*,*,#1087,.T.);
#3084 = ORIENTED_EDGE('',*,*,#3085,.T.);
#3085 = EDGE_CURVE('',#1080,#1467,#3086,.T.);
#3086 = LINE('',#3087,#3088);
#3087 = CARTESIAN_POINT('',(2.25,-1.7,1.025));
#3088 = VECTOR('',#3089,1.);
#3089 = DIRECTION('',(-1.,-1.110223024625E-16,0.));
#3090 = ORIENTED_EDGE('',*,*,#1466,.F.);
#3091 = PLANE('',#3092);
#3092 = AXIS2_PLACEMENT_3D('',#3093,#3094,#3095);
#3093 = CARTESIAN_POINT('',(-3.027078129022E-16,2.4125,1.025));
#3094 = DIRECTION('',(2.007919022429E-31,-7.713306628828E-27,-1.));
#3095 = DIRECTION('',(1.,1.112083013911E-16,2.00791902242E-31));
#3096 = ADVANCED_FACE('',(#3097),#3183,.F.);
#3097 = FACE_BOUND('',#3098,.F.);
#3098 = EDGE_LOOP('',(#3099,#3100,#3101,#3110,#3118,#3127,#3135,#3143,
    #3151,#3160,#3168,#3177));
#3099 = ORIENTED_EDGE('',*,*,#1079,.F.);
#3100 = ORIENTED_EDGE('',*,*,#1101,.T.);
#3101 = ORIENTED_EDGE('',*,*,#3102,.T.);
#3102 = EDGE_CURVE('',#1102,#3103,#3105,.T.);
#3103 = VERTEX_POINT('',#3104);
#3104 = CARTESIAN_POINT('',(2.348480775301,-1.7,0.742364817767));
#3105 = CIRCLE('',#3106,0.1);
#3106 = AXIS2_PLACEMENT_3D('',#3107,#3108,#3109);
#3107 = CARTESIAN_POINT('',(2.25,-1.7,0.725));
#3108 = DIRECTION('',(-1.110223024625E-16,1.,0.));
#3109 = DIRECTION('',(4.440892098501E-15,4.930380657631E-31,1.));
#3110 = ORIENTED_EDGE('',*,*,#3111,.T.);
#3111 = EDGE_CURVE('',#3103,#3112,#3114,.T.);
#3112 = VERTEX_POINT('',#3113);
#3113 = CARTESIAN_POINT('',(2.429496640897,-1.7,0.2479055467));
#3114 = LINE('',#3115,#3116);
#3115 = CARTESIAN_POINT('',(2.348480775301,-1.7,0.742364817767));
#3116 = VECTOR('',#3117,1.);
#3117 = DIRECTION('',(0.161691392282,1.795135065956E-17,-0.986841372087)
  );
#3118 = ORIENTED_EDGE('',*,*,#3119,.T.);
#3119 = EDGE_CURVE('',#3112,#3120,#3122,.T.);
#3120 = VERTEX_POINT('',#3121);
#3121 = CARTESIAN_POINT('',(2.724938966801,-1.7,-1.665334536938E-16));
#3122 = CIRCLE('',#3123,0.3);
#3123 = AXIS2_PLACEMENT_3D('',#3124,#3125,#3126);
#3124 = CARTESIAN_POINT('',(2.724938966801,-1.7,0.3));
#3125 = DIRECTION('',(1.110223024625E-16,-1.,0.));
#3126 = DIRECTION('',(-0.984807753012,-1.093356242223E-16,
    -0.173648177667));
#3127 = ORIENTED_EDGE('',*,*,#3128,.T.);
#3128 = EDGE_CURVE('',#3120,#3129,#3131,.T.);
#3129 = VERTEX_POINT('',#3130);
#3130 = CARTESIAN_POINT('',(3.,-1.7,-1.665334536938E-16));
#3131 = LINE('',#3132,#3133);
#3132 = CARTESIAN_POINT('',(2.724938966801,-1.7,-1.665334536938E-16));
#3133 = VECTOR('',#3134,1.);
#3134 = DIRECTION('',(1.,1.110223024625E-16,0.));
#3135 = ORIENTED_EDGE('',*,*,#3136,.T.);
#3136 = EDGE_CURVE('',#3129,#3137,#3139,.T.);
#3137 = VERTEX_POINT('',#3138);
#3138 = CARTESIAN_POINT('',(3.,-1.7,0.2));
#3139 = LINE('',#3140,#3141);
#3140 = CARTESIAN_POINT('',(3.,-1.7,-1.665334536938E-16));
#3141 = VECTOR('',#3142,1.);
#3142 = DIRECTION('',(0.,0.,1.));
#3143 = ORIENTED_EDGE('',*,*,#3144,.T.);
#3144 = EDGE_CURVE('',#3137,#3145,#3147,.T.);
#3145 = VERTEX_POINT('',#3146);
#3146 = CARTESIAN_POINT('',(2.724938966801,-1.7,0.2));
#3147 = LINE('',#3148,#3149);
#3148 = CARTESIAN_POINT('',(3.,-1.7,0.2));
#3149 = VECTOR('',#3150,1.);
#3150 = DIRECTION('',(-1.,-1.110223024625E-16,0.));
#3151 = ORIENTED_EDGE('',*,*,#3152,.T.);
#3152 = EDGE_CURVE('',#3145,#3153,#3155,.T.);
#3153 = VERTEX_POINT('',#3154);
#3154 = CARTESIAN_POINT('',(2.6264581915,-1.7,0.282635182233));
#3155 = CIRCLE('',#3156,0.1);
#3156 = AXIS2_PLACEMENT_3D('',#3157,#3158,#3159);
#3157 = CARTESIAN_POINT('',(2.724938966801,-1.7,0.3));
#3158 = DIRECTION('',(-1.110223024625E-16,1.,0.));
#3159 = DIRECTION('',(0.,0.,-1.));
#3160 = ORIENTED_EDGE('',*,*,#3161,.T.);
#3161 = EDGE_CURVE('',#3153,#3162,#3164,.T.);
#3162 = VERTEX_POINT('',#3163);
#3163 = CARTESIAN_POINT('',(2.545442325904,-1.7,0.7770944533));
#3164 = LINE('',#3165,#3166);
#3165 = CARTESIAN_POINT('',(2.6264581915,-1.7,0.282635182233));
#3166 = VECTOR('',#3167,1.);
#3167 = DIRECTION('',(-0.161691392282,-1.795135065956E-17,0.986841372087
    ));
#3168 = ORIENTED_EDGE('',*,*,#3169,.T.);
#3169 = EDGE_CURVE('',#3162,#3170,#3172,.T.);
#3170 = VERTEX_POINT('',#3171);
#3171 = CARTESIAN_POINT('',(2.25,-1.7,1.025));
#3172 = CIRCLE('',#3173,0.3);
#3173 = AXIS2_PLACEMENT_3D('',#3174,#3175,#3176);
#3174 = CARTESIAN_POINT('',(2.25,-1.7,0.725));
#3175 = DIRECTION('',(1.110223024625E-16,-1.,0.));
#3176 = DIRECTION('',(0.984807753012,1.093356242223E-16,0.173648177667)
  );
#3177 = ORIENTED_EDGE('',*,*,#3178,.T.);
#3178 = EDGE_CURVE('',#3170,#1080,#3179,.T.);
#3179 = LINE('',#3180,#3181);
#3180 = CARTESIAN_POINT('',(2.25,-1.7,1.025));
#3181 = VECTOR('',#3182,1.);
#3182 = DIRECTION('',(-1.,-1.110223024625E-16,0.));
#3183 = PLANE('',#3184);
#3184 = AXIS2_PLACEMENT_3D('',#3185,#3186,#3187);
#3185 = CARTESIAN_POINT('',(2.42560961319,-1.7,0.548953137803));
#3186 = DIRECTION('',(1.110223024625E-16,-1.,0.));
#3187 = DIRECTION('',(0.,0.,1.));
#3188 = ADVANCED_FACE('',(#3189),#3208,.F.);
#3189 = FACE_BOUND('',#3190,.F.);
#3190 = EDGE_LOOP('',(#3191,#3192,#3201,#3207));
#3191 = ORIENTED_EDGE('',*,*,#1118,.T.);
#3192 = ORIENTED_EDGE('',*,*,#3193,.T.);
#3193 = EDGE_CURVE('',#1111,#3194,#3196,.T.);
#3194 = VERTEX_POINT('',#3195);
#3195 = CARTESIAN_POINT('',(2.348480775301,-2.11,0.742364817767));
#3196 = CIRCLE('',#3197,0.1);
#3197 = AXIS2_PLACEMENT_3D('',#3198,#3199,#3200);
#3198 = CARTESIAN_POINT('',(2.25,-2.11,0.725));
#3199 = DIRECTION('',(-1.110223024625E-16,1.,0.));
#3200 = DIRECTION('',(4.440892098501E-15,4.930380657631E-31,1.));
#3201 = ORIENTED_EDGE('',*,*,#3202,.F.);
#3202 = EDGE_CURVE('',#3103,#3194,#3203,.T.);
#3203 = LINE('',#3204,#3205);
#3204 = CARTESIAN_POINT('',(2.348480775301,-1.7,0.742364817767));
#3205 = VECTOR('',#3206,1.);
#3206 = DIRECTION('',(1.110223024625E-16,-1.,0.));
#3207 = ORIENTED_EDGE('',*,*,#3102,.F.);
#3208 = CYLINDRICAL_SURFACE('',#3209,0.1);
#3209 = AXIS2_PLACEMENT_3D('',#3210,#3211,#3212);
#3210 = CARTESIAN_POINT('',(2.25,-1.7,0.725));
#3211 = DIRECTION('',(-1.110223024625E-16,1.,0.));
#3212 = DIRECTION('',(4.440892098501E-15,4.930380657631E-31,1.));
#3213 = ADVANCED_FACE('',(#3214),#3292,.T.);
#3214 = FACE_BOUND('',#3215,.T.);
#3215 = EDGE_LOOP('',(#3216,#3217,#3218,#3219,#3227,#3236,#3244,#3252,
    #3260,#3269,#3277,#3286));
#3216 = ORIENTED_EDGE('',*,*,#1132,.F.);
#3217 = ORIENTED_EDGE('',*,*,#1110,.T.);
#3218 = ORIENTED_EDGE('',*,*,#3193,.T.);
#3219 = ORIENTED_EDGE('',*,*,#3220,.T.);
#3220 = EDGE_CURVE('',#3194,#3221,#3223,.T.);
#3221 = VERTEX_POINT('',#3222);
#3222 = CARTESIAN_POINT('',(2.429496640897,-2.11,0.2479055467));
#3223 = LINE('',#3224,#3225);
#3224 = CARTESIAN_POINT('',(2.348480775301,-2.11,0.742364817767));
#3225 = VECTOR('',#3226,1.);
#3226 = DIRECTION('',(0.161691392282,1.795135065956E-17,-0.986841372087)
  );
#3227 = ORIENTED_EDGE('',*,*,#3228,.T.);
#3228 = EDGE_CURVE('',#3221,#3229,#3231,.T.);
#3229 = VERTEX_POINT('',#3230);
#3230 = CARTESIAN_POINT('',(2.724938966801,-2.11,-1.665334536938E-16));
#3231 = CIRCLE('',#3232,0.3);
#3232 = AXIS2_PLACEMENT_3D('',#3233,#3234,#3235);
#3233 = CARTESIAN_POINT('',(2.724938966801,-2.11,0.3));
#3234 = DIRECTION('',(1.110223024625E-16,-1.,0.));
#3235 = DIRECTION('',(-0.984807753012,-1.093356242223E-16,
    -0.173648177667));
#3236 = ORIENTED_EDGE('',*,*,#3237,.T.);
#3237 = EDGE_CURVE('',#3229,#3238,#3240,.T.);
#3238 = VERTEX_POINT('',#3239);
#3239 = CARTESIAN_POINT('',(3.,-2.11,-1.665334536938E-16));
#3240 = LINE('',#3241,#3242);
#3241 = CARTESIAN_POINT('',(2.724938966801,-2.11,-1.665334536938E-16));
#3242 = VECTOR('',#3243,1.);
#3243 = DIRECTION('',(1.,1.110223024625E-16,0.));
#3244 = ORIENTED_EDGE('',*,*,#3245,.T.);
#3245 = EDGE_CURVE('',#3238,#3246,#3248,.T.);
#3246 = VERTEX_POINT('',#3247);
#3247 = CARTESIAN_POINT('',(3.,-2.11,0.2));
#3248 = LINE('',#3249,#3250);
#3249 = CARTESIAN_POINT('',(3.,-2.11,-1.665334536938E-16));
#3250 = VECTOR('',#3251,1.);
#3251 = DIRECTION('',(0.,0.,1.));
#3252 = ORIENTED_EDGE('',*,*,#3253,.T.);
#3253 = EDGE_CURVE('',#3246,#3254,#3256,.T.);
#3254 = VERTEX_POINT('',#3255);
#3255 = CARTESIAN_POINT('',(2.724938966801,-2.11,0.2));
#3256 = LINE('',#3257,#3258);
#3257 = CARTESIAN_POINT('',(3.,-2.11,0.2));
#3258 = VECTOR('',#3259,1.);
#3259 = DIRECTION('',(-1.,-1.110223024625E-16,0.));
#3260 = ORIENTED_EDGE('',*,*,#3261,.T.);
#3261 = EDGE_CURVE('',#3254,#3262,#3264,.T.);
#3262 = VERTEX_POINT('',#3263);
#3263 = CARTESIAN_POINT('',(2.6264581915,-2.11,0.282635182233));
#3264 = CIRCLE('',#3265,0.1);
#3265 = AXIS2_PLACEMENT_3D('',#3266,#3267,#3268);
#3266 = CARTESIAN_POINT('',(2.724938966801,-2.11,0.3));
#3267 = DIRECTION('',(-1.110223024625E-16,1.,0.));
#3268 = DIRECTION('',(0.,0.,-1.));
#3269 = ORIENTED_EDGE('',*,*,#3270,.T.);
#3270 = EDGE_CURVE('',#3262,#3271,#3273,.T.);
#3271 = VERTEX_POINT('',#3272);
#3272 = CARTESIAN_POINT('',(2.545442325904,-2.11,0.7770944533));
#3273 = LINE('',#3274,#3275);
#3274 = CARTESIAN_POINT('',(2.6264581915,-2.11,0.282635182233));
#3275 = VECTOR('',#3276,1.);
#3276 = DIRECTION('',(-0.161691392282,-1.795135065956E-17,0.986841372087
    ));
#3277 = ORIENTED_EDGE('',*,*,#3278,.T.);
#3278 = EDGE_CURVE('',#3271,#3279,#3281,.T.);
#3279 = VERTEX_POINT('',#3280);
#3280 = CARTESIAN_POINT('',(2.25,-2.11,1.025));
#3281 = CIRCLE('',#3282,0.3);
#3282 = AXIS2_PLACEMENT_3D('',#3283,#3284,#3285);
#3283 = CARTESIAN_POINT('',(2.25,-2.11,0.725));
#3284 = DIRECTION('',(1.110223024625E-16,-1.,0.));
#3285 = DIRECTION('',(0.984807753012,1.093356242223E-16,0.173648177667)
  );
#3286 = ORIENTED_EDGE('',*,*,#3287,.T.);
#3287 = EDGE_CURVE('',#3279,#1133,#3288,.T.);
#3288 = LINE('',#3289,#3290);
#3289 = CARTESIAN_POINT('',(2.25,-2.11,1.025));
#3290 = VECTOR('',#3291,1.);
#3291 = DIRECTION('',(-1.,-1.110223024625E-16,0.));
#3292 = PLANE('',#3293);
#3293 = AXIS2_PLACEMENT_3D('',#3294,#3295,#3296);
#3294 = CARTESIAN_POINT('',(2.42560961319,-2.11,0.548953137803));
#3295 = DIRECTION('',(1.110223024625E-16,-1.,0.));
#3296 = DIRECTION('',(0.,0.,1.));
#3297 = ADVANCED_FACE('',(#3298),#3309,.T.);
#3298 = FACE_BOUND('',#3299,.T.);
#3299 = EDGE_LOOP('',(#3300,#3301,#3302,#3303));
#3300 = ORIENTED_EDGE('',*,*,#2332,.T.);
#3301 = ORIENTED_EDGE('',*,*,#1233,.T.);
#3302 = ORIENTED_EDGE('',*,*,#2434,.F.);
#3303 = ORIENTED_EDGE('',*,*,#3304,.F.);
#3304 = EDGE_CURVE('',#2325,#2427,#3305,.T.);
#3305 = LINE('',#3306,#3307);
#3306 = CARTESIAN_POINT('',(-2.545442325904,1.7,0.7770944533));
#3307 = VECTOR('',#3308,1.);
#3308 = DIRECTION('',(1.144237745222E-17,1.,0.));
#3309 = CYLINDRICAL_SURFACE('',#3310,0.3);
#3310 = AXIS2_PLACEMENT_3D('',#3311,#3312,#3313);
#3311 = CARTESIAN_POINT('',(-2.25,1.7,0.725));
#3312 = DIRECTION('',(-1.144237745222E-17,-1.,0.));
#3313 = DIRECTION('',(-0.984807753012,1.126854202784E-17,0.173648177667)
  );
#3314 = ADVANCED_FACE('',(#3315),#3328,.F.);
#3315 = FACE_BOUND('',#3316,.F.);
#3316 = EDGE_LOOP('',(#3317,#3318,#3324,#3325,#3326,#3327));
#3317 = ORIENTED_EDGE('',*,*,#1677,.F.);
#3318 = ORIENTED_EDGE('',*,*,#3319,.T.);
#3319 = EDGE_CURVE('',#1669,#1778,#3320,.T.);
#3320 = LINE('',#3321,#3322);
#3321 = CARTESIAN_POINT('',(-2.25,-2.11,1.025));
#3322 = VECTOR('',#3323,1.);
#3323 = DIRECTION('',(1.144237745222E-17,1.,0.));
#3324 = ORIENTED_EDGE('',*,*,#1786,.T.);
#3325 = ORIENTED_EDGE('',*,*,#1808,.T.);
#3326 = ORIENTED_EDGE('',*,*,#1280,.F.);
#3327 = ORIENTED_EDGE('',*,*,#1551,.F.);
#3328 = PLANE('',#3329);
#3329 = AXIS2_PLACEMENT_3D('',#3330,#3331,#3332);
#3330 = CARTESIAN_POINT('',(-2.25,-2.11,1.025));
#3331 = DIRECTION('',(0.,0.,-1.));
#3332 = DIRECTION('',(1.,-1.144237745222E-17,0.));
#3333 = ADVANCED_FACE('',(#3334),#3347,.F.);
#3334 = FACE_BOUND('',#3335,.F.);
#3335 = EDGE_LOOP('',(#3336,#3337,#3343,#3344,#3345,#3346));
#3336 = ORIENTED_EDGE('',*,*,#1900,.F.);
#3337 = ORIENTED_EDGE('',*,*,#3338,.T.);
#3338 = EDGE_CURVE('',#1892,#2001,#3339,.T.);
#3339 = LINE('',#3340,#3341);
#3340 = CARTESIAN_POINT('',(-2.25,-0.84,1.025));
#3341 = VECTOR('',#3342,1.);
#3342 = DIRECTION('',(1.144237745222E-17,1.,0.));
#3343 = ORIENTED_EDGE('',*,*,#2009,.T.);
#3344 = ORIENTED_EDGE('',*,*,#2031,.T.);
#3345 = ORIENTED_EDGE('',*,*,#1296,.F.);
#3346 = ORIENTED_EDGE('',*,*,#1801,.F.);
#3347 = PLANE('',#3348);
#3348 = AXIS2_PLACEMENT_3D('',#3349,#3350,#3351);
#3349 = CARTESIAN_POINT('',(-2.25,-0.84,1.025));
#3350 = DIRECTION('',(0.,0.,-1.));
#3351 = DIRECTION('',(1.,-1.144237745222E-17,0.));
#3352 = ADVANCED_FACE('',(#3353),#3366,.F.);
#3353 = FACE_BOUND('',#3354,.F.);
#3354 = EDGE_LOOP('',(#3355,#3356,#3362,#3363,#3364,#3365));
#3355 = ORIENTED_EDGE('',*,*,#2123,.F.);
#3356 = ORIENTED_EDGE('',*,*,#3357,.T.);
#3357 = EDGE_CURVE('',#2115,#2224,#3358,.T.);
#3358 = LINE('',#3359,#3360);
#3359 = CARTESIAN_POINT('',(-2.25,0.43,1.025));
#3360 = VECTOR('',#3361,1.);
#3361 = DIRECTION('',(1.144237745222E-17,1.,0.));
#3362 = ORIENTED_EDGE('',*,*,#2232,.T.);
#3363 = ORIENTED_EDGE('',*,*,#2249,.T.);
#3364 = ORIENTED_EDGE('',*,*,#1312,.F.);
#3365 = ORIENTED_EDGE('',*,*,#2024,.F.);
#3366 = PLANE('',#3367);
#3367 = AXIS2_PLACEMENT_3D('',#3368,#3369,#3370);
#3368 = CARTESIAN_POINT('',(-2.25,0.43,1.025));
#3369 = DIRECTION('',(0.,0.,-1.));
#3370 = DIRECTION('',(1.,-1.144237745222E-17,0.));
#3371 = ADVANCED_FACE('',(#3372,#3401),#3412,.F.);
#3372 = FACE_BOUND('',#3373,.F.);
#3373 = EDGE_LOOP('',(#3374,#3375,#3376,#3377,#3385,#3393,#3399,#3400));
#3374 = ORIENTED_EDGE('',*,*,#1387,.T.);
#3375 = ORIENTED_EDGE('',*,*,#1410,.T.);
#3376 = ORIENTED_EDGE('',*,*,#1497,.T.);
#3377 = ORIENTED_EDGE('',*,*,#3378,.T.);
#3378 = EDGE_CURVE('',#1491,#3379,#3381,.T.);
#3379 = VERTEX_POINT('',#3380);
#3380 = CARTESIAN_POINT('',(1.680085640382,-2.260171280765,1.75));
#3381 = LINE('',#3382,#3383);
#3382 = CARTESIAN_POINT('',(1.760171280765,-2.180085640382,1.75));
#3383 = VECTOR('',#3384,1.);
#3384 = DIRECTION('',(-0.707106781187,-0.707106781187,0.));
#3385 = ORIENTED_EDGE('',*,*,#3386,.T.);
#3386 = EDGE_CURVE('',#3379,#3387,#3389,.T.);
#3387 = VERTEX_POINT('',#3388);
#3388 = CARTESIAN_POINT('',(-1.680085640382,-2.260171280765,1.75));
#3389 = LINE('',#3390,#3391);
#3390 = CARTESIAN_POINT('',(1.680085640382,-2.260171280765,1.75));
#3391 = VECTOR('',#3392,1.);
#3392 = DIRECTION('',(-1.,-1.110223024625E-16,0.));
#3393 = ORIENTED_EDGE('',*,*,#3394,.T.);
#3394 = EDGE_CURVE('',#3387,#1336,#3395,.T.);
#3395 = LINE('',#3396,#3397);
#3396 = CARTESIAN_POINT('',(-1.680085640382,-2.260171280765,1.75));
#3397 = VECTOR('',#3398,1.);
#3398 = DIRECTION('',(-0.707106781187,0.707106781187,0.));
#3399 = ORIENTED_EDGE('',*,*,#1335,.T.);
#3400 = ORIENTED_EDGE('',*,*,#1364,.T.);
#3401 = FACE_BOUND('',#3402,.F.);
#3402 = EDGE_LOOP('',(#3403));
#3403 = ORIENTED_EDGE('',*,*,#3404,.F.);
#3404 = EDGE_CURVE('',#3405,#3405,#3407,.T.);
#3405 = VERTEX_POINT('',#3406);
#3406 = CARTESIAN_POINT('',(-1.110171280765,1.310171280765,1.75));
#3407 = CIRCLE('',#3408,0.3);
#3408 = AXIS2_PLACEMENT_3D('',#3409,#3410,#3411);
#3409 = CARTESIAN_POINT('',(-1.110171280765,1.610171280765,1.75));
#3410 = DIRECTION('',(0.,-0.,-1.));
#3411 = DIRECTION('',(1.110223024625E-16,-1.,0.));
#3412 = PLANE('',#3413);
#3413 = AXIS2_PLACEMENT_3D('',#3414,#3415,#3416);
#3414 = CARTESIAN_POINT('',(-1.680085640382,2.260171280765,1.75));
#3415 = DIRECTION('',(0.,0.,-1.));
#3416 = DIRECTION('',(0.596575959062,-0.802556617983,0.));
#3417 = ADVANCED_FACE('',(#3418),#3428,.F.);
#3418 = FACE_BOUND('',#3419,.F.);
#3419 = EDGE_LOOP('',(#3420,#3421,#3422,#3423));
#3420 = ORIENTED_EDGE('',*,*,#1558,.T.);
#3421 = ORIENTED_EDGE('',*,*,#1343,.T.);
#3422 = ORIENTED_EDGE('',*,*,#3394,.F.);
#3423 = ORIENTED_EDGE('',*,*,#3424,.F.);
#3424 = EDGE_CURVE('',#1559,#3387,#3425,.T.);
#3425 = B_SPLINE_CURVE_WITH_KNOTS('',1,(#3426,#3427),.UNSPECIFIED.,.F.,
  .F.,(2,2),(0.,1.),.PIECEWISE_BEZIER_KNOTS.);
#3426 = CARTESIAN_POINT('',(-1.7375,-2.375,1.025));
#3427 = CARTESIAN_POINT('',(-1.680085640382,-2.260171280765,1.75));
#3428 = B_SPLINE_SURFACE_WITH_KNOTS('',1,1,(
    (#3429,#3430)
    ,(#3431,#3432
    )),.UNSPECIFIED.,.F.,.F.,.F.,(2,2),(2,2),(0.,0.194454364826),(0.,1.)
  ,.PIECEWISE_BEZIER_KNOTS.);
#3429 = CARTESIAN_POINT('',(-1.7375,-2.375,1.025));
#3430 = CARTESIAN_POINT('',(-1.680085640382,-2.260171280765,1.75));
#3431 = CARTESIAN_POINT('',(-1.875,-2.2375,1.025));
#3432 = CARTESIAN_POINT('',(-1.760171280765,-2.180085640382,1.75));
#3433 = ADVANCED_FACE('',(#3434),#3447,.F.);
#3434 = FACE_BOUND('',#3435,.F.);
#3435 = EDGE_LOOP('',(#3436,#3437,#3443,#3444,#3445,#3446));
#3436 = ORIENTED_EDGE('',*,*,#2732,.F.);
#3437 = ORIENTED_EDGE('',*,*,#3438,.T.);
#3438 = EDGE_CURVE('',#2724,#2833,#3439,.T.);
#3439 = LINE('',#3440,#3441);
#3440 = CARTESIAN_POINT('',(2.25,0.84,1.025));
#3441 = VECTOR('',#3442,1.);
#3442 = DIRECTION('',(1.110223024625E-16,-1.,0.));
#3443 = ORIENTED_EDGE('',*,*,#2841,.T.);
#3444 = ORIENTED_EDGE('',*,*,#2855,.T.);
#3445 = ORIENTED_EDGE('',*,*,#1442,.F.);
#3446 = ORIENTED_EDGE('',*,*,#2639,.F.);
#3447 = PLANE('',#3448);
#3448 = AXIS2_PLACEMENT_3D('',#3449,#3450,#3451);
#3449 = CARTESIAN_POINT('',(2.25,0.84,1.025));
#3450 = DIRECTION('',(0.,0.,-1.));
#3451 = DIRECTION('',(-1.,-1.110223024625E-16,-0.));
#3452 = ADVANCED_FACE('',(#3453),#3466,.F.);
#3453 = FACE_BOUND('',#3454,.F.);
#3454 = EDGE_LOOP('',(#3455,#3456,#3462,#3463,#3464,#3465));
#3455 = ORIENTED_EDGE('',*,*,#2955,.F.);
#3456 = ORIENTED_EDGE('',*,*,#3457,.T.);
#3457 = EDGE_CURVE('',#2947,#3056,#3458,.T.);
#3458 = LINE('',#3459,#3460);
#3459 = CARTESIAN_POINT('',(2.25,-0.43,1.025));
#3460 = VECTOR('',#3461,1.);
#3461 = DIRECTION('',(1.110223024625E-16,-1.,0.));
#3462 = ORIENTED_EDGE('',*,*,#3064,.T.);
#3463 = ORIENTED_EDGE('',*,*,#3078,.T.);
#3464 = ORIENTED_EDGE('',*,*,#1458,.F.);
#3465 = ORIENTED_EDGE('',*,*,#2862,.F.);
#3466 = PLANE('',#3467);
#3467 = AXIS2_PLACEMENT_3D('',#3468,#3469,#3470);
#3468 = CARTESIAN_POINT('',(2.25,-0.43,1.025));
#3469 = DIRECTION('',(0.,0.,-1.));
#3470 = DIRECTION('',(-1.,-1.110223024625E-16,-0.));
#3471 = ADVANCED_FACE('',(#3472),#3485,.F.);
#3472 = FACE_BOUND('',#3473,.F.);
#3473 = EDGE_LOOP('',(#3474,#3475,#3481,#3482,#3483,#3484));
#3474 = ORIENTED_EDGE('',*,*,#3178,.F.);
#3475 = ORIENTED_EDGE('',*,*,#3476,.T.);
#3476 = EDGE_CURVE('',#3170,#3279,#3477,.T.);
#3477 = LINE('',#3478,#3479);
#3478 = CARTESIAN_POINT('',(2.25,-1.7,1.025));
#3479 = VECTOR('',#3480,1.);
#3480 = DIRECTION('',(1.110223024625E-16,-1.,0.));
#3481 = ORIENTED_EDGE('',*,*,#3287,.T.);
#3482 = ORIENTED_EDGE('',*,*,#1581,.T.);
#3483 = ORIENTED_EDGE('',*,*,#1474,.F.);
#3484 = ORIENTED_EDGE('',*,*,#3085,.F.);
#3485 = PLANE('',#3486);
#3486 = AXIS2_PLACEMENT_3D('',#3487,#3488,#3489);
#3487 = CARTESIAN_POINT('',(2.25,-1.7,1.025));
#3488 = DIRECTION('',(0.,0.,-1.));
#3489 = DIRECTION('',(-1.,-1.110223024625E-16,-0.));
#3490 = ADVANCED_FACE('',(#3491),#3501,.F.);
#3491 = FACE_BOUND('',#3492,.F.);
#3492 = EDGE_LOOP('',(#3493,#3494,#3499,#3500));
#3493 = ORIENTED_EDGE('',*,*,#1574,.T.);
#3494 = ORIENTED_EDGE('',*,*,#3495,.T.);
#3495 = EDGE_CURVE('',#1567,#3379,#3496,.T.);
#3496 = B_SPLINE_CURVE_WITH_KNOTS('',1,(#3497,#3498),.UNSPECIFIED.,.F.,
  .F.,(2,2),(0.,1.),.PIECEWISE_BEZIER_KNOTS.);
#3497 = CARTESIAN_POINT('',(1.7375,-2.375,1.025));
#3498 = CARTESIAN_POINT('',(1.680085640382,-2.260171280765,1.75));
#3499 = ORIENTED_EDGE('',*,*,#3378,.F.);
#3500 = ORIENTED_EDGE('',*,*,#1490,.F.);
#3501 = B_SPLINE_SURFACE_WITH_KNOTS('',1,1,(
    (#3502,#3503)
    ,(#3504,#3505
    )),.UNSPECIFIED.,.F.,.F.,.F.,(2,2),(2,2),(0.,0.194454364826),(0.,1.)
  ,.PIECEWISE_BEZIER_KNOTS.);
#3502 = CARTESIAN_POINT('',(1.875,-2.2375,1.025));
#3503 = CARTESIAN_POINT('',(1.760171280765,-2.180085640382,1.75));
#3504 = CARTESIAN_POINT('',(1.7375,-2.375,1.025));
#3505 = CARTESIAN_POINT('',(1.680085640382,-2.260171280765,1.75));
#3506 = ADVANCED_FACE('',(#3507),#3518,.T.);
#3507 = FACE_BOUND('',#3508,.T.);
#3508 = EDGE_LOOP('',(#3509,#3510,#3511,#3512));
#3509 = ORIENTED_EDGE('',*,*,#2519,.T.);
#3510 = ORIENTED_EDGE('',*,*,#1520,.T.);
#3511 = ORIENTED_EDGE('',*,*,#2621,.F.);
#3512 = ORIENTED_EDGE('',*,*,#3513,.F.);
#3513 = EDGE_CURVE('',#2512,#2614,#3514,.T.);
#3514 = LINE('',#3515,#3516);
#3515 = CARTESIAN_POINT('',(2.545442325904,2.11,0.7770944533));
#3516 = VECTOR('',#3517,1.);
#3517 = DIRECTION('',(1.110223024625E-16,-1.,0.));
#3518 = CYLINDRICAL_SURFACE('',#3519,0.3);
#3519 = AXIS2_PLACEMENT_3D('',#3520,#3521,#3522);
#3520 = CARTESIAN_POINT('',(2.25,2.11,0.725));
#3521 = DIRECTION('',(-1.110223024625E-16,1.,0.));
#3522 = DIRECTION('',(0.984807753012,1.093356242223E-16,0.173648177667)
  );
#3523 = ADVANCED_FACE('',(#3524),#3530,.F.);
#3524 = FACE_BOUND('',#3525,.F.);
#3525 = EDGE_LOOP('',(#3526,#3527,#3528,#3529));
#3526 = ORIENTED_EDGE('',*,*,#1566,.T.);
#3527 = ORIENTED_EDGE('',*,*,#3424,.T.);
#3528 = ORIENTED_EDGE('',*,*,#3386,.F.);
#3529 = ORIENTED_EDGE('',*,*,#3495,.F.);
#3530 = B_SPLINE_SURFACE_WITH_KNOTS('',1,1,(
    (#3531,#3532)
    ,(#3533,#3534
    )),.UNSPECIFIED.,.F.,.F.,.F.,(2,2),(2,2),(0.,3.475),(0.,1.),
  .PIECEWISE_BEZIER_KNOTS.);
#3531 = CARTESIAN_POINT('',(1.7375,-2.375,1.025));
#3532 = CARTESIAN_POINT('',(1.680085640382,-2.260171280765,1.75));
#3533 = CARTESIAN_POINT('',(-1.7375,-2.375,1.025));
#3534 = CARTESIAN_POINT('',(-1.680085640382,-2.260171280765,1.75));
#3535 = ADVANCED_FACE('',(#3536),#3547,.T.);
#3536 = FACE_BOUND('',#3537,.T.);
#3537 = EDGE_LOOP('',(#3538,#3539,#3540,#3541));
#3538 = ORIENTED_EDGE('',*,*,#1668,.T.);
#3539 = ORIENTED_EDGE('',*,*,#3319,.T.);
#3540 = ORIENTED_EDGE('',*,*,#1777,.F.);
#3541 = ORIENTED_EDGE('',*,*,#3542,.F.);
#3542 = EDGE_CURVE('',#1661,#1770,#3543,.T.);
#3543 = LINE('',#3544,#3545);
#3544 = CARTESIAN_POINT('',(-2.545442325904,-2.11,0.7770944533));
#3545 = VECTOR('',#3546,1.);
#3546 = DIRECTION('',(1.144237745222E-17,1.,0.));
#3547 = CYLINDRICAL_SURFACE('',#3548,0.3);
#3548 = AXIS2_PLACEMENT_3D('',#3549,#3550,#3551);
#3549 = CARTESIAN_POINT('',(-2.25,-2.11,0.725));
#3550 = DIRECTION('',(-1.144237745222E-17,-1.,0.));
#3551 = DIRECTION('',(-0.984807753012,1.126854202784E-17,0.173648177667)
  );
#3552 = ADVANCED_FACE('',(#3553),#3564,.F.);
#3553 = FACE_BOUND('',#3554,.F.);
#3554 = EDGE_LOOP('',(#3555,#3561,#3562,#3563));
#3555 = ORIENTED_EDGE('',*,*,#3556,.T.);
#3556 = EDGE_CURVE('',#1652,#1761,#3557,.T.);
#3557 = LINE('',#3558,#3559);
#3558 = CARTESIAN_POINT('',(-2.6264581915,-2.11,0.282635182233));
#3559 = VECTOR('',#3560,1.);
#3560 = DIRECTION('',(1.144237745222E-17,1.,0.));
#3561 = ORIENTED_EDGE('',*,*,#1769,.T.);
#3562 = ORIENTED_EDGE('',*,*,#3542,.F.);
#3563 = ORIENTED_EDGE('',*,*,#1660,.F.);
#3564 = PLANE('',#3565);
#3565 = AXIS2_PLACEMENT_3D('',#3566,#3567,#3568);
#3566 = CARTESIAN_POINT('',(-2.6264581915,-2.11,0.282635182233));
#3567 = DIRECTION('',(0.986841372087,-1.129181146488E-17,-0.161691392282
    ));
#3568 = DIRECTION('',(0.161691392282,-1.85013394127E-18,0.986841372087)
  );
#3569 = ADVANCED_FACE('',(#3570),#3581,.F.);
#3570 = FACE_BOUND('',#3571,.F.);
#3571 = EDGE_LOOP('',(#3572,#3578,#3579,#3580));
#3572 = ORIENTED_EDGE('',*,*,#3573,.T.);
#3573 = EDGE_CURVE('',#1644,#1753,#3574,.T.);
#3574 = LINE('',#3575,#3576);
#3575 = CARTESIAN_POINT('',(-2.724938966801,-2.11,0.2));
#3576 = VECTOR('',#3577,1.);
#3577 = DIRECTION('',(1.144237745222E-17,1.,0.));
#3578 = ORIENTED_EDGE('',*,*,#1760,.T.);
#3579 = ORIENTED_EDGE('',*,*,#3556,.F.);
#3580 = ORIENTED_EDGE('',*,*,#1651,.F.);
#3581 = CYLINDRICAL_SURFACE('',#3582,0.1);
#3582 = AXIS2_PLACEMENT_3D('',#3583,#3584,#3585);
#3583 = CARTESIAN_POINT('',(-2.724938966801,-2.11,0.3));
#3584 = DIRECTION('',(-1.144237745222E-17,-1.,0.));
#3585 = DIRECTION('',(-0.,0.,-1.));
#3586 = ADVANCED_FACE('',(#3587),#3598,.F.);
#3587 = FACE_BOUND('',#3588,.F.);
#3588 = EDGE_LOOP('',(#3589,#3595,#3596,#3597));
#3589 = ORIENTED_EDGE('',*,*,#3590,.T.);
#3590 = EDGE_CURVE('',#1636,#1745,#3591,.T.);
#3591 = LINE('',#3592,#3593);
#3592 = CARTESIAN_POINT('',(-3.,-2.11,0.2));
#3593 = VECTOR('',#3594,1.);
#3594 = DIRECTION('',(1.144237745222E-17,1.,0.));
#3595 = ORIENTED_EDGE('',*,*,#1752,.T.);
#3596 = ORIENTED_EDGE('',*,*,#3573,.F.);
#3597 = ORIENTED_EDGE('',*,*,#1643,.F.);
#3598 = PLANE('',#3599);
#3599 = AXIS2_PLACEMENT_3D('',#3600,#3601,#3602);
#3600 = CARTESIAN_POINT('',(-3.,-2.11,0.2));
#3601 = DIRECTION('',(0.,0.,-1.));
#3602 = DIRECTION('',(1.,-1.144237745222E-17,0.));
#3603 = ADVANCED_FACE('',(#3604),#3615,.F.);
#3604 = FACE_BOUND('',#3605,.F.);
#3605 = EDGE_LOOP('',(#3606,#3612,#3613,#3614));
#3606 = ORIENTED_EDGE('',*,*,#3607,.T.);
#3607 = EDGE_CURVE('',#1628,#1737,#3608,.T.);
#3608 = LINE('',#3609,#3610);
#3609 = CARTESIAN_POINT('',(-3.,-2.11,-1.665334536938E-16));
#3610 = VECTOR('',#3611,1.);
#3611 = DIRECTION('',(1.144237745222E-17,1.,0.));
#3612 = ORIENTED_EDGE('',*,*,#1744,.T.);
#3613 = ORIENTED_EDGE('',*,*,#3590,.F.);
#3614 = ORIENTED_EDGE('',*,*,#1635,.F.);
#3615 = PLANE('',#3616);
#3616 = AXIS2_PLACEMENT_3D('',#3617,#3618,#3619);
#3617 = CARTESIAN_POINT('',(-3.,-2.11,-1.665334536938E-16));
#3618 = DIRECTION('',(1.,-1.144237745222E-17,0.));
#3619 = DIRECTION('',(0.,0.,1.));
#3620 = ADVANCED_FACE('',(#3621),#3632,.F.);
#3621 = FACE_BOUND('',#3622,.F.);
#3622 = EDGE_LOOP('',(#3623,#3629,#3630,#3631));
#3623 = ORIENTED_EDGE('',*,*,#3624,.T.);
#3624 = EDGE_CURVE('',#1619,#1728,#3625,.T.);
#3625 = LINE('',#3626,#3627);
#3626 = CARTESIAN_POINT('',(-2.724938966801,-2.11,-1.665334536938E-16));
#3627 = VECTOR('',#3628,1.);
#3628 = DIRECTION('',(1.144237745222E-17,1.,0.));
#3629 = ORIENTED_EDGE('',*,*,#1736,.T.);
#3630 = ORIENTED_EDGE('',*,*,#3607,.F.);
#3631 = ORIENTED_EDGE('',*,*,#1627,.F.);
#3632 = PLANE('',#3633);
#3633 = AXIS2_PLACEMENT_3D('',#3634,#3635,#3636);
#3634 = CARTESIAN_POINT('',(-2.724938966801,-2.11,-1.665334536938E-16));
#3635 = DIRECTION('',(0.,0.,1.));
#3636 = DIRECTION('',(-1.,1.144237745222E-17,0.));
#3637 = ADVANCED_FACE('',(#3638),#3649,.T.);
#3638 = FACE_BOUND('',#3639,.T.);
#3639 = EDGE_LOOP('',(#3640,#3641,#3642,#3643));
#3640 = ORIENTED_EDGE('',*,*,#1618,.T.);
#3641 = ORIENTED_EDGE('',*,*,#3624,.T.);
#3642 = ORIENTED_EDGE('',*,*,#1727,.F.);
#3643 = ORIENTED_EDGE('',*,*,#3644,.F.);
#3644 = EDGE_CURVE('',#1611,#1720,#3645,.T.);
#3645 = LINE('',#3646,#3647);
#3646 = CARTESIAN_POINT('',(-2.429496640897,-2.11,0.2479055467));
#3647 = VECTOR('',#3648,1.);
#3648 = DIRECTION('',(1.144237745222E-17,1.,0.));
#3649 = CYLINDRICAL_SURFACE('',#3650,0.3);
#3650 = AXIS2_PLACEMENT_3D('',#3651,#3652,#3653);
#3651 = CARTESIAN_POINT('',(-2.724938966801,-2.11,0.3));
#3652 = DIRECTION('',(-1.144237745222E-17,-1.,0.));
#3653 = DIRECTION('',(0.984807753012,-1.126854202784E-17,-0.173648177667
    ));
#3654 = ADVANCED_FACE('',(#3655),#3661,.F.);
#3655 = FACE_BOUND('',#3656,.F.);
#3656 = EDGE_LOOP('',(#3657,#3658,#3659,#3660));
#3657 = ORIENTED_EDGE('',*,*,#1701,.T.);
#3658 = ORIENTED_EDGE('',*,*,#1719,.T.);
#3659 = ORIENTED_EDGE('',*,*,#3644,.F.);
#3660 = ORIENTED_EDGE('',*,*,#1610,.F.);
#3661 = PLANE('',#3662);
#3662 = AXIS2_PLACEMENT_3D('',#3663,#3664,#3665);
#3663 = CARTESIAN_POINT('',(-2.348480775301,-2.11,0.742364817767));
#3664 = DIRECTION('',(-0.986841372087,1.129181146488E-17,0.161691392282)
  );
#3665 = DIRECTION('',(-0.161691392282,1.85013394127E-18,-0.986841372087)
  );
#3666 = ADVANCED_FACE('',(#3667),#3678,.T.);
#3667 = FACE_BOUND('',#3668,.T.);
#3668 = EDGE_LOOP('',(#3669,#3670,#3671,#3672));
#3669 = ORIENTED_EDGE('',*,*,#1891,.T.);
#3670 = ORIENTED_EDGE('',*,*,#3338,.T.);
#3671 = ORIENTED_EDGE('',*,*,#2000,.F.);
#3672 = ORIENTED_EDGE('',*,*,#3673,.F.);
#3673 = EDGE_CURVE('',#1884,#1993,#3674,.T.);
#3674 = LINE('',#3675,#3676);
#3675 = CARTESIAN_POINT('',(-2.545442325904,-0.84,0.7770944533));
#3676 = VECTOR('',#3677,1.);
#3677 = DIRECTION('',(1.144237745222E-17,1.,0.));
#3678 = CYLINDRICAL_SURFACE('',#3679,0.3);
#3679 = AXIS2_PLACEMENT_3D('',#3680,#3681,#3682);
#3680 = CARTESIAN_POINT('',(-2.25,-0.84,0.725));
#3681 = DIRECTION('',(-1.144237745222E-17,-1.,0.));
#3682 = DIRECTION('',(-0.984807753012,1.126854202784E-17,0.173648177667)
  );
#3683 = ADVANCED_FACE('',(#3684),#3695,.F.);
#3684 = FACE_BOUND('',#3685,.F.);
#3685 = EDGE_LOOP('',(#3686,#3692,#3693,#3694));
#3686 = ORIENTED_EDGE('',*,*,#3687,.T.);
#3687 = EDGE_CURVE('',#1875,#1984,#3688,.T.);
#3688 = LINE('',#3689,#3690);
#3689 = CARTESIAN_POINT('',(-2.6264581915,-0.84,0.282635182233));
#3690 = VECTOR('',#3691,1.);
#3691 = DIRECTION('',(1.144237745222E-17,1.,0.));
#3692 = ORIENTED_EDGE('',*,*,#1992,.T.);
#3693 = ORIENTED_EDGE('',*,*,#3673,.F.);
#3694 = ORIENTED_EDGE('',*,*,#1883,.F.);
#3695 = PLANE('',#3696);
#3696 = AXIS2_PLACEMENT_3D('',#3697,#3698,#3699);
#3697 = CARTESIAN_POINT('',(-2.6264581915,-0.84,0.282635182233));
#3698 = DIRECTION('',(0.986841372087,-1.129181146488E-17,-0.161691392282
    ));
#3699 = DIRECTION('',(0.161691392282,-1.85013394127E-18,0.986841372087)
  );
#3700 = ADVANCED_FACE('',(#3701),#3712,.F.);
#3701 = FACE_BOUND('',#3702,.F.);
#3702 = EDGE_LOOP('',(#3703,#3709,#3710,#3711));
#3703 = ORIENTED_EDGE('',*,*,#3704,.T.);
#3704 = EDGE_CURVE('',#1867,#1976,#3705,.T.);
#3705 = LINE('',#3706,#3707);
#3706 = CARTESIAN_POINT('',(-2.724938966801,-0.84,0.2));
#3707 = VECTOR('',#3708,1.);
#3708 = DIRECTION('',(1.144237745222E-17,1.,0.));
#3709 = ORIENTED_EDGE('',*,*,#1983,.T.);
#3710 = ORIENTED_EDGE('',*,*,#3687,.F.);
#3711 = ORIENTED_EDGE('',*,*,#1874,.F.);
#3712 = CYLINDRICAL_SURFACE('',#3713,0.1);
#3713 = AXIS2_PLACEMENT_3D('',#3714,#3715,#3716);
#3714 = CARTESIAN_POINT('',(-2.724938966801,-0.84,0.3));
#3715 = DIRECTION('',(-1.144237745222E-17,-1.,0.));
#3716 = DIRECTION('',(-0.,0.,-1.));
#3717 = ADVANCED_FACE('',(#3718),#3729,.F.);
#3718 = FACE_BOUND('',#3719,.F.);
#3719 = EDGE_LOOP('',(#3720,#3726,#3727,#3728));
#3720 = ORIENTED_EDGE('',*,*,#3721,.T.);
#3721 = EDGE_CURVE('',#1859,#1968,#3722,.T.);
#3722 = LINE('',#3723,#3724);
#3723 = CARTESIAN_POINT('',(-3.,-0.84,0.2));
#3724 = VECTOR('',#3725,1.);
#3725 = DIRECTION('',(1.144237745222E-17,1.,0.));
#3726 = ORIENTED_EDGE('',*,*,#1975,.T.);
#3727 = ORIENTED_EDGE('',*,*,#3704,.F.);
#3728 = ORIENTED_EDGE('',*,*,#1866,.F.);
#3729 = PLANE('',#3730);
#3730 = AXIS2_PLACEMENT_3D('',#3731,#3732,#3733);
#3731 = CARTESIAN_POINT('',(-3.,-0.84,0.2));
#3732 = DIRECTION('',(0.,0.,-1.));
#3733 = DIRECTION('',(1.,-1.144237745222E-17,0.));
#3734 = ADVANCED_FACE('',(#3735),#3746,.F.);
#3735 = FACE_BOUND('',#3736,.F.);
#3736 = EDGE_LOOP('',(#3737,#3743,#3744,#3745));
#3737 = ORIENTED_EDGE('',*,*,#3738,.T.);
#3738 = EDGE_CURVE('',#1851,#1960,#3739,.T.);
#3739 = LINE('',#3740,#3741);
#3740 = CARTESIAN_POINT('',(-3.,-0.84,-1.665334536938E-16));
#3741 = VECTOR('',#3742,1.);
#3742 = DIRECTION('',(1.144237745222E-17,1.,0.));
#3743 = ORIENTED_EDGE('',*,*,#1967,.T.);
#3744 = ORIENTED_EDGE('',*,*,#3721,.F.);
#3745 = ORIENTED_EDGE('',*,*,#1858,.F.);
#3746 = PLANE('',#3747);
#3747 = AXIS2_PLACEMENT_3D('',#3748,#3749,#3750);
#3748 = CARTESIAN_POINT('',(-3.,-0.84,-1.665334536938E-16));
#3749 = DIRECTION('',(1.,-1.144237745222E-17,0.));
#3750 = DIRECTION('',(0.,0.,1.));
#3751 = ADVANCED_FACE('',(#3752),#3763,.F.);
#3752 = FACE_BOUND('',#3753,.F.);
#3753 = EDGE_LOOP('',(#3754,#3760,#3761,#3762));
#3754 = ORIENTED_EDGE('',*,*,#3755,.T.);
#3755 = EDGE_CURVE('',#1842,#1951,#3756,.T.);
#3756 = LINE('',#3757,#3758);
#3757 = CARTESIAN_POINT('',(-2.724938966801,-0.84,-1.665334536938E-16));
#3758 = VECTOR('',#3759,1.);
#3759 = DIRECTION('',(1.144237745222E-17,1.,0.));
#3760 = ORIENTED_EDGE('',*,*,#1959,.T.);
#3761 = ORIENTED_EDGE('',*,*,#3738,.F.);
#3762 = ORIENTED_EDGE('',*,*,#1850,.F.);
#3763 = PLANE('',#3764);
#3764 = AXIS2_PLACEMENT_3D('',#3765,#3766,#3767);
#3765 = CARTESIAN_POINT('',(-2.724938966801,-0.84,-1.665334536938E-16));
#3766 = DIRECTION('',(0.,0.,1.));
#3767 = DIRECTION('',(-1.,1.144237745222E-17,0.));
#3768 = ADVANCED_FACE('',(#3769),#3780,.T.);
#3769 = FACE_BOUND('',#3770,.T.);
#3770 = EDGE_LOOP('',(#3771,#3772,#3773,#3774));
#3771 = ORIENTED_EDGE('',*,*,#1841,.T.);
#3772 = ORIENTED_EDGE('',*,*,#3755,.T.);
#3773 = ORIENTED_EDGE('',*,*,#1950,.F.);
#3774 = ORIENTED_EDGE('',*,*,#3775,.F.);
#3775 = EDGE_CURVE('',#1834,#1943,#3776,.T.);
#3776 = LINE('',#3777,#3778);
#3777 = CARTESIAN_POINT('',(-2.429496640897,-0.84,0.2479055467));
#3778 = VECTOR('',#3779,1.);
#3779 = DIRECTION('',(1.144237745222E-17,1.,0.));
#3780 = CYLINDRICAL_SURFACE('',#3781,0.3);
#3781 = AXIS2_PLACEMENT_3D('',#3782,#3783,#3784);
#3782 = CARTESIAN_POINT('',(-2.724938966801,-0.84,0.3));
#3783 = DIRECTION('',(-1.144237745222E-17,-1.,0.));
#3784 = DIRECTION('',(0.984807753012,-1.126854202784E-17,-0.173648177667
    ));
#3785 = ADVANCED_FACE('',(#3786),#3792,.F.);
#3786 = FACE_BOUND('',#3787,.F.);
#3787 = EDGE_LOOP('',(#3788,#3789,#3790,#3791));
#3788 = ORIENTED_EDGE('',*,*,#1924,.T.);
#3789 = ORIENTED_EDGE('',*,*,#1942,.T.);
#3790 = ORIENTED_EDGE('',*,*,#3775,.F.);
#3791 = ORIENTED_EDGE('',*,*,#1833,.F.);
#3792 = PLANE('',#3793);
#3793 = AXIS2_PLACEMENT_3D('',#3794,#3795,#3796);
#3794 = CARTESIAN_POINT('',(-2.348480775301,-0.84,0.742364817767));
#3795 = DIRECTION('',(-0.986841372087,1.129181146488E-17,0.161691392282)
  );
#3796 = DIRECTION('',(-0.161691392282,1.85013394127E-18,-0.986841372087)
  );
#3797 = ADVANCED_FACE('',(#3798),#3809,.T.);
#3798 = FACE_BOUND('',#3799,.T.);
#3799 = EDGE_LOOP('',(#3800,#3801,#3802,#3803));
#3800 = ORIENTED_EDGE('',*,*,#2114,.T.);
#3801 = ORIENTED_EDGE('',*,*,#3357,.T.);
#3802 = ORIENTED_EDGE('',*,*,#2223,.F.);
#3803 = ORIENTED_EDGE('',*,*,#3804,.F.);
#3804 = EDGE_CURVE('',#2107,#2216,#3805,.T.);
#3805 = LINE('',#3806,#3807);
#3806 = CARTESIAN_POINT('',(-2.545442325904,0.43,0.7770944533));
#3807 = VECTOR('',#3808,1.);
#3808 = DIRECTION('',(1.144237745222E-17,1.,0.));
#3809 = CYLINDRICAL_SURFACE('',#3810,0.3);
#3810 = AXIS2_PLACEMENT_3D('',#3811,#3812,#3813);
#3811 = CARTESIAN_POINT('',(-2.25,0.43,0.725));
#3812 = DIRECTION('',(-1.144237745222E-17,-1.,0.));
#3813 = DIRECTION('',(-0.984807753012,1.126854202784E-17,0.173648177667)
  );
#3814 = ADVANCED_FACE('',(#3815),#3826,.F.);
#3815 = FACE_BOUND('',#3816,.F.);
#3816 = EDGE_LOOP('',(#3817,#3823,#3824,#3825));
#3817 = ORIENTED_EDGE('',*,*,#3818,.T.);
#3818 = EDGE_CURVE('',#2098,#2207,#3819,.T.);
#3819 = LINE('',#3820,#3821);
#3820 = CARTESIAN_POINT('',(-2.6264581915,0.43,0.282635182233));
#3821 = VECTOR('',#3822,1.);
#3822 = DIRECTION('',(1.144237745222E-17,1.,0.));
#3823 = ORIENTED_EDGE('',*,*,#2215,.T.);
#3824 = ORIENTED_EDGE('',*,*,#3804,.F.);
#3825 = ORIENTED_EDGE('',*,*,#2106,.F.);
#3826 = PLANE('',#3827);
#3827 = AXIS2_PLACEMENT_3D('',#3828,#3829,#3830);
#3828 = CARTESIAN_POINT('',(-2.6264581915,0.43,0.282635182233));
#3829 = DIRECTION('',(0.986841372087,-1.129181146488E-17,-0.161691392282
    ));
#3830 = DIRECTION('',(0.161691392282,-1.85013394127E-18,0.986841372087)
  );
#3831 = ADVANCED_FACE('',(#3832),#3843,.F.);
#3832 = FACE_BOUND('',#3833,.F.);
#3833 = EDGE_LOOP('',(#3834,#3840,#3841,#3842));
#3834 = ORIENTED_EDGE('',*,*,#3835,.T.);
#3835 = EDGE_CURVE('',#2090,#2199,#3836,.T.);
#3836 = LINE('',#3837,#3838);
#3837 = CARTESIAN_POINT('',(-2.724938966801,0.43,0.2));
#3838 = VECTOR('',#3839,1.);
#3839 = DIRECTION('',(1.144237745222E-17,1.,0.));
#3840 = ORIENTED_EDGE('',*,*,#2206,.T.);
#3841 = ORIENTED_EDGE('',*,*,#3818,.F.);
#3842 = ORIENTED_EDGE('',*,*,#2097,.F.);
#3843 = CYLINDRICAL_SURFACE('',#3844,0.1);
#3844 = AXIS2_PLACEMENT_3D('',#3845,#3846,#3847);
#3845 = CARTESIAN_POINT('',(-2.724938966801,0.43,0.3));
#3846 = DIRECTION('',(-1.144237745222E-17,-1.,0.));
#3847 = DIRECTION('',(-0.,0.,-1.));
#3848 = ADVANCED_FACE('',(#3849),#3860,.F.);
#3849 = FACE_BOUND('',#3850,.F.);
#3850 = EDGE_LOOP('',(#3851,#3857,#3858,#3859));
#3851 = ORIENTED_EDGE('',*,*,#3852,.T.);
#3852 = EDGE_CURVE('',#2082,#2191,#3853,.T.);
#3853 = LINE('',#3854,#3855);
#3854 = CARTESIAN_POINT('',(-3.,0.43,0.2));
#3855 = VECTOR('',#3856,1.);
#3856 = DIRECTION('',(1.144237745222E-17,1.,0.));
#3857 = ORIENTED_EDGE('',*,*,#2198,.T.);
#3858 = ORIENTED_EDGE('',*,*,#3835,.F.);
#3859 = ORIENTED_EDGE('',*,*,#2089,.F.);
#3860 = PLANE('',#3861);
#3861 = AXIS2_PLACEMENT_3D('',#3862,#3863,#3864);
#3862 = CARTESIAN_POINT('',(-3.,0.43,0.2));
#3863 = DIRECTION('',(0.,0.,-1.));
#3864 = DIRECTION('',(1.,-1.144237745222E-17,0.));
#3865 = ADVANCED_FACE('',(#3866),#3877,.F.);
#3866 = FACE_BOUND('',#3867,.F.);
#3867 = EDGE_LOOP('',(#3868,#3874,#3875,#3876));
#3868 = ORIENTED_EDGE('',*,*,#3869,.T.);
#3869 = EDGE_CURVE('',#2074,#2183,#3870,.T.);
#3870 = LINE('',#3871,#3872);
#3871 = CARTESIAN_POINT('',(-3.,0.43,-1.665334536938E-16));
#3872 = VECTOR('',#3873,1.);
#3873 = DIRECTION('',(1.144237745222E-17,1.,0.));
#3874 = ORIENTED_EDGE('',*,*,#2190,.T.);
#3875 = ORIENTED_EDGE('',*,*,#3852,.F.);
#3876 = ORIENTED_EDGE('',*,*,#2081,.F.);
#3877 = PLANE('',#3878);
#3878 = AXIS2_PLACEMENT_3D('',#3879,#3880,#3881);
#3879 = CARTESIAN_POINT('',(-3.,0.43,-1.665334536938E-16));
#3880 = DIRECTION('',(1.,-1.144237745222E-17,0.));
#3881 = DIRECTION('',(0.,0.,1.));
#3882 = ADVANCED_FACE('',(#3883),#3894,.F.);
#3883 = FACE_BOUND('',#3884,.F.);
#3884 = EDGE_LOOP('',(#3885,#3891,#3892,#3893));
#3885 = ORIENTED_EDGE('',*,*,#3886,.T.);
#3886 = EDGE_CURVE('',#2065,#2174,#3887,.T.);
#3887 = LINE('',#3888,#3889);
#3888 = CARTESIAN_POINT('',(-2.724938966801,0.43,-1.665334536938E-16));
#3889 = VECTOR('',#3890,1.);
#3890 = DIRECTION('',(1.144237745222E-17,1.,0.));
#3891 = ORIENTED_EDGE('',*,*,#2182,.T.);
#3892 = ORIENTED_EDGE('',*,*,#3869,.F.);
#3893 = ORIENTED_EDGE('',*,*,#2073,.F.);
#3894 = PLANE('',#3895);
#3895 = AXIS2_PLACEMENT_3D('',#3896,#3897,#3898);
#3896 = CARTESIAN_POINT('',(-2.724938966801,0.43,-1.665334536938E-16));
#3897 = DIRECTION('',(0.,0.,1.));
#3898 = DIRECTION('',(-1.,1.144237745222E-17,0.));
#3899 = ADVANCED_FACE('',(#3900),#3911,.T.);
#3900 = FACE_BOUND('',#3901,.T.);
#3901 = EDGE_LOOP('',(#3902,#3903,#3904,#3905));
#3902 = ORIENTED_EDGE('',*,*,#2064,.T.);
#3903 = ORIENTED_EDGE('',*,*,#3886,.T.);
#3904 = ORIENTED_EDGE('',*,*,#2173,.F.);
#3905 = ORIENTED_EDGE('',*,*,#3906,.F.);
#3906 = EDGE_CURVE('',#2057,#2166,#3907,.T.);
#3907 = LINE('',#3908,#3909);
#3908 = CARTESIAN_POINT('',(-2.429496640897,0.43,0.2479055467));
#3909 = VECTOR('',#3910,1.);
#3910 = DIRECTION('',(1.144237745222E-17,1.,0.));
#3911 = CYLINDRICAL_SURFACE('',#3912,0.3);
#3912 = AXIS2_PLACEMENT_3D('',#3913,#3914,#3915);
#3913 = CARTESIAN_POINT('',(-2.724938966801,0.43,0.3));
#3914 = DIRECTION('',(-1.144237745222E-17,-1.,0.));
#3915 = DIRECTION('',(0.984807753012,-1.126854202784E-17,-0.173648177667
    ));
#3916 = ADVANCED_FACE('',(#3917),#3923,.F.);
#3917 = FACE_BOUND('',#3918,.F.);
#3918 = EDGE_LOOP('',(#3919,#3920,#3921,#3922));
#3919 = ORIENTED_EDGE('',*,*,#2147,.T.);
#3920 = ORIENTED_EDGE('',*,*,#2165,.T.);
#3921 = ORIENTED_EDGE('',*,*,#3906,.F.);
#3922 = ORIENTED_EDGE('',*,*,#2056,.F.);
#3923 = PLANE('',#3924);
#3924 = AXIS2_PLACEMENT_3D('',#3925,#3926,#3927);
#3925 = CARTESIAN_POINT('',(-2.348480775301,0.43,0.742364817767));
#3926 = DIRECTION('',(-0.986841372087,1.129181146488E-17,0.161691392282)
  );
#3927 = DIRECTION('',(-0.161691392282,1.85013394127E-18,-0.986841372087)
  );
#3928 = ADVANCED_FACE('',(#3929),#3940,.F.);
#3929 = FACE_BOUND('',#3930,.F.);
#3930 = EDGE_LOOP('',(#3931,#3937,#3938,#3939));
#3931 = ORIENTED_EDGE('',*,*,#3932,.T.);
#3932 = EDGE_CURVE('',#2316,#2418,#3933,.T.);
#3933 = LINE('',#3934,#3935);
#3934 = CARTESIAN_POINT('',(-2.6264581915,1.7,0.282635182233));
#3935 = VECTOR('',#3936,1.);
#3936 = DIRECTION('',(1.144237745222E-17,1.,0.));
#3937 = ORIENTED_EDGE('',*,*,#2426,.T.);
#3938 = ORIENTED_EDGE('',*,*,#3304,.F.);
#3939 = ORIENTED_EDGE('',*,*,#2324,.F.);
#3940 = PLANE('',#3941);
#3941 = AXIS2_PLACEMENT_3D('',#3942,#3943,#3944);
#3942 = CARTESIAN_POINT('',(-2.6264581915,1.7,0.282635182233));
#3943 = DIRECTION('',(0.986841372087,-1.129181146488E-17,-0.161691392282
    ));
#3944 = DIRECTION('',(0.161691392282,-1.85013394127E-18,0.986841372087)
  );
#3945 = ADVANCED_FACE('',(#3946),#3957,.F.);
#3946 = FACE_BOUND('',#3947,.F.);
#3947 = EDGE_LOOP('',(#3948,#3954,#3955,#3956));
#3948 = ORIENTED_EDGE('',*,*,#3949,.T.);
#3949 = EDGE_CURVE('',#2308,#2410,#3950,.T.);
#3950 = LINE('',#3951,#3952);
#3951 = CARTESIAN_POINT('',(-2.724938966801,1.7,0.2));
#3952 = VECTOR('',#3953,1.);
#3953 = DIRECTION('',(1.144237745222E-17,1.,0.));
#3954 = ORIENTED_EDGE('',*,*,#2417,.T.);
#3955 = ORIENTED_EDGE('',*,*,#3932,.F.);
#3956 = ORIENTED_EDGE('',*,*,#2315,.F.);
#3957 = CYLINDRICAL_SURFACE('',#3958,0.1);
#3958 = AXIS2_PLACEMENT_3D('',#3959,#3960,#3961);
#3959 = CARTESIAN_POINT('',(-2.724938966801,1.7,0.3));
#3960 = DIRECTION('',(-1.144237745222E-17,-1.,0.));
#3961 = DIRECTION('',(-0.,0.,-1.));
#3962 = ADVANCED_FACE('',(#3963),#3974,.F.);
#3963 = FACE_BOUND('',#3964,.F.);
#3964 = EDGE_LOOP('',(#3965,#3971,#3972,#3973));
#3965 = ORIENTED_EDGE('',*,*,#3966,.T.);
#3966 = EDGE_CURVE('',#2300,#2402,#3967,.T.);
#3967 = LINE('',#3968,#3969);
#3968 = CARTESIAN_POINT('',(-3.,1.7,0.2));
#3969 = VECTOR('',#3970,1.);
#3970 = DIRECTION('',(1.144237745222E-17,1.,0.));
#3971 = ORIENTED_EDGE('',*,*,#2409,.T.);
#3972 = ORIENTED_EDGE('',*,*,#3949,.F.);
#3973 = ORIENTED_EDGE('',*,*,#2307,.F.);
#3974 = PLANE('',#3975);
#3975 = AXIS2_PLACEMENT_3D('',#3976,#3977,#3978);
#3976 = CARTESIAN_POINT('',(-3.,1.7,0.2));
#3977 = DIRECTION('',(0.,0.,-1.));
#3978 = DIRECTION('',(1.,-1.144237745222E-17,0.));
#3979 = ADVANCED_FACE('',(#3980),#3991,.F.);
#3980 = FACE_BOUND('',#3981,.F.);
#3981 = EDGE_LOOP('',(#3982,#3988,#3989,#3990));
#3982 = ORIENTED_EDGE('',*,*,#3983,.T.);
#3983 = EDGE_CURVE('',#2292,#2394,#3984,.T.);
#3984 = LINE('',#3985,#3986);
#3985 = CARTESIAN_POINT('',(-3.,1.7,-1.665334536938E-16));
#3986 = VECTOR('',#3987,1.);
#3987 = DIRECTION('',(1.144237745222E-17,1.,0.));
#3988 = ORIENTED_EDGE('',*,*,#2401,.T.);
#3989 = ORIENTED_EDGE('',*,*,#3966,.F.);
#3990 = ORIENTED_EDGE('',*,*,#2299,.F.);
#3991 = PLANE('',#3992);
#3992 = AXIS2_PLACEMENT_3D('',#3993,#3994,#3995);
#3993 = CARTESIAN_POINT('',(-3.,1.7,-1.665334536938E-16));
#3994 = DIRECTION('',(1.,-1.144237745222E-17,0.));
#3995 = DIRECTION('',(0.,0.,1.));
#3996 = ADVANCED_FACE('',(#3997),#4008,.F.);
#3997 = FACE_BOUND('',#3998,.F.);
#3998 = EDGE_LOOP('',(#3999,#4005,#4006,#4007));
#3999 = ORIENTED_EDGE('',*,*,#4000,.T.);
#4000 = EDGE_CURVE('',#2283,#2385,#4001,.T.);
#4001 = LINE('',#4002,#4003);
#4002 = CARTESIAN_POINT('',(-2.724938966801,1.7,-1.665334536938E-16));
#4003 = VECTOR('',#4004,1.);
#4004 = DIRECTION('',(1.144237745222E-17,1.,0.));
#4005 = ORIENTED_EDGE('',*,*,#2393,.T.);
#4006 = ORIENTED_EDGE('',*,*,#3983,.F.);
#4007 = ORIENTED_EDGE('',*,*,#2291,.F.);
#4008 = PLANE('',#4009);
#4009 = AXIS2_PLACEMENT_3D('',#4010,#4011,#4012);
#4010 = CARTESIAN_POINT('',(-2.724938966801,1.7,-1.665334536938E-16));
#4011 = DIRECTION('',(0.,0.,1.));
#4012 = DIRECTION('',(-1.,1.144237745222E-17,0.));
#4013 = ADVANCED_FACE('',(#4014),#4025,.T.);
#4014 = FACE_BOUND('',#4015,.T.);
#4015 = EDGE_LOOP('',(#4016,#4017,#4018,#4019));
#4016 = ORIENTED_EDGE('',*,*,#2282,.T.);
#4017 = ORIENTED_EDGE('',*,*,#4000,.T.);
#4018 = ORIENTED_EDGE('',*,*,#2384,.F.);
#4019 = ORIENTED_EDGE('',*,*,#4020,.F.);
#4020 = EDGE_CURVE('',#2275,#2377,#4021,.T.);
#4021 = LINE('',#4022,#4023);
#4022 = CARTESIAN_POINT('',(-2.429496640897,1.7,0.2479055467));
#4023 = VECTOR('',#4024,1.);
#4024 = DIRECTION('',(1.144237745222E-17,1.,0.));
#4025 = CYLINDRICAL_SURFACE('',#4026,0.3);
#4026 = AXIS2_PLACEMENT_3D('',#4027,#4028,#4029);
#4027 = CARTESIAN_POINT('',(-2.724938966801,1.7,0.3));
#4028 = DIRECTION('',(-1.144237745222E-17,-1.,0.));
#4029 = DIRECTION('',(0.984807753012,-1.126854202784E-17,-0.173648177667
    ));
#4030 = ADVANCED_FACE('',(#4031),#4037,.F.);
#4031 = FACE_BOUND('',#4032,.F.);
#4032 = EDGE_LOOP('',(#4033,#4034,#4035,#4036));
#4033 = ORIENTED_EDGE('',*,*,#2358,.T.);
#4034 = ORIENTED_EDGE('',*,*,#2376,.T.);
#4035 = ORIENTED_EDGE('',*,*,#4020,.F.);
#4036 = ORIENTED_EDGE('',*,*,#2274,.F.);
#4037 = PLANE('',#4038);
#4038 = AXIS2_PLACEMENT_3D('',#4039,#4040,#4041);
#4039 = CARTESIAN_POINT('',(-2.348480775301,1.7,0.742364817767));
#4040 = DIRECTION('',(-0.986841372087,1.129181146488E-17,0.161691392282)
  );
#4041 = DIRECTION('',(-0.161691392282,1.85013394127E-18,-0.986841372087)
  );
#4042 = ADVANCED_FACE('',(#4043),#4054,.F.);
#4043 = FACE_BOUND('',#4044,.F.);
#4044 = EDGE_LOOP('',(#4045,#4051,#4052,#4053));
#4045 = ORIENTED_EDGE('',*,*,#4046,.T.);
#4046 = EDGE_CURVE('',#2503,#2605,#4047,.T.);
#4047 = LINE('',#4048,#4049);
#4048 = CARTESIAN_POINT('',(2.6264581915,2.11,0.282635182233));
#4049 = VECTOR('',#4050,1.);
#4050 = DIRECTION('',(1.110223024625E-16,-1.,0.));
#4051 = ORIENTED_EDGE('',*,*,#2613,.T.);
#4052 = ORIENTED_EDGE('',*,*,#3513,.F.);
#4053 = ORIENTED_EDGE('',*,*,#2511,.F.);
#4054 = PLANE('',#4055);
#4055 = AXIS2_PLACEMENT_3D('',#4056,#4057,#4058);
#4056 = CARTESIAN_POINT('',(2.6264581915,2.11,0.282635182233));
#4057 = DIRECTION('',(-0.986841372087,-1.095614012943E-16,
    -0.161691392282));
#4058 = DIRECTION('',(-0.161691392282,-1.795135065956E-17,0.986841372087
    ));
#4059 = ADVANCED_FACE('',(#4060),#4071,.F.);
#4060 = FACE_BOUND('',#4061,.F.);
#4061 = EDGE_LOOP('',(#4062,#4068,#4069,#4070));
#4062 = ORIENTED_EDGE('',*,*,#4063,.T.);
#4063 = EDGE_CURVE('',#2495,#2597,#4064,.T.);
#4064 = LINE('',#4065,#4066);
#4065 = CARTESIAN_POINT('',(2.724938966801,2.11,0.2));
#4066 = VECTOR('',#4067,1.);
#4067 = DIRECTION('',(1.110223024625E-16,-1.,0.));
#4068 = ORIENTED_EDGE('',*,*,#2604,.T.);
#4069 = ORIENTED_EDGE('',*,*,#4046,.F.);
#4070 = ORIENTED_EDGE('',*,*,#2502,.F.);
#4071 = CYLINDRICAL_SURFACE('',#4072,0.1);
#4072 = AXIS2_PLACEMENT_3D('',#4073,#4074,#4075);
#4073 = CARTESIAN_POINT('',(2.724938966801,2.11,0.3));
#4074 = DIRECTION('',(-1.110223024625E-16,1.,0.));
#4075 = DIRECTION('',(0.,0.,-1.));
#4076 = ADVANCED_FACE('',(#4077),#4088,.F.);
#4077 = FACE_BOUND('',#4078,.F.);
#4078 = EDGE_LOOP('',(#4079,#4085,#4086,#4087));
#4079 = ORIENTED_EDGE('',*,*,#4080,.T.);
#4080 = EDGE_CURVE('',#2487,#2589,#4081,.T.);
#4081 = LINE('',#4082,#4083);
#4082 = CARTESIAN_POINT('',(3.,2.11,0.2));
#4083 = VECTOR('',#4084,1.);
#4084 = DIRECTION('',(1.110223024625E-16,-1.,0.));
#4085 = ORIENTED_EDGE('',*,*,#2596,.T.);
#4086 = ORIENTED_EDGE('',*,*,#4063,.F.);
#4087 = ORIENTED_EDGE('',*,*,#2494,.F.);
#4088 = PLANE('',#4089);
#4089 = AXIS2_PLACEMENT_3D('',#4090,#4091,#4092);
#4090 = CARTESIAN_POINT('',(3.,2.11,0.2));
#4091 = DIRECTION('',(0.,0.,-1.));
#4092 = DIRECTION('',(-1.,-1.110223024625E-16,-0.));
#4093 = ADVANCED_FACE('',(#4094),#4105,.F.);
#4094 = FACE_BOUND('',#4095,.F.);
#4095 = EDGE_LOOP('',(#4096,#4102,#4103,#4104));
#4096 = ORIENTED_EDGE('',*,*,#4097,.T.);
#4097 = EDGE_CURVE('',#2479,#2581,#4098,.T.);
#4098 = LINE('',#4099,#4100);
#4099 = CARTESIAN_POINT('',(3.,2.11,-1.665334536938E-16));
#4100 = VECTOR('',#4101,1.);
#4101 = DIRECTION('',(1.110223024625E-16,-1.,0.));
#4102 = ORIENTED_EDGE('',*,*,#2588,.T.);
#4103 = ORIENTED_EDGE('',*,*,#4080,.F.);
#4104 = ORIENTED_EDGE('',*,*,#2486,.F.);
#4105 = PLANE('',#4106);
#4106 = AXIS2_PLACEMENT_3D('',#4107,#4108,#4109);
#4107 = CARTESIAN_POINT('',(3.,2.11,-1.665334536938E-16));
#4108 = DIRECTION('',(-1.,-1.110223024625E-16,0.));
#4109 = DIRECTION('',(0.,0.,1.));
#4110 = ADVANCED_FACE('',(#4111),#4122,.F.);
#4111 = FACE_BOUND('',#4112,.F.);
#4112 = EDGE_LOOP('',(#4113,#4119,#4120,#4121));
#4113 = ORIENTED_EDGE('',*,*,#4114,.T.);
#4114 = EDGE_CURVE('',#2470,#2572,#4115,.T.);
#4115 = LINE('',#4116,#4117);
#4116 = CARTESIAN_POINT('',(2.724938966801,2.11,-1.665334536938E-16));
#4117 = VECTOR('',#4118,1.);
#4118 = DIRECTION('',(1.110223024625E-16,-1.,0.));
#4119 = ORIENTED_EDGE('',*,*,#2580,.T.);
#4120 = ORIENTED_EDGE('',*,*,#4097,.F.);
#4121 = ORIENTED_EDGE('',*,*,#2478,.F.);
#4122 = PLANE('',#4123);
#4123 = AXIS2_PLACEMENT_3D('',#4124,#4125,#4126);
#4124 = CARTESIAN_POINT('',(2.724938966801,2.11,-1.665334536938E-16));
#4125 = DIRECTION('',(0.,0.,1.));
#4126 = DIRECTION('',(1.,1.110223024625E-16,-0.));
#4127 = ADVANCED_FACE('',(#4128),#4139,.T.);
#4128 = FACE_BOUND('',#4129,.T.);
#4129 = EDGE_LOOP('',(#4130,#4131,#4132,#4133));
#4130 = ORIENTED_EDGE('',*,*,#2469,.T.);
#4131 = ORIENTED_EDGE('',*,*,#4114,.T.);
#4132 = ORIENTED_EDGE('',*,*,#2571,.F.);
#4133 = ORIENTED_EDGE('',*,*,#4134,.F.);
#4134 = EDGE_CURVE('',#2462,#2564,#4135,.T.);
#4135 = LINE('',#4136,#4137);
#4136 = CARTESIAN_POINT('',(2.429496640897,2.11,0.2479055467));
#4137 = VECTOR('',#4138,1.);
#4138 = DIRECTION('',(1.110223024625E-16,-1.,0.));
#4139 = CYLINDRICAL_SURFACE('',#4140,0.3);
#4140 = AXIS2_PLACEMENT_3D('',#4141,#4142,#4143);
#4141 = CARTESIAN_POINT('',(2.724938966801,2.11,0.3));
#4142 = DIRECTION('',(-1.110223024625E-16,1.,0.));
#4143 = DIRECTION('',(-0.984807753012,-1.093356242223E-16,
    -0.173648177667));
#4144 = ADVANCED_FACE('',(#4145),#4151,.F.);
#4145 = FACE_BOUND('',#4146,.F.);
#4146 = EDGE_LOOP('',(#4147,#4148,#4149,#4150));
#4147 = ORIENTED_EDGE('',*,*,#2545,.T.);
#4148 = ORIENTED_EDGE('',*,*,#2563,.T.);
#4149 = ORIENTED_EDGE('',*,*,#4134,.F.);
#4150 = ORIENTED_EDGE('',*,*,#2461,.F.);
#4151 = PLANE('',#4152);
#4152 = AXIS2_PLACEMENT_3D('',#4153,#4154,#4155);
#4153 = CARTESIAN_POINT('',(2.348480775301,2.11,0.742364817767));
#4154 = DIRECTION('',(0.986841372087,1.095614012943E-16,0.161691392282)
  );
#4155 = DIRECTION('',(0.161691392282,1.795135065956E-17,-0.986841372087)
  );
#4156 = ADVANCED_FACE('',(#4157),#4168,.T.);
#4157 = FACE_BOUND('',#4158,.T.);
#4158 = EDGE_LOOP('',(#4159,#4160,#4161,#4162));
#4159 = ORIENTED_EDGE('',*,*,#2723,.T.);
#4160 = ORIENTED_EDGE('',*,*,#3438,.T.);
#4161 = ORIENTED_EDGE('',*,*,#2832,.F.);
#4162 = ORIENTED_EDGE('',*,*,#4163,.F.);
#4163 = EDGE_CURVE('',#2716,#2825,#4164,.T.);
#4164 = LINE('',#4165,#4166);
#4165 = CARTESIAN_POINT('',(2.545442325904,0.84,0.7770944533));
#4166 = VECTOR('',#4167,1.);
#4167 = DIRECTION('',(1.110223024625E-16,-1.,0.));
#4168 = CYLINDRICAL_SURFACE('',#4169,0.3);
#4169 = AXIS2_PLACEMENT_3D('',#4170,#4171,#4172);
#4170 = CARTESIAN_POINT('',(2.25,0.84,0.725));
#4171 = DIRECTION('',(-1.110223024625E-16,1.,0.));
#4172 = DIRECTION('',(0.984807753012,1.093356242223E-16,0.173648177667)
  );
#4173 = ADVANCED_FACE('',(#4174),#4185,.F.);
#4174 = FACE_BOUND('',#4175,.F.);
#4175 = EDGE_LOOP('',(#4176,#4182,#4183,#4184));
#4176 = ORIENTED_EDGE('',*,*,#4177,.T.);
#4177 = EDGE_CURVE('',#2707,#2816,#4178,.T.);
#4178 = LINE('',#4179,#4180);
#4179 = CARTESIAN_POINT('',(2.6264581915,0.84,0.282635182233));
#4180 = VECTOR('',#4181,1.);
#4181 = DIRECTION('',(1.110223024625E-16,-1.,0.));
#4182 = ORIENTED_EDGE('',*,*,#2824,.T.);
#4183 = ORIENTED_EDGE('',*,*,#4163,.F.);
#4184 = ORIENTED_EDGE('',*,*,#2715,.F.);
#4185 = PLANE('',#4186);
#4186 = AXIS2_PLACEMENT_3D('',#4187,#4188,#4189);
#4187 = CARTESIAN_POINT('',(2.6264581915,0.84,0.282635182233));
#4188 = DIRECTION('',(-0.986841372087,-1.095614012943E-16,
    -0.161691392282));
#4189 = DIRECTION('',(-0.161691392282,-1.795135065956E-17,0.986841372087
    ));
#4190 = ADVANCED_FACE('',(#4191),#4202,.F.);
#4191 = FACE_BOUND('',#4192,.F.);
#4192 = EDGE_LOOP('',(#4193,#4199,#4200,#4201));
#4193 = ORIENTED_EDGE('',*,*,#4194,.T.);
#4194 = EDGE_CURVE('',#2699,#2808,#4195,.T.);
#4195 = LINE('',#4196,#4197);
#4196 = CARTESIAN_POINT('',(2.724938966801,0.84,0.2));
#4197 = VECTOR('',#4198,1.);
#4198 = DIRECTION('',(1.110223024625E-16,-1.,0.));
#4199 = ORIENTED_EDGE('',*,*,#2815,.T.);
#4200 = ORIENTED_EDGE('',*,*,#4177,.F.);
#4201 = ORIENTED_EDGE('',*,*,#2706,.F.);
#4202 = CYLINDRICAL_SURFACE('',#4203,0.1);
#4203 = AXIS2_PLACEMENT_3D('',#4204,#4205,#4206);
#4204 = CARTESIAN_POINT('',(2.724938966801,0.84,0.3));
#4205 = DIRECTION('',(-1.110223024625E-16,1.,0.));
#4206 = DIRECTION('',(0.,0.,-1.));
#4207 = ADVANCED_FACE('',(#4208),#4219,.F.);
#4208 = FACE_BOUND('',#4209,.F.);
#4209 = EDGE_LOOP('',(#4210,#4216,#4217,#4218));
#4210 = ORIENTED_EDGE('',*,*,#4211,.T.);
#4211 = EDGE_CURVE('',#2691,#2800,#4212,.T.);
#4212 = LINE('',#4213,#4214);
#4213 = CARTESIAN_POINT('',(3.,0.84,0.2));
#4214 = VECTOR('',#4215,1.);
#4215 = DIRECTION('',(1.110223024625E-16,-1.,0.));
#4216 = ORIENTED_EDGE('',*,*,#2807,.T.);
#4217 = ORIENTED_EDGE('',*,*,#4194,.F.);
#4218 = ORIENTED_EDGE('',*,*,#2698,.F.);
#4219 = PLANE('',#4220);
#4220 = AXIS2_PLACEMENT_3D('',#4221,#4222,#4223);
#4221 = CARTESIAN_POINT('',(3.,0.84,0.2));
#4222 = DIRECTION('',(0.,0.,-1.));
#4223 = DIRECTION('',(-1.,-1.110223024625E-16,-0.));
#4224 = ADVANCED_FACE('',(#4225),#4236,.F.);
#4225 = FACE_BOUND('',#4226,.F.);
#4226 = EDGE_LOOP('',(#4227,#4233,#4234,#4235));
#4227 = ORIENTED_EDGE('',*,*,#4228,.T.);
#4228 = EDGE_CURVE('',#2683,#2792,#4229,.T.);
#4229 = LINE('',#4230,#4231);
#4230 = CARTESIAN_POINT('',(3.,0.84,-1.665334536938E-16));
#4231 = VECTOR('',#4232,1.);
#4232 = DIRECTION('',(1.110223024625E-16,-1.,0.));
#4233 = ORIENTED_EDGE('',*,*,#2799,.T.);
#4234 = ORIENTED_EDGE('',*,*,#4211,.F.);
#4235 = ORIENTED_EDGE('',*,*,#2690,.F.);
#4236 = PLANE('',#4237);
#4237 = AXIS2_PLACEMENT_3D('',#4238,#4239,#4240);
#4238 = CARTESIAN_POINT('',(3.,0.84,-1.665334536938E-16));
#4239 = DIRECTION('',(-1.,-1.110223024625E-16,0.));
#4240 = DIRECTION('',(0.,0.,1.));
#4241 = ADVANCED_FACE('',(#4242),#4253,.F.);
#4242 = FACE_BOUND('',#4243,.F.);
#4243 = EDGE_LOOP('',(#4244,#4250,#4251,#4252));
#4244 = ORIENTED_EDGE('',*,*,#4245,.T.);
#4245 = EDGE_CURVE('',#2674,#2783,#4246,.T.);
#4246 = LINE('',#4247,#4248);
#4247 = CARTESIAN_POINT('',(2.724938966801,0.84,-1.665334536938E-16));
#4248 = VECTOR('',#4249,1.);
#4249 = DIRECTION('',(1.110223024625E-16,-1.,0.));
#4250 = ORIENTED_EDGE('',*,*,#2791,.T.);
#4251 = ORIENTED_EDGE('',*,*,#4228,.F.);
#4252 = ORIENTED_EDGE('',*,*,#2682,.F.);
#4253 = PLANE('',#4254);
#4254 = AXIS2_PLACEMENT_3D('',#4255,#4256,#4257);
#4255 = CARTESIAN_POINT('',(2.724938966801,0.84,-1.665334536938E-16));
#4256 = DIRECTION('',(0.,0.,1.));
#4257 = DIRECTION('',(1.,1.110223024625E-16,-0.));
#4258 = ADVANCED_FACE('',(#4259),#4270,.T.);
#4259 = FACE_BOUND('',#4260,.T.);
#4260 = EDGE_LOOP('',(#4261,#4262,#4263,#4264));
#4261 = ORIENTED_EDGE('',*,*,#2673,.T.);
#4262 = ORIENTED_EDGE('',*,*,#4245,.T.);
#4263 = ORIENTED_EDGE('',*,*,#2782,.F.);
#4264 = ORIENTED_EDGE('',*,*,#4265,.F.);
#4265 = EDGE_CURVE('',#2666,#2775,#4266,.T.);
#4266 = LINE('',#4267,#4268);
#4267 = CARTESIAN_POINT('',(2.429496640897,0.84,0.2479055467));
#4268 = VECTOR('',#4269,1.);
#4269 = DIRECTION('',(1.110223024625E-16,-1.,0.));
#4270 = CYLINDRICAL_SURFACE('',#4271,0.3);
#4271 = AXIS2_PLACEMENT_3D('',#4272,#4273,#4274);
#4272 = CARTESIAN_POINT('',(2.724938966801,0.84,0.3));
#4273 = DIRECTION('',(-1.110223024625E-16,1.,0.));
#4274 = DIRECTION('',(-0.984807753012,-1.093356242223E-16,
    -0.173648177667));
#4275 = ADVANCED_FACE('',(#4276),#4282,.F.);
#4276 = FACE_BOUND('',#4277,.F.);
#4277 = EDGE_LOOP('',(#4278,#4279,#4280,#4281));
#4278 = ORIENTED_EDGE('',*,*,#2756,.T.);
#4279 = ORIENTED_EDGE('',*,*,#2774,.T.);
#4280 = ORIENTED_EDGE('',*,*,#4265,.F.);
#4281 = ORIENTED_EDGE('',*,*,#2665,.F.);
#4282 = PLANE('',#4283);
#4283 = AXIS2_PLACEMENT_3D('',#4284,#4285,#4286);
#4284 = CARTESIAN_POINT('',(2.348480775301,0.84,0.742364817767));
#4285 = DIRECTION('',(0.986841372087,1.095614012943E-16,0.161691392282)
  );
#4286 = DIRECTION('',(0.161691392282,1.795135065956E-17,-0.986841372087)
  );
#4287 = ADVANCED_FACE('',(#4288),#4299,.T.);
#4288 = FACE_BOUND('',#4289,.T.);
#4289 = EDGE_LOOP('',(#4290,#4291,#4292,#4293));
#4290 = ORIENTED_EDGE('',*,*,#2946,.T.);
#4291 = ORIENTED_EDGE('',*,*,#3457,.T.);
#4292 = ORIENTED_EDGE('',*,*,#3055,.F.);
#4293 = ORIENTED_EDGE('',*,*,#4294,.F.);
#4294 = EDGE_CURVE('',#2939,#3048,#4295,.T.);
#4295 = LINE('',#4296,#4297);
#4296 = CARTESIAN_POINT('',(2.545442325904,-0.43,0.7770944533));
#4297 = VECTOR('',#4298,1.);
#4298 = DIRECTION('',(1.110223024625E-16,-1.,0.));
#4299 = CYLINDRICAL_SURFACE('',#4300,0.3);
#4300 = AXIS2_PLACEMENT_3D('',#4301,#4302,#4303);
#4301 = CARTESIAN_POINT('',(2.25,-0.43,0.725));
#4302 = DIRECTION('',(-1.110223024625E-16,1.,0.));
#4303 = DIRECTION('',(0.984807753012,1.093356242223E-16,0.173648177667)
  );
#4304 = ADVANCED_FACE('',(#4305),#4316,.F.);
#4305 = FACE_BOUND('',#4306,.F.);
#4306 = EDGE_LOOP('',(#4307,#4313,#4314,#4315));
#4307 = ORIENTED_EDGE('',*,*,#4308,.T.);
#4308 = EDGE_CURVE('',#2930,#3039,#4309,.T.);
#4309 = LINE('',#4310,#4311);
#4310 = CARTESIAN_POINT('',(2.6264581915,-0.43,0.282635182233));
#4311 = VECTOR('',#4312,1.);
#4312 = DIRECTION('',(1.110223024625E-16,-1.,0.));
#4313 = ORIENTED_EDGE('',*,*,#3047,.T.);
#4314 = ORIENTED_EDGE('',*,*,#4294,.F.);
#4315 = ORIENTED_EDGE('',*,*,#2938,.F.);
#4316 = PLANE('',#4317);
#4317 = AXIS2_PLACEMENT_3D('',#4318,#4319,#4320);
#4318 = CARTESIAN_POINT('',(2.6264581915,-0.43,0.282635182233));
#4319 = DIRECTION('',(-0.986841372087,-1.095614012943E-16,
    -0.161691392282));
#4320 = DIRECTION('',(-0.161691392282,-1.795135065956E-17,0.986841372087
    ));
#4321 = ADVANCED_FACE('',(#4322),#4333,.F.);
#4322 = FACE_BOUND('',#4323,.F.);
#4323 = EDGE_LOOP('',(#4324,#4330,#4331,#4332));
#4324 = ORIENTED_EDGE('',*,*,#4325,.T.);
#4325 = EDGE_CURVE('',#2922,#3031,#4326,.T.);
#4326 = LINE('',#4327,#4328);
#4327 = CARTESIAN_POINT('',(2.724938966801,-0.43,0.2));
#4328 = VECTOR('',#4329,1.);
#4329 = DIRECTION('',(1.110223024625E-16,-1.,0.));
#4330 = ORIENTED_EDGE('',*,*,#3038,.T.);
#4331 = ORIENTED_EDGE('',*,*,#4308,.F.);
#4332 = ORIENTED_EDGE('',*,*,#2929,.F.);
#4333 = CYLINDRICAL_SURFACE('',#4334,0.1);
#4334 = AXIS2_PLACEMENT_3D('',#4335,#4336,#4337);
#4335 = CARTESIAN_POINT('',(2.724938966801,-0.43,0.3));
#4336 = DIRECTION('',(-1.110223024625E-16,1.,0.));
#4337 = DIRECTION('',(0.,0.,-1.));
#4338 = ADVANCED_FACE('',(#4339),#4350,.F.);
#4339 = FACE_BOUND('',#4340,.F.);
#4340 = EDGE_LOOP('',(#4341,#4347,#4348,#4349));
#4341 = ORIENTED_EDGE('',*,*,#4342,.T.);
#4342 = EDGE_CURVE('',#2914,#3023,#4343,.T.);
#4343 = LINE('',#4344,#4345);
#4344 = CARTESIAN_POINT('',(3.,-0.43,0.2));
#4345 = VECTOR('',#4346,1.);
#4346 = DIRECTION('',(1.110223024625E-16,-1.,0.));
#4347 = ORIENTED_EDGE('',*,*,#3030,.T.);
#4348 = ORIENTED_EDGE('',*,*,#4325,.F.);
#4349 = ORIENTED_EDGE('',*,*,#2921,.F.);
#4350 = PLANE('',#4351);
#4351 = AXIS2_PLACEMENT_3D('',#4352,#4353,#4354);
#4352 = CARTESIAN_POINT('',(3.,-0.43,0.2));
#4353 = DIRECTION('',(0.,0.,-1.));
#4354 = DIRECTION('',(-1.,-1.110223024625E-16,-0.));
#4355 = ADVANCED_FACE('',(#4356),#4367,.F.);
#4356 = FACE_BOUND('',#4357,.F.);
#4357 = EDGE_LOOP('',(#4358,#4364,#4365,#4366));
#4358 = ORIENTED_EDGE('',*,*,#4359,.T.);
#4359 = EDGE_CURVE('',#2906,#3015,#4360,.T.);
#4360 = LINE('',#4361,#4362);
#4361 = CARTESIAN_POINT('',(3.,-0.43,-1.665334536938E-16));
#4362 = VECTOR('',#4363,1.);
#4363 = DIRECTION('',(1.110223024625E-16,-1.,0.));
#4364 = ORIENTED_EDGE('',*,*,#3022,.T.);
#4365 = ORIENTED_EDGE('',*,*,#4342,.F.);
#4366 = ORIENTED_EDGE('',*,*,#2913,.F.);
#4367 = PLANE('',#4368);
#4368 = AXIS2_PLACEMENT_3D('',#4369,#4370,#4371);
#4369 = CARTESIAN_POINT('',(3.,-0.43,-1.665334536938E-16));
#4370 = DIRECTION('',(-1.,-1.110223024625E-16,0.));
#4371 = DIRECTION('',(0.,0.,1.));
#4372 = ADVANCED_FACE('',(#4373),#4384,.F.);
#4373 = FACE_BOUND('',#4374,.F.);
#4374 = EDGE_LOOP('',(#4375,#4381,#4382,#4383));
#4375 = ORIENTED_EDGE('',*,*,#4376,.T.);
#4376 = EDGE_CURVE('',#2897,#3006,#4377,.T.);
#4377 = LINE('',#4378,#4379);
#4378 = CARTESIAN_POINT('',(2.724938966801,-0.43,-1.665334536938E-16));
#4379 = VECTOR('',#4380,1.);
#4380 = DIRECTION('',(1.110223024625E-16,-1.,0.));
#4381 = ORIENTED_EDGE('',*,*,#3014,.T.);
#4382 = ORIENTED_EDGE('',*,*,#4359,.F.);
#4383 = ORIENTED_EDGE('',*,*,#2905,.F.);
#4384 = PLANE('',#4385);
#4385 = AXIS2_PLACEMENT_3D('',#4386,#4387,#4388);
#4386 = CARTESIAN_POINT('',(2.724938966801,-0.43,-1.665334536938E-16));
#4387 = DIRECTION('',(0.,0.,1.));
#4388 = DIRECTION('',(1.,1.110223024625E-16,-0.));
#4389 = ADVANCED_FACE('',(#4390),#4401,.T.);
#4390 = FACE_BOUND('',#4391,.T.);
#4391 = EDGE_LOOP('',(#4392,#4393,#4394,#4395));
#4392 = ORIENTED_EDGE('',*,*,#2896,.T.);
#4393 = ORIENTED_EDGE('',*,*,#4376,.T.);
#4394 = ORIENTED_EDGE('',*,*,#3005,.F.);
#4395 = ORIENTED_EDGE('',*,*,#4396,.F.);
#4396 = EDGE_CURVE('',#2889,#2998,#4397,.T.);
#4397 = LINE('',#4398,#4399);
#4398 = CARTESIAN_POINT('',(2.429496640897,-0.43,0.2479055467));
#4399 = VECTOR('',#4400,1.);
#4400 = DIRECTION('',(1.110223024625E-16,-1.,0.));
#4401 = CYLINDRICAL_SURFACE('',#4402,0.3);
#4402 = AXIS2_PLACEMENT_3D('',#4403,#4404,#4405);
#4403 = CARTESIAN_POINT('',(2.724938966801,-0.43,0.3));
#4404 = DIRECTION('',(-1.110223024625E-16,1.,0.));
#4405 = DIRECTION('',(-0.984807753012,-1.093356242223E-16,
    -0.173648177667));
#4406 = ADVANCED_FACE('',(#4407),#4413,.F.);
#4407 = FACE_BOUND('',#4408,.F.);
#4408 = EDGE_LOOP('',(#4409,#4410,#4411,#4412));
#4409 = ORIENTED_EDGE('',*,*,#2979,.T.);
#4410 = ORIENTED_EDGE('',*,*,#2997,.T.);
#4411 = ORIENTED_EDGE('',*,*,#4396,.F.);
#4412 = ORIENTED_EDGE('',*,*,#2888,.F.);
#4413 = PLANE('',#4414);
#4414 = AXIS2_PLACEMENT_3D('',#4415,#4416,#4417);
#4415 = CARTESIAN_POINT('',(2.348480775301,-0.43,0.742364817767));
#4416 = DIRECTION('',(0.986841372087,1.095614012943E-16,0.161691392282)
  );
#4417 = DIRECTION('',(0.161691392282,1.795135065956E-17,-0.986841372087)
  );
#4418 = ADVANCED_FACE('',(#4419),#4430,.T.);
#4419 = FACE_BOUND('',#4420,.T.);
#4420 = EDGE_LOOP('',(#4421,#4422,#4423,#4424));
#4421 = ORIENTED_EDGE('',*,*,#3169,.T.);
#4422 = ORIENTED_EDGE('',*,*,#3476,.T.);
#4423 = ORIENTED_EDGE('',*,*,#3278,.F.);
#4424 = ORIENTED_EDGE('',*,*,#4425,.F.);
#4425 = EDGE_CURVE('',#3162,#3271,#4426,.T.);
#4426 = LINE('',#4427,#4428);
#4427 = CARTESIAN_POINT('',(2.545442325904,-1.7,0.7770944533));
#4428 = VECTOR('',#4429,1.);
#4429 = DIRECTION('',(1.110223024625E-16,-1.,0.));
#4430 = CYLINDRICAL_SURFACE('',#4431,0.3);
#4431 = AXIS2_PLACEMENT_3D('',#4432,#4433,#4434);
#4432 = CARTESIAN_POINT('',(2.25,-1.7,0.725));
#4433 = DIRECTION('',(-1.110223024625E-16,1.,0.));
#4434 = DIRECTION('',(0.984807753012,1.093356242223E-16,0.173648177667)
  );
#4435 = ADVANCED_FACE('',(#4436),#4447,.F.);
#4436 = FACE_BOUND('',#4437,.F.);
#4437 = EDGE_LOOP('',(#4438,#4444,#4445,#4446));
#4438 = ORIENTED_EDGE('',*,*,#4439,.T.);
#4439 = EDGE_CURVE('',#3153,#3262,#4440,.T.);
#4440 = LINE('',#4441,#4442);
#4441 = CARTESIAN_POINT('',(2.6264581915,-1.7,0.282635182233));
#4442 = VECTOR('',#4443,1.);
#4443 = DIRECTION('',(1.110223024625E-16,-1.,0.));
#4444 = ORIENTED_EDGE('',*,*,#3270,.T.);
#4445 = ORIENTED_EDGE('',*,*,#4425,.F.);
#4446 = ORIENTED_EDGE('',*,*,#3161,.F.);
#4447 = PLANE('',#4448);
#4448 = AXIS2_PLACEMENT_3D('',#4449,#4450,#4451);
#4449 = CARTESIAN_POINT('',(2.6264581915,-1.7,0.282635182233));
#4450 = DIRECTION('',(-0.986841372087,-1.095614012943E-16,
    -0.161691392282));
#4451 = DIRECTION('',(-0.161691392282,-1.795135065956E-17,0.986841372087
    ));
#4452 = ADVANCED_FACE('',(#4453),#4464,.F.);
#4453 = FACE_BOUND('',#4454,.F.);
#4454 = EDGE_LOOP('',(#4455,#4461,#4462,#4463));
#4455 = ORIENTED_EDGE('',*,*,#4456,.T.);
#4456 = EDGE_CURVE('',#3145,#3254,#4457,.T.);
#4457 = LINE('',#4458,#4459);
#4458 = CARTESIAN_POINT('',(2.724938966801,-1.7,0.2));
#4459 = VECTOR('',#4460,1.);
#4460 = DIRECTION('',(1.110223024625E-16,-1.,0.));
#4461 = ORIENTED_EDGE('',*,*,#3261,.T.);
#4462 = ORIENTED_EDGE('',*,*,#4439,.F.);
#4463 = ORIENTED_EDGE('',*,*,#3152,.F.);
#4464 = CYLINDRICAL_SURFACE('',#4465,0.1);
#4465 = AXIS2_PLACEMENT_3D('',#4466,#4467,#4468);
#4466 = CARTESIAN_POINT('',(2.724938966801,-1.7,0.3));
#4467 = DIRECTION('',(-1.110223024625E-16,1.,0.));
#4468 = DIRECTION('',(0.,0.,-1.));
#4469 = ADVANCED_FACE('',(#4470),#4481,.F.);
#4470 = FACE_BOUND('',#4471,.F.);
#4471 = EDGE_LOOP('',(#4472,#4478,#4479,#4480));
#4472 = ORIENTED_EDGE('',*,*,#4473,.T.);
#4473 = EDGE_CURVE('',#3137,#3246,#4474,.T.);
#4474 = LINE('',#4475,#4476);
#4475 = CARTESIAN_POINT('',(3.,-1.7,0.2));
#4476 = VECTOR('',#4477,1.);
#4477 = DIRECTION('',(1.110223024625E-16,-1.,0.));
#4478 = ORIENTED_EDGE('',*,*,#3253,.T.);
#4479 = ORIENTED_EDGE('',*,*,#4456,.F.);
#4480 = ORIENTED_EDGE('',*,*,#3144,.F.);
#4481 = PLANE('',#4482);
#4482 = AXIS2_PLACEMENT_3D('',#4483,#4484,#4485);
#4483 = CARTESIAN_POINT('',(3.,-1.7,0.2));
#4484 = DIRECTION('',(0.,0.,-1.));
#4485 = DIRECTION('',(-1.,-1.110223024625E-16,-0.));
#4486 = ADVANCED_FACE('',(#4487),#4498,.F.);
#4487 = FACE_BOUND('',#4488,.F.);
#4488 = EDGE_LOOP('',(#4489,#4495,#4496,#4497));
#4489 = ORIENTED_EDGE('',*,*,#4490,.T.);
#4490 = EDGE_CURVE('',#3129,#3238,#4491,.T.);
#4491 = LINE('',#4492,#4493);
#4492 = CARTESIAN_POINT('',(3.,-1.7,-1.665334536938E-16));
#4493 = VECTOR('',#4494,1.);
#4494 = DIRECTION('',(1.110223024625E-16,-1.,0.));
#4495 = ORIENTED_EDGE('',*,*,#3245,.T.);
#4496 = ORIENTED_EDGE('',*,*,#4473,.F.);
#4497 = ORIENTED_EDGE('',*,*,#3136,.F.);
#4498 = PLANE('',#4499);
#4499 = AXIS2_PLACEMENT_3D('',#4500,#4501,#4502);
#4500 = CARTESIAN_POINT('',(3.,-1.7,-1.665334536938E-16));
#4501 = DIRECTION('',(-1.,-1.110223024625E-16,0.));
#4502 = DIRECTION('',(0.,0.,1.));
#4503 = ADVANCED_FACE('',(#4504),#4515,.F.);
#4504 = FACE_BOUND('',#4505,.F.);
#4505 = EDGE_LOOP('',(#4506,#4512,#4513,#4514));
#4506 = ORIENTED_EDGE('',*,*,#4507,.T.);
#4507 = EDGE_CURVE('',#3120,#3229,#4508,.T.);
#4508 = LINE('',#4509,#4510);
#4509 = CARTESIAN_POINT('',(2.724938966801,-1.7,-1.665334536938E-16));
#4510 = VECTOR('',#4511,1.);
#4511 = DIRECTION('',(1.110223024625E-16,-1.,0.));
#4512 = ORIENTED_EDGE('',*,*,#3237,.T.);
#4513 = ORIENTED_EDGE('',*,*,#4490,.F.);
#4514 = ORIENTED_EDGE('',*,*,#3128,.F.);
#4515 = PLANE('',#4516);
#4516 = AXIS2_PLACEMENT_3D('',#4517,#4518,#4519);
#4517 = CARTESIAN_POINT('',(2.724938966801,-1.7,-1.665334536938E-16));
#4518 = DIRECTION('',(0.,0.,1.));
#4519 = DIRECTION('',(1.,1.110223024625E-16,-0.));
#4520 = ADVANCED_FACE('',(#4521),#4532,.T.);
#4521 = FACE_BOUND('',#4522,.T.);
#4522 = EDGE_LOOP('',(#4523,#4524,#4525,#4526));
#4523 = ORIENTED_EDGE('',*,*,#3119,.T.);
#4524 = ORIENTED_EDGE('',*,*,#4507,.T.);
#4525 = ORIENTED_EDGE('',*,*,#3228,.F.);
#4526 = ORIENTED_EDGE('',*,*,#4527,.F.);
#4527 = EDGE_CURVE('',#3112,#3221,#4528,.T.);
#4528 = LINE('',#4529,#4530);
#4529 = CARTESIAN_POINT('',(2.429496640897,-1.7,0.2479055467));
#4530 = VECTOR('',#4531,1.);
#4531 = DIRECTION('',(1.110223024625E-16,-1.,0.));
#4532 = CYLINDRICAL_SURFACE('',#4533,0.3);
#4533 = AXIS2_PLACEMENT_3D('',#4534,#4535,#4536);
#4534 = CARTESIAN_POINT('',(2.724938966801,-1.7,0.3));
#4535 = DIRECTION('',(-1.110223024625E-16,1.,0.));
#4536 = DIRECTION('',(-0.984807753012,-1.093356242223E-16,
    -0.173648177667));
#4537 = ADVANCED_FACE('',(#4538),#4544,.F.);
#4538 = FACE_BOUND('',#4539,.F.);
#4539 = EDGE_LOOP('',(#4540,#4541,#4542,#4543));
#4540 = ORIENTED_EDGE('',*,*,#3202,.T.);
#4541 = ORIENTED_EDGE('',*,*,#3220,.T.);
#4542 = ORIENTED_EDGE('',*,*,#4527,.F.);
#4543 = ORIENTED_EDGE('',*,*,#3111,.F.);
#4544 = PLANE('',#4545);
#4545 = AXIS2_PLACEMENT_3D('',#4546,#4547,#4548);
#4546 = CARTESIAN_POINT('',(2.348480775301,-1.7,0.742364817767));
#4547 = DIRECTION('',(0.986841372087,1.095614012943E-16,0.161691392282)
  );
#4548 = DIRECTION('',(0.161691392282,1.795135065956E-17,-0.986841372087)
  );
#4549 = ADVANCED_FACE('',(#4550),#4551,.F.);
#4550 = FACE_BOUND('',#3402,.T.);
#4551 = PLANE('',#4552);
#4552 = AXIS2_PLACEMENT_3D('',#4553,#4554,#4555);
#4553 = CARTESIAN_POINT('',(-1.110171280765,1.610171280765,1.75));
#4554 = DIRECTION('',(0.,0.,-1.));
#4555 = DIRECTION('',(1.110223024625E-16,-1.,0.));
#4556 = ( GEOMETRIC_REPRESENTATION_CONTEXT(3) 
GLOBAL_UNCERTAINTY_ASSIGNED_CONTEXT((#4560)) 
GLOBAL_UNIT_ASSIGNED_CONTEXT((#4557,#4558,#4559)) REPRESENTATION_CONTEXT
('Context #1','3D Context with UNIT and UNCERTAINTY') );
#4557 = ( LENGTH_UNIT() NAMED_UNIT(*) SI_UNIT(.MILLI.,.METRE.) );
#4558 = ( NAMED_UNIT(*) PLANE_ANGLE_UNIT() SI_UNIT($,.RADIAN.) );
#4559 = ( NAMED_UNIT(*) SI_UNIT($,.STERADIAN.) SOLID_ANGLE_UNIT() );
#4560 = UNCERTAINTY_MEASURE_WITH_UNIT(LENGTH_MEASURE(1.E-07),#4557,
  'distance_accuracy_value','confusion accuracy');
#4561 = CONTEXT_DEPENDENT_SHAPE_REPRESENTATION(#4562,#4564);
#4562 = ( REPRESENTATION_RELATIONSHIP('','',#87,#64) 
REPRESENTATION_RELATIONSHIP_WITH_TRANSFORMATION(#4563) 
SHAPE_REPRESENTATION_RELATIONSHIP() );
#4563 = ITEM_DEFINED_TRANSFORMATION('','',#11,#65);
#4564 = PRODUCT_DEFINITION_SHAPE('Placement','Placement of an item',
  #4565);
#4565 = NEXT_ASSEMBLY_USAGE_OCCURRENCE('1','=>[0:1:1:3]','',#59,#82,$);
#4566 = PRODUCT_RELATED_PRODUCT_CATEGORY('part',$,(#84));
#4567 = SHAPE_DEFINITION_REPRESENTATION(#4568,#4574);
#4568 = PRODUCT_DEFINITION_SHAPE('','',#4569);
#4569 = PRODUCT_DEFINITION('design','',#4570,#4573);
#4570 = PRODUCT_DEFINITION_FORMATION('','',#4571);
#4571 = PRODUCT('LED_0603_1608Metric','LED_0603_1608Metric','',(#4572));
#4572 = PRODUCT_CONTEXT('',#2,'mechanical');
#4573 = PRODUCT_DEFINITION_CONTEXT('part definition',#2,'design');
#4574 = SHAPE_REPRESENTATION('',(#11,#4575),#4579);
#4575 = AXIS2_PLACEMENT_3D('',#4576,#4577,#4578);
#4576 = CARTESIAN_POINT('',(0.,0.,0.));
#4577 = DIRECTION('',(0.,0.,1.));
#4578 = DIRECTION('',(1.,0.,-0.));
#4579 = ( GEOMETRIC_REPRESENTATION_CONTEXT(3) 
GLOBAL_UNCERTAINTY_ASSIGNED_CONTEXT((#4583)) 
GLOBAL_UNIT_ASSIGNED_CONTEXT((#4580,#4581,#4582)) REPRESENTATION_CONTEXT
('Context #1','3D Context with UNIT and UNCERTAINTY') );
#4580 = ( LENGTH_UNIT() NAMED_UNIT(*) SI_UNIT(.MILLI.,.METRE.) );
#4581 = ( NAMED_UNIT(*) PLANE_ANGLE_UNIT() SI_UNIT($,.RADIAN.) );
#4582 = ( NAMED_UNIT(*) SI_UNIT($,.STERADIAN.) SOLID_ANGLE_UNIT() );
#4583 = UNCERTAINTY_MEASURE_WITH_UNIT(LENGTH_MEASURE(1.E-07),#4580,
  'distance_accuracy_value','confusion accuracy');
#4584 = CONTEXT_DEPENDENT_SHAPE_REPRESENTATION(#4585,#4587);
#4585 = ( REPRESENTATION_RELATIONSHIP('','',#4574,#10) 
REPRESENTATION_RELATIONSHIP_WITH_TRANSFORMATION(#4586) 
SHAPE_REPRESENTATION_RELATIONSHIP() );
#4586 = ITEM_DEFINED_TRANSFORMATION('','',#11,#19);
#4587 = PRODUCT_DEFINITION_SHAPE('Placement','Placement of an item',
  #4588);
#4588 = NEXT_ASSEMBLY_USAGE_OCCURRENCE('4','D1','',#5,#4569,$);
#4589 = PRODUCT_RELATED_PRODUCT_CATEGORY('part',$,(#4571));
#4590 = SHAPE_DEFINITION_REPRESENTATION(#4591,#4597);
#4591 = PRODUCT_DEFINITION_SHAPE('','',#4592);
#4592 = PRODUCT_DEFINITION('design','',#4593,#4596);
#4593 = PRODUCT_DEFINITION_FORMATION('','',#4594);
#4594 = PRODUCT('LED_0603_1608Metric','LED_0603_1608Metric','',(#4595));
#4595 = PRODUCT_CONTEXT('',#2,'mechanical');
#4596 = PRODUCT_DEFINITION_CONTEXT('part definition',#2,'design');
#4597 = ADVANCED_BREP_SHAPE_REPRESENTATION('',(#11,#4598),#6121);
#4598 = MANIFOLD_SOLID_BREP('',#4599);
#4599 = CLOSED_SHELL('',(#4600,#4640,#4687,#4766,#4790,#4830,#4861,#4878
    ,#4911,#4935,#5002,#5123,#5190,#5214,#5245,#5278,#5334,#5358,#5382,
    #5406,#5439,#5451,#5514,#5539,#5556,#5580,#5598,#5616,#5634,#5651,
    #5668,#5699,#5724,#5749,#5773,#5790,#5821,#5845,#5862,#5890,#5915,
    #5939,#5964,#6011,#6028,#6040,#6062,#6074,#6092,#6110));
#4600 = ADVANCED_FACE('',(#4601),#4635,.F.);
#4601 = FACE_BOUND('',#4602,.F.);
#4602 = EDGE_LOOP('',(#4603,#4613,#4621,#4629));
#4603 = ORIENTED_EDGE('',*,*,#4604,.T.);
#4604 = EDGE_CURVE('',#4605,#4607,#4609,.T.);
#4605 = VERTEX_POINT('',#4606);
#4606 = CARTESIAN_POINT('',(-0.5,-0.4,0.47));
#4607 = VERTEX_POINT('',#4608);
#4608 = CARTESIAN_POINT('',(-0.45,-0.4,1.1));
#4609 = LINE('',#4610,#4611);
#4610 = CARTESIAN_POINT('',(-0.5,-0.4,0.47));
#4611 = VECTOR('',#4612,1.);
#4612 = DIRECTION('',(7.911630099815E-02,0.,0.996865392576));
#4613 = ORIENTED_EDGE('',*,*,#4614,.T.);
#4614 = EDGE_CURVE('',#4607,#4615,#4617,.T.);
#4615 = VERTEX_POINT('',#4616);
#4616 = CARTESIAN_POINT('',(0.45,-0.4,1.1));
#4617 = LINE('',#4618,#4619);
#4618 = CARTESIAN_POINT('',(-0.45,-0.4,1.1));
#4619 = VECTOR('',#4620,1.);
#4620 = DIRECTION('',(1.,0.,0.));
#4621 = ORIENTED_EDGE('',*,*,#4622,.T.);
#4622 = EDGE_CURVE('',#4615,#4623,#4625,.T.);
#4623 = VERTEX_POINT('',#4624);
#4624 = CARTESIAN_POINT('',(0.5,-0.4,0.47));
#4625 = LINE('',#4626,#4627);
#4626 = CARTESIAN_POINT('',(0.45,-0.4,1.1));
#4627 = VECTOR('',#4628,1.);
#4628 = DIRECTION('',(7.911630099815E-02,0.,-0.996865392576));
#4629 = ORIENTED_EDGE('',*,*,#4630,.T.);
#4630 = EDGE_CURVE('',#4623,#4605,#4631,.T.);
#4631 = LINE('',#4632,#4633);
#4632 = CARTESIAN_POINT('',(0.5,-0.4,0.47));
#4633 = VECTOR('',#4634,1.);
#4634 = DIRECTION('',(-1.,0.,0.));
#4635 = PLANE('',#4636);
#4636 = AXIS2_PLACEMENT_3D('',#4637,#4638,#4639);
#4637 = CARTESIAN_POINT('',(-8.772411109409E-18,-0.4,0.775044128294));
#4638 = DIRECTION('',(0.,1.,0.));
#4639 = DIRECTION('',(0.,-0.,1.));
#4640 = ADVANCED_FACE('',(#4641),#4682,.T.);
#4641 = FACE_BOUND('',#4642,.T.);
#4642 = EDGE_LOOP('',(#4643,#4653,#4661,#4667,#4668,#4676));
#4643 = ORIENTED_EDGE('',*,*,#4644,.T.);
#4644 = EDGE_CURVE('',#4645,#4647,#4649,.T.);
#4645 = VERTEX_POINT('',#4646);
#4646 = CARTESIAN_POINT('',(-0.5,0.4,0.47));
#4647 = VERTEX_POINT('',#4648);
#4648 = CARTESIAN_POINT('',(-0.5,0.3,0.47));
#4649 = LINE('',#4650,#4651);
#4650 = CARTESIAN_POINT('',(-0.5,0.4,0.47));
#4651 = VECTOR('',#4652,1.);
#4652 = DIRECTION('',(0.,-1.,0.));
#4653 = ORIENTED_EDGE('',*,*,#4654,.F.);
#4654 = EDGE_CURVE('',#4655,#4647,#4657,.T.);
#4655 = VERTEX_POINT('',#4656);
#4656 = CARTESIAN_POINT('',(-0.5,-0.3,0.47));
#4657 = LINE('',#4658,#4659);
#4658 = CARTESIAN_POINT('',(-0.5,-0.4,0.47));
#4659 = VECTOR('',#4660,1.);
#4660 = DIRECTION('',(0.,1.,0.));
#4661 = ORIENTED_EDGE('',*,*,#4662,.T.);
#4662 = EDGE_CURVE('',#4655,#4605,#4663,.T.);
#4663 = LINE('',#4664,#4665);
#4664 = CARTESIAN_POINT('',(-0.5,0.4,0.47));
#4665 = VECTOR('',#4666,1.);
#4666 = DIRECTION('',(0.,-1.,0.));
#4667 = ORIENTED_EDGE('',*,*,#4604,.T.);
#4668 = ORIENTED_EDGE('',*,*,#4669,.F.);
#4669 = EDGE_CURVE('',#4670,#4607,#4672,.T.);
#4670 = VERTEX_POINT('',#4671);
#4671 = CARTESIAN_POINT('',(-0.45,0.4,1.1));
#4672 = LINE('',#4673,#4674);
#4673 = CARTESIAN_POINT('',(-0.45,0.4,1.1));
#4674 = VECTOR('',#4675,1.);
#4675 = DIRECTION('',(0.,-1.,0.));
#4676 = ORIENTED_EDGE('',*,*,#4677,.F.);
#4677 = EDGE_CURVE('',#4645,#4670,#4678,.T.);
#4678 = LINE('',#4679,#4680);
#4679 = CARTESIAN_POINT('',(-0.5,0.4,0.47));
#4680 = VECTOR('',#4681,1.);
#4681 = DIRECTION('',(7.911630099815E-02,0.,0.996865392576));
#4682 = PLANE('',#4683);
#4683 = AXIS2_PLACEMENT_3D('',#4684,#4685,#4686);
#4684 = CARTESIAN_POINT('',(-0.5,0.4,0.47));
#4685 = DIRECTION('',(-0.996865392576,0.,7.911630099815E-02));
#4686 = DIRECTION('',(7.911630099815E-02,0.,0.996865392576));
#4687 = ADVANCED_FACE('',(#4688),#4761,.F.);
#4688 = FACE_BOUND('',#4689,.F.);
#4689 = EDGE_LOOP('',(#4690,#4700,#4708,#4716,#4722,#4723,#4731,#4739,
    #4747,#4755));
#4690 = ORIENTED_EDGE('',*,*,#4691,.F.);
#4691 = EDGE_CURVE('',#4692,#4694,#4696,.T.);
#4692 = VERTEX_POINT('',#4693);
#4693 = CARTESIAN_POINT('',(-0.77,-0.4,3.E-02));
#4694 = VERTEX_POINT('',#4695);
#4695 = CARTESIAN_POINT('',(-0.725,-0.4,3.E-02));
#4696 = LINE('',#4697,#4698);
#4697 = CARTESIAN_POINT('',(-0.77,-0.4,3.E-02));
#4698 = VECTOR('',#4699,1.);
#4699 = DIRECTION('',(1.,0.,0.));
#4700 = ORIENTED_EDGE('',*,*,#4701,.T.);
#4701 = EDGE_CURVE('',#4692,#4702,#4704,.T.);
#4702 = VERTEX_POINT('',#4703);
#4703 = CARTESIAN_POINT('',(-0.77,-0.4,0.47));
#4704 = LINE('',#4705,#4706);
#4705 = CARTESIAN_POINT('',(-0.77,-0.4,3.E-02));
#4706 = VECTOR('',#4707,1.);
#4707 = DIRECTION('',(0.,0.,1.));
#4708 = ORIENTED_EDGE('',*,*,#4709,.T.);
#4709 = EDGE_CURVE('',#4702,#4710,#4712,.T.);
#4710 = VERTEX_POINT('',#4711);
#4711 = CARTESIAN_POINT('',(-0.725,-0.4,0.47));
#4712 = LINE('',#4713,#4714);
#4713 = CARTESIAN_POINT('',(-0.77,-0.4,0.47));
#4714 = VECTOR('',#4715,1.);
#4715 = DIRECTION('',(1.,0.,0.));
#4716 = ORIENTED_EDGE('',*,*,#4717,.T.);
#4717 = EDGE_CURVE('',#4710,#4605,#4718,.T.);
#4718 = LINE('',#4719,#4720);
#4719 = CARTESIAN_POINT('',(-0.77,-0.4,0.47));
#4720 = VECTOR('',#4721,1.);
#4721 = DIRECTION('',(1.,0.,0.));
#4722 = ORIENTED_EDGE('',*,*,#4630,.F.);
#4723 = ORIENTED_EDGE('',*,*,#4724,.T.);
#4724 = EDGE_CURVE('',#4623,#4725,#4727,.T.);
#4725 = VERTEX_POINT('',#4726);
#4726 = CARTESIAN_POINT('',(0.725,-0.4,0.47));
#4727 = LINE('',#4728,#4729);
#4728 = CARTESIAN_POINT('',(-0.77,-0.4,0.47));
#4729 = VECTOR('',#4730,1.);
#4730 = DIRECTION('',(1.,0.,0.));
#4731 = ORIENTED_EDGE('',*,*,#4732,.T.);
#4732 = EDGE_CURVE('',#4725,#4733,#4735,.T.);
#4733 = VERTEX_POINT('',#4734);
#4734 = CARTESIAN_POINT('',(0.77,-0.4,0.47));
#4735 = LINE('',#4736,#4737);
#4736 = CARTESIAN_POINT('',(-0.77,-0.4,0.47));
#4737 = VECTOR('',#4738,1.);
#4738 = DIRECTION('',(1.,0.,0.));
#4739 = ORIENTED_EDGE('',*,*,#4740,.F.);
#4740 = EDGE_CURVE('',#4741,#4733,#4743,.T.);
#4741 = VERTEX_POINT('',#4742);
#4742 = CARTESIAN_POINT('',(0.77,-0.4,3.E-02));
#4743 = LINE('',#4744,#4745);
#4744 = CARTESIAN_POINT('',(0.77,-0.4,3.E-02));
#4745 = VECTOR('',#4746,1.);
#4746 = DIRECTION('',(0.,0.,1.));
#4747 = ORIENTED_EDGE('',*,*,#4748,.F.);
#4748 = EDGE_CURVE('',#4749,#4741,#4751,.T.);
#4749 = VERTEX_POINT('',#4750);
#4750 = CARTESIAN_POINT('',(0.725,-0.4,3.E-02));
#4751 = LINE('',#4752,#4753);
#4752 = CARTESIAN_POINT('',(-0.77,-0.4,3.E-02));
#4753 = VECTOR('',#4754,1.);
#4754 = DIRECTION('',(1.,0.,0.));
#4755 = ORIENTED_EDGE('',*,*,#4756,.F.);
#4756 = EDGE_CURVE('',#4694,#4749,#4757,.T.);
#4757 = LINE('',#4758,#4759);
#4758 = CARTESIAN_POINT('',(-0.77,-0.4,3.E-02));
#4759 = VECTOR('',#4760,1.);
#4760 = DIRECTION('',(1.,0.,0.));
#4761 = PLANE('',#4762);
#4762 = AXIS2_PLACEMENT_3D('',#4763,#4764,#4765);
#4763 = CARTESIAN_POINT('',(-0.77,-0.4,3.E-02));
#4764 = DIRECTION('',(0.,1.,0.));
#4765 = DIRECTION('',(0.,-0.,1.));
#4766 = ADVANCED_FACE('',(#4767),#4785,.T.);
#4767 = FACE_BOUND('',#4768,.T.);
#4768 = EDGE_LOOP('',(#4769,#4770,#4771,#4779));
#4769 = ORIENTED_EDGE('',*,*,#4669,.T.);
#4770 = ORIENTED_EDGE('',*,*,#4614,.T.);
#4771 = ORIENTED_EDGE('',*,*,#4772,.F.);
#4772 = EDGE_CURVE('',#4773,#4615,#4775,.T.);
#4773 = VERTEX_POINT('',#4774);
#4774 = CARTESIAN_POINT('',(0.45,0.4,1.1));
#4775 = LINE('',#4776,#4777);
#4776 = CARTESIAN_POINT('',(0.45,0.4,1.1));
#4777 = VECTOR('',#4778,1.);
#4778 = DIRECTION('',(0.,-1.,0.));
#4779 = ORIENTED_EDGE('',*,*,#4780,.F.);
#4780 = EDGE_CURVE('',#4670,#4773,#4781,.T.);
#4781 = LINE('',#4782,#4783);
#4782 = CARTESIAN_POINT('',(-0.45,0.4,1.1));
#4783 = VECTOR('',#4784,1.);
#4784 = DIRECTION('',(1.,0.,0.));
#4785 = PLANE('',#4786);
#4786 = AXIS2_PLACEMENT_3D('',#4787,#4788,#4789);
#4787 = CARTESIAN_POINT('',(-0.45,0.4,1.1));
#4788 = DIRECTION('',(0.,0.,1.));
#4789 = DIRECTION('',(1.,0.,-0.));
#4790 = ADVANCED_FACE('',(#4791),#4825,.T.);
#4791 = FACE_BOUND('',#4792,.T.);
#4792 = EDGE_LOOP('',(#4793,#4794,#4795,#4803,#4811,#4819));
#4793 = ORIENTED_EDGE('',*,*,#4772,.T.);
#4794 = ORIENTED_EDGE('',*,*,#4622,.T.);
#4795 = ORIENTED_EDGE('',*,*,#4796,.F.);
#4796 = EDGE_CURVE('',#4797,#4623,#4799,.T.);
#4797 = VERTEX_POINT('',#4798);
#4798 = CARTESIAN_POINT('',(0.5,-0.3,0.47));
#4799 = LINE('',#4800,#4801);
#4800 = CARTESIAN_POINT('',(0.5,0.4,0.47));
#4801 = VECTOR('',#4802,1.);
#4802 = DIRECTION('',(0.,-1.,0.));
#4803 = ORIENTED_EDGE('',*,*,#4804,.T.);
#4804 = EDGE_CURVE('',#4797,#4805,#4807,.T.);
#4805 = VERTEX_POINT('',#4806);
#4806 = CARTESIAN_POINT('',(0.5,0.3,0.47));
#4807 = LINE('',#4808,#4809);
#4808 = CARTESIAN_POINT('',(0.5,-0.4,0.47));
#4809 = VECTOR('',#4810,1.);
#4810 = DIRECTION('',(0.,1.,0.));
#4811 = ORIENTED_EDGE('',*,*,#4812,.F.);
#4812 = EDGE_CURVE('',#4813,#4805,#4815,.T.);
#4813 = VERTEX_POINT('',#4814);
#4814 = CARTESIAN_POINT('',(0.5,0.4,0.47));
#4815 = LINE('',#4816,#4817);
#4816 = CARTESIAN_POINT('',(0.5,0.4,0.47));
#4817 = VECTOR('',#4818,1.);
#4818 = DIRECTION('',(0.,-1.,0.));
#4819 = ORIENTED_EDGE('',*,*,#4820,.F.);
#4820 = EDGE_CURVE('',#4773,#4813,#4821,.T.);
#4821 = LINE('',#4822,#4823);
#4822 = CARTESIAN_POINT('',(0.45,0.4,1.1));
#4823 = VECTOR('',#4824,1.);
#4824 = DIRECTION('',(7.911630099815E-02,0.,-0.996865392576));
#4825 = PLANE('',#4826);
#4826 = AXIS2_PLACEMENT_3D('',#4827,#4828,#4829);
#4827 = CARTESIAN_POINT('',(0.45,0.4,1.1));
#4828 = DIRECTION('',(0.996865392576,0.,7.911630099815E-02));
#4829 = DIRECTION('',(7.911630099815E-02,0.,-0.996865392576));
#4830 = ADVANCED_FACE('',(#4831),#4856,.T.);
#4831 = FACE_BOUND('',#4832,.T.);
#4832 = EDGE_LOOP('',(#4833,#4841,#4849,#4855));
#4833 = ORIENTED_EDGE('',*,*,#4834,.F.);
#4834 = EDGE_CURVE('',#4835,#4645,#4837,.T.);
#4835 = VERTEX_POINT('',#4836);
#4836 = CARTESIAN_POINT('',(-0.725,0.4,0.47));
#4837 = LINE('',#4838,#4839);
#4838 = CARTESIAN_POINT('',(-0.77,0.4,0.47));
#4839 = VECTOR('',#4840,1.);
#4840 = DIRECTION('',(1.,0.,0.));
#4841 = ORIENTED_EDGE('',*,*,#4842,.F.);
#4842 = EDGE_CURVE('',#4843,#4835,#4845,.T.);
#4843 = VERTEX_POINT('',#4844);
#4844 = CARTESIAN_POINT('',(-0.725,0.3,0.47));
#4845 = LINE('',#4846,#4847);
#4846 = CARTESIAN_POINT('',(-0.725,5.E-02,0.47));
#4847 = VECTOR('',#4848,1.);
#4848 = DIRECTION('',(0.,1.,0.));
#4849 = ORIENTED_EDGE('',*,*,#4850,.F.);
#4850 = EDGE_CURVE('',#4647,#4843,#4851,.T.);
#4851 = LINE('',#4852,#4853);
#4852 = CARTESIAN_POINT('',(-0.7475,0.3,0.47));
#4853 = VECTOR('',#4854,1.);
#4854 = DIRECTION('',(-1.,0.,0.));
#4855 = ORIENTED_EDGE('',*,*,#4644,.F.);
#4856 = PLANE('',#4857);
#4857 = AXIS2_PLACEMENT_3D('',#4858,#4859,#4860);
#4858 = CARTESIAN_POINT('',(-0.77,-0.4,0.47));
#4859 = DIRECTION('',(0.,0.,1.));
#4860 = DIRECTION('',(1.,0.,-0.));
#4861 = ADVANCED_FACE('',(#4862),#4873,.T.);
#4862 = FACE_BOUND('',#4863,.T.);
#4863 = EDGE_LOOP('',(#4864,#4865,#4866,#4867));
#4864 = ORIENTED_EDGE('',*,*,#4677,.T.);
#4865 = ORIENTED_EDGE('',*,*,#4780,.T.);
#4866 = ORIENTED_EDGE('',*,*,#4820,.T.);
#4867 = ORIENTED_EDGE('',*,*,#4868,.T.);
#4868 = EDGE_CURVE('',#4813,#4645,#4869,.T.);
#4869 = LINE('',#4870,#4871);
#4870 = CARTESIAN_POINT('',(0.5,0.4,0.47));
#4871 = VECTOR('',#4872,1.);
#4872 = DIRECTION('',(-1.,0.,0.));
#4873 = PLANE('',#4874);
#4874 = AXIS2_PLACEMENT_3D('',#4875,#4876,#4877);
#4875 = CARTESIAN_POINT('',(-8.772411109409E-18,0.4,0.775044128294));
#4876 = DIRECTION('',(0.,1.,0.));
#4877 = DIRECTION('',(0.,-0.,1.));
#4878 = ADVANCED_FACE('',(#4879),#4906,.T.);
#4879 = FACE_BOUND('',#4880,.T.);
#4880 = EDGE_LOOP('',(#4881,#4890,#4898,#4905));
#4881 = ORIENTED_EDGE('',*,*,#4882,.F.);
#4882 = EDGE_CURVE('',#4883,#4647,#4885,.T.);
#4883 = VERTEX_POINT('',#4884);
#4884 = CARTESIAN_POINT('',(-0.53,0.3,0.5));
#4885 = CIRCLE('',#4886,3.E-02);
#4886 = AXIS2_PLACEMENT_3D('',#4887,#4888,#4889);
#4887 = CARTESIAN_POINT('',(-0.53,0.3,0.47));
#4888 = DIRECTION('',(-0.,1.,0.));
#4889 = DIRECTION('',(1.,0.,0.));
#4890 = ORIENTED_EDGE('',*,*,#4891,.F.);
#4891 = EDGE_CURVE('',#4892,#4883,#4894,.T.);
#4892 = VERTEX_POINT('',#4893);
#4893 = CARTESIAN_POINT('',(-0.53,-0.3,0.5));
#4894 = LINE('',#4895,#4896);
#4895 = CARTESIAN_POINT('',(-0.53,-0.4,0.5));
#4896 = VECTOR('',#4897,1.);
#4897 = DIRECTION('',(0.,1.,0.));
#4898 = ORIENTED_EDGE('',*,*,#4899,.T.);
#4899 = EDGE_CURVE('',#4892,#4655,#4900,.T.);
#4900 = CIRCLE('',#4901,3.E-02);
#4901 = AXIS2_PLACEMENT_3D('',#4902,#4903,#4904);
#4902 = CARTESIAN_POINT('',(-0.53,-0.3,0.47));
#4903 = DIRECTION('',(-0.,1.,0.));
#4904 = DIRECTION('',(1.,0.,0.));
#4905 = ORIENTED_EDGE('',*,*,#4654,.T.);
#4906 = CYLINDRICAL_SURFACE('',#4907,3.E-02);
#4907 = AXIS2_PLACEMENT_3D('',#4908,#4909,#4910);
#4908 = CARTESIAN_POINT('',(-0.53,-0.4,0.47));
#4909 = DIRECTION('',(0.,1.,0.));
#4910 = DIRECTION('',(1.,0.,0.));
#4911 = ADVANCED_FACE('',(#4912),#4930,.T.);
#4912 = FACE_BOUND('',#4913,.T.);
#4913 = EDGE_LOOP('',(#4914,#4922,#4923,#4924));
#4914 = ORIENTED_EDGE('',*,*,#4915,.F.);
#4915 = EDGE_CURVE('',#4710,#4916,#4918,.T.);
#4916 = VERTEX_POINT('',#4917);
#4917 = CARTESIAN_POINT('',(-0.725,-0.3,0.47));
#4918 = LINE('',#4919,#4920);
#4919 = CARTESIAN_POINT('',(-0.725,-0.35,0.47));
#4920 = VECTOR('',#4921,1.);
#4921 = DIRECTION('',(0.,1.,0.));
#4922 = ORIENTED_EDGE('',*,*,#4717,.T.);
#4923 = ORIENTED_EDGE('',*,*,#4662,.F.);
#4924 = ORIENTED_EDGE('',*,*,#4925,.F.);
#4925 = EDGE_CURVE('',#4916,#4655,#4926,.T.);
#4926 = LINE('',#4927,#4928);
#4927 = CARTESIAN_POINT('',(-2.25E-02,-0.3,0.47));
#4928 = VECTOR('',#4929,1.);
#4929 = DIRECTION('',(1.,0.,0.));
#4930 = PLANE('',#4931);
#4931 = AXIS2_PLACEMENT_3D('',#4932,#4933,#4934);
#4932 = CARTESIAN_POINT('',(-0.77,-0.4,0.47));
#4933 = DIRECTION('',(0.,0.,1.));
#4934 = DIRECTION('',(1.,0.,-0.));
#4935 = ADVANCED_FACE('',(#4936),#4997,.F.);
#4936 = FACE_BOUND('',#4937,.F.);
#4937 = EDGE_LOOP('',(#4938,#4948,#4957,#4965,#4974,#4982,#4988,#4989,
    #4990,#4991));
#4938 = ORIENTED_EDGE('',*,*,#4939,.F.);
#4939 = EDGE_CURVE('',#4940,#4942,#4944,.T.);
#4940 = VERTEX_POINT('',#4941);
#4941 = CARTESIAN_POINT('',(-0.77,-0.4,-3.469446951954E-18));
#4942 = VERTEX_POINT('',#4943);
#4943 = CARTESIAN_POINT('',(-0.725,-0.4,0.));
#4944 = LINE('',#4945,#4946);
#4945 = CARTESIAN_POINT('',(-0.8,-0.4,0.));
#4946 = VECTOR('',#4947,1.);
#4947 = DIRECTION('',(1.,0.,0.));
#4948 = ORIENTED_EDGE('',*,*,#4949,.F.);
#4949 = EDGE_CURVE('',#4950,#4940,#4952,.T.);
#4950 = VERTEX_POINT('',#4951);
#4951 = CARTESIAN_POINT('',(-0.8,-0.4,3.E-02));
#4952 = CIRCLE('',#4953,3.E-02);
#4953 = AXIS2_PLACEMENT_3D('',#4954,#4955,#4956);
#4954 = CARTESIAN_POINT('',(-0.77,-0.4,3.E-02));
#4955 = DIRECTION('',(0.,-1.,0.));
#4956 = DIRECTION('',(0.,0.,1.));
#4957 = ORIENTED_EDGE('',*,*,#4958,.T.);
#4958 = EDGE_CURVE('',#4950,#4959,#4961,.T.);
#4959 = VERTEX_POINT('',#4960);
#4960 = CARTESIAN_POINT('',(-0.8,-0.4,0.47));
#4961 = LINE('',#4962,#4963);
#4962 = CARTESIAN_POINT('',(-0.8,-0.4,0.));
#4963 = VECTOR('',#4964,1.);
#4964 = DIRECTION('',(0.,0.,1.));
#4965 = ORIENTED_EDGE('',*,*,#4966,.T.);
#4966 = EDGE_CURVE('',#4959,#4967,#4969,.T.);
#4967 = VERTEX_POINT('',#4968);
#4968 = CARTESIAN_POINT('',(-0.77,-0.4,0.5));
#4969 = CIRCLE('',#4970,3.E-02);
#4970 = AXIS2_PLACEMENT_3D('',#4971,#4972,#4973);
#4971 = CARTESIAN_POINT('',(-0.77,-0.4,0.47));
#4972 = DIRECTION('',(0.,1.,0.));
#4973 = DIRECTION('',(0.,-0.,1.));
#4974 = ORIENTED_EDGE('',*,*,#4975,.T.);
#4975 = EDGE_CURVE('',#4967,#4976,#4978,.T.);
#4976 = VERTEX_POINT('',#4977);
#4977 = CARTESIAN_POINT('',(-0.725,-0.4,0.5));
#4978 = LINE('',#4979,#4980);
#4979 = CARTESIAN_POINT('',(-0.8,-0.4,0.5));
#4980 = VECTOR('',#4981,1.);
#4981 = DIRECTION('',(1.,0.,0.));
#4982 = ORIENTED_EDGE('',*,*,#4983,.F.);
#4983 = EDGE_CURVE('',#4710,#4976,#4984,.T.);
#4984 = LINE('',#4985,#4986);
#4985 = CARTESIAN_POINT('',(-0.725,-0.4,0.375));
#4986 = VECTOR('',#4987,1.);
#4987 = DIRECTION('',(0.,0.,1.));
#4988 = ORIENTED_EDGE('',*,*,#4709,.F.);
#4989 = ORIENTED_EDGE('',*,*,#4701,.F.);
#4990 = ORIENTED_EDGE('',*,*,#4691,.T.);
#4991 = ORIENTED_EDGE('',*,*,#4992,.F.);
#4992 = EDGE_CURVE('',#4942,#4694,#4993,.T.);
#4993 = LINE('',#4994,#4995);
#4994 = CARTESIAN_POINT('',(-0.725,-0.4,0.375));
#4995 = VECTOR('',#4996,1.);
#4996 = DIRECTION('',(0.,0.,1.));
#4997 = PLANE('',#4998);
#4998 = AXIS2_PLACEMENT_3D('',#4999,#5000,#5001);
#4999 = CARTESIAN_POINT('',(-0.8,-0.4,0.));
#5000 = DIRECTION('',(0.,1.,0.));
#5001 = DIRECTION('',(0.,-0.,1.));
#5002 = ADVANCED_FACE('',(#5003,#5092),#5118,.F.);
#5003 = FACE_BOUND('',#5004,.F.);
#5004 = EDGE_LOOP('',(#5005,#5013,#5014,#5022,#5030,#5038,#5046,#5054,
    #5062,#5070,#5078,#5086));
#5005 = ORIENTED_EDGE('',*,*,#5006,.F.);
#5006 = EDGE_CURVE('',#4694,#5007,#5009,.T.);
#5007 = VERTEX_POINT('',#5008);
#5008 = CARTESIAN_POINT('',(-0.725,-0.3,3.E-02));
#5009 = LINE('',#5010,#5011);
#5010 = CARTESIAN_POINT('',(-0.725,-0.35,3.E-02));
#5011 = VECTOR('',#5012,1.);
#5012 = DIRECTION('',(0.,1.,0.));
#5013 = ORIENTED_EDGE('',*,*,#4756,.T.);
#5014 = ORIENTED_EDGE('',*,*,#5015,.F.);
#5015 = EDGE_CURVE('',#5016,#4749,#5018,.T.);
#5016 = VERTEX_POINT('',#5017);
#5017 = CARTESIAN_POINT('',(0.725,-0.3,3.E-02));
#5018 = LINE('',#5019,#5020);
#5019 = CARTESIAN_POINT('',(0.725,-0.45,3.E-02));
#5020 = VECTOR('',#5021,1.);
#5021 = DIRECTION('',(0.,-1.,0.));
#5022 = ORIENTED_EDGE('',*,*,#5023,.F.);
#5023 = EDGE_CURVE('',#5024,#5016,#5026,.T.);
#5024 = VERTEX_POINT('',#5025);
#5025 = CARTESIAN_POINT('',(0.5,-0.3,3.E-02));
#5026 = LINE('',#5027,#5028);
#5027 = CARTESIAN_POINT('',(-2.25E-02,-0.3,3.E-02));
#5028 = VECTOR('',#5029,1.);
#5029 = DIRECTION('',(1.,0.,0.));
#5030 = ORIENTED_EDGE('',*,*,#5031,.T.);
#5031 = EDGE_CURVE('',#5024,#5032,#5034,.T.);
#5032 = VERTEX_POINT('',#5033);
#5033 = CARTESIAN_POINT('',(0.5,0.3,3.E-02));
#5034 = LINE('',#5035,#5036);
#5035 = CARTESIAN_POINT('',(0.5,-0.4,3.E-02));
#5036 = VECTOR('',#5037,1.);
#5037 = DIRECTION('',(0.,1.,0.));
#5038 = ORIENTED_EDGE('',*,*,#5039,.F.);
#5039 = EDGE_CURVE('',#5040,#5032,#5042,.T.);
#5040 = VERTEX_POINT('',#5041);
#5041 = CARTESIAN_POINT('',(0.725,0.3,3.E-02));
#5042 = LINE('',#5043,#5044);
#5043 = CARTESIAN_POINT('',(-0.7475,0.3,3.E-02));
#5044 = VECTOR('',#5045,1.);
#5045 = DIRECTION('',(-1.,0.,0.));
#5046 = ORIENTED_EDGE('',*,*,#5047,.F.);
#5047 = EDGE_CURVE('',#5048,#5040,#5050,.T.);
#5048 = VERTEX_POINT('',#5049);
#5049 = CARTESIAN_POINT('',(0.725,0.4,3.E-02));
#5050 = LINE('',#5051,#5052);
#5051 = CARTESIAN_POINT('',(0.725,-5.E-02,3.E-02));
#5052 = VECTOR('',#5053,1.);
#5053 = DIRECTION('',(0.,-1.,0.));
#5054 = ORIENTED_EDGE('',*,*,#5055,.F.);
#5055 = EDGE_CURVE('',#5056,#5048,#5058,.T.);
#5056 = VERTEX_POINT('',#5057);
#5057 = CARTESIAN_POINT('',(-0.725,0.4,3.E-02));
#5058 = LINE('',#5059,#5060);
#5059 = CARTESIAN_POINT('',(-0.77,0.4,3.E-02));
#5060 = VECTOR('',#5061,1.);
#5061 = DIRECTION('',(1.,0.,0.));
#5062 = ORIENTED_EDGE('',*,*,#5063,.F.);
#5063 = EDGE_CURVE('',#5064,#5056,#5066,.T.);
#5064 = VERTEX_POINT('',#5065);
#5065 = CARTESIAN_POINT('',(-0.725,0.3,3.E-02));
#5066 = LINE('',#5067,#5068);
#5067 = CARTESIAN_POINT('',(-0.725,5.E-02,3.E-02));
#5068 = VECTOR('',#5069,1.);
#5069 = DIRECTION('',(0.,1.,0.));
#5070 = ORIENTED_EDGE('',*,*,#5071,.F.);
#5071 = EDGE_CURVE('',#5072,#5064,#5074,.T.);
#5072 = VERTEX_POINT('',#5073);
#5073 = CARTESIAN_POINT('',(-0.5,0.3,3.E-02));
#5074 = LINE('',#5075,#5076);
#5075 = CARTESIAN_POINT('',(-0.7475,0.3,3.E-02));
#5076 = VECTOR('',#5077,1.);
#5077 = DIRECTION('',(-1.,0.,0.));
#5078 = ORIENTED_EDGE('',*,*,#5079,.F.);
#5079 = EDGE_CURVE('',#5080,#5072,#5082,.T.);
#5080 = VERTEX_POINT('',#5081);
#5081 = CARTESIAN_POINT('',(-0.5,-0.3,3.E-02));
#5082 = LINE('',#5083,#5084);
#5083 = CARTESIAN_POINT('',(-0.5,-0.4,3.E-02));
#5084 = VECTOR('',#5085,1.);
#5085 = DIRECTION('',(0.,1.,0.));
#5086 = ORIENTED_EDGE('',*,*,#5087,.F.);
#5087 = EDGE_CURVE('',#5007,#5080,#5088,.T.);
#5088 = LINE('',#5089,#5090);
#5089 = CARTESIAN_POINT('',(-2.25E-02,-0.3,3.E-02));
#5090 = VECTOR('',#5091,1.);
#5091 = DIRECTION('',(1.,0.,0.));
#5092 = FACE_BOUND('',#5093,.F.);
#5093 = EDGE_LOOP('',(#5094,#5104,#5112));
#5094 = ORIENTED_EDGE('',*,*,#5095,.T.);
#5095 = EDGE_CURVE('',#5096,#5098,#5100,.T.);
#5096 = VERTEX_POINT('',#5097);
#5097 = CARTESIAN_POINT('',(0.277128129211,0.32,3.E-02));
#5098 = VERTEX_POINT('',#5099);
#5099 = CARTESIAN_POINT('',(0.277128129211,-0.32,3.E-02));
#5100 = LINE('',#5101,#5102);
#5101 = CARTESIAN_POINT('',(0.277128129211,0.32,3.E-02));
#5102 = VECTOR('',#5103,1.);
#5103 = DIRECTION('',(0.,-1.,0.));
#5104 = ORIENTED_EDGE('',*,*,#5105,.T.);
#5105 = EDGE_CURVE('',#5098,#5106,#5108,.T.);
#5106 = VERTEX_POINT('',#5107);
#5107 = CARTESIAN_POINT('',(-0.277128129211,0.,3.E-02));
#5108 = LINE('',#5109,#5110);
#5109 = CARTESIAN_POINT('',(0.277128129211,-0.32,3.E-02));
#5110 = VECTOR('',#5111,1.);
#5111 = DIRECTION('',(-0.866025403784,0.5,0.));
#5112 = ORIENTED_EDGE('',*,*,#5113,.T.);
#5113 = EDGE_CURVE('',#5106,#5096,#5114,.T.);
#5114 = LINE('',#5115,#5116);
#5115 = CARTESIAN_POINT('',(-0.277128129211,0.,3.E-02));
#5116 = VECTOR('',#5117,1.);
#5117 = DIRECTION('',(0.866025403784,0.5,0.));
#5118 = PLANE('',#5119);
#5119 = AXIS2_PLACEMENT_3D('',#5120,#5121,#5122);
#5120 = CARTESIAN_POINT('',(-0.77,-0.4,3.E-02));
#5121 = DIRECTION('',(0.,0.,1.));
#5122 = DIRECTION('',(1.,0.,-0.));
#5123 = ADVANCED_FACE('',(#5124),#5185,.F.);
#5124 = FACE_BOUND('',#5125,.F.);
#5125 = EDGE_LOOP('',(#5126,#5136,#5142,#5143,#5144,#5145,#5153,#5161,
    #5170,#5178));
#5126 = ORIENTED_EDGE('',*,*,#5127,.F.);
#5127 = EDGE_CURVE('',#5128,#5130,#5132,.T.);
#5128 = VERTEX_POINT('',#5129);
#5129 = CARTESIAN_POINT('',(0.725,-0.4,0.));
#5130 = VERTEX_POINT('',#5131);
#5131 = CARTESIAN_POINT('',(0.77,-0.4,-3.469446951954E-18));
#5132 = LINE('',#5133,#5134);
#5133 = CARTESIAN_POINT('',(0.5,-0.4,0.));
#5134 = VECTOR('',#5135,1.);
#5135 = DIRECTION('',(1.,0.,0.));
#5136 = ORIENTED_EDGE('',*,*,#5137,.F.);
#5137 = EDGE_CURVE('',#4749,#5128,#5138,.T.);
#5138 = LINE('',#5139,#5140);
#5139 = CARTESIAN_POINT('',(0.725,-0.4,0.375));
#5140 = VECTOR('',#5141,1.);
#5141 = DIRECTION('',(0.,0.,-1.));
#5142 = ORIENTED_EDGE('',*,*,#4748,.T.);
#5143 = ORIENTED_EDGE('',*,*,#4740,.T.);
#5144 = ORIENTED_EDGE('',*,*,#4732,.F.);
#5145 = ORIENTED_EDGE('',*,*,#5146,.F.);
#5146 = EDGE_CURVE('',#5147,#4725,#5149,.T.);
#5147 = VERTEX_POINT('',#5148);
#5148 = CARTESIAN_POINT('',(0.725,-0.4,0.5));
#5149 = LINE('',#5150,#5151);
#5150 = CARTESIAN_POINT('',(0.725,-0.4,0.375));
#5151 = VECTOR('',#5152,1.);
#5152 = DIRECTION('',(0.,0.,-1.));
#5153 = ORIENTED_EDGE('',*,*,#5154,.T.);
#5154 = EDGE_CURVE('',#5147,#5155,#5157,.T.);
#5155 = VERTEX_POINT('',#5156);
#5156 = CARTESIAN_POINT('',(0.77,-0.4,0.5));
#5157 = LINE('',#5158,#5159);
#5158 = CARTESIAN_POINT('',(0.5,-0.4,0.5));
#5159 = VECTOR('',#5160,1.);
#5160 = DIRECTION('',(1.,0.,0.));
#5161 = ORIENTED_EDGE('',*,*,#5162,.F.);
#5162 = EDGE_CURVE('',#5163,#5155,#5165,.T.);
#5163 = VERTEX_POINT('',#5164);
#5164 = CARTESIAN_POINT('',(0.8,-0.4,0.47));
#5165 = CIRCLE('',#5166,3.E-02);
#5166 = AXIS2_PLACEMENT_3D('',#5167,#5168,#5169);
#5167 = CARTESIAN_POINT('',(0.77,-0.4,0.47));
#5168 = DIRECTION('',(0.,-1.,0.));
#5169 = DIRECTION('',(0.,0.,1.));
#5170 = ORIENTED_EDGE('',*,*,#5171,.F.);
#5171 = EDGE_CURVE('',#5172,#5163,#5174,.T.);
#5172 = VERTEX_POINT('',#5173);
#5173 = CARTESIAN_POINT('',(0.8,-0.4,3.E-02));
#5174 = LINE('',#5175,#5176);
#5175 = CARTESIAN_POINT('',(0.8,-0.4,0.));
#5176 = VECTOR('',#5177,1.);
#5177 = DIRECTION('',(0.,0.,1.));
#5178 = ORIENTED_EDGE('',*,*,#5179,.T.);
#5179 = EDGE_CURVE('',#5172,#5130,#5180,.T.);
#5180 = CIRCLE('',#5181,3.E-02);
#5181 = AXIS2_PLACEMENT_3D('',#5182,#5183,#5184);
#5182 = CARTESIAN_POINT('',(0.77,-0.4,3.E-02));
#5183 = DIRECTION('',(0.,1.,0.));
#5184 = DIRECTION('',(0.,-0.,1.));
#5185 = PLANE('',#5186);
#5186 = AXIS2_PLACEMENT_3D('',#5187,#5188,#5189);
#5187 = CARTESIAN_POINT('',(0.5,-0.4,0.));
#5188 = DIRECTION('',(0.,1.,0.));
#5189 = DIRECTION('',(0.,-0.,1.));
#5190 = ADVANCED_FACE('',(#5191),#5209,.T.);
#5191 = FACE_BOUND('',#5192,.T.);
#5192 = EDGE_LOOP('',(#5193,#5201,#5202,#5203));
#5193 = ORIENTED_EDGE('',*,*,#5194,.F.);
#5194 = EDGE_CURVE('',#4797,#5195,#5197,.T.);
#5195 = VERTEX_POINT('',#5196);
#5196 = CARTESIAN_POINT('',(0.725,-0.3,0.47));
#5197 = LINE('',#5198,#5199);
#5198 = CARTESIAN_POINT('',(-2.25E-02,-0.3,0.47));
#5199 = VECTOR('',#5200,1.);
#5200 = DIRECTION('',(1.,0.,0.));
#5201 = ORIENTED_EDGE('',*,*,#4796,.T.);
#5202 = ORIENTED_EDGE('',*,*,#4724,.T.);
#5203 = ORIENTED_EDGE('',*,*,#5204,.F.);
#5204 = EDGE_CURVE('',#5195,#4725,#5205,.T.);
#5205 = LINE('',#5206,#5207);
#5206 = CARTESIAN_POINT('',(0.725,-0.45,0.47));
#5207 = VECTOR('',#5208,1.);
#5208 = DIRECTION('',(0.,-1.,0.));
#5209 = PLANE('',#5210);
#5210 = AXIS2_PLACEMENT_3D('',#5211,#5212,#5213);
#5211 = CARTESIAN_POINT('',(-0.77,-0.4,0.47));
#5212 = DIRECTION('',(0.,0.,1.));
#5213 = DIRECTION('',(1.,0.,-0.));
#5214 = ADVANCED_FACE('',(#5215),#5240,.T.);
#5215 = FACE_BOUND('',#5216,.T.);
#5216 = EDGE_LOOP('',(#5217,#5225,#5226,#5234));
#5217 = ORIENTED_EDGE('',*,*,#5218,.F.);
#5218 = EDGE_CURVE('',#4813,#5219,#5221,.T.);
#5219 = VERTEX_POINT('',#5220);
#5220 = CARTESIAN_POINT('',(0.725,0.4,0.47));
#5221 = LINE('',#5222,#5223);
#5222 = CARTESIAN_POINT('',(-0.77,0.4,0.47));
#5223 = VECTOR('',#5224,1.);
#5224 = DIRECTION('',(1.,0.,0.));
#5225 = ORIENTED_EDGE('',*,*,#4812,.T.);
#5226 = ORIENTED_EDGE('',*,*,#5227,.F.);
#5227 = EDGE_CURVE('',#5228,#4805,#5230,.T.);
#5228 = VERTEX_POINT('',#5229);
#5229 = CARTESIAN_POINT('',(0.725,0.3,0.47));
#5230 = LINE('',#5231,#5232);
#5231 = CARTESIAN_POINT('',(-0.7475,0.3,0.47));
#5232 = VECTOR('',#5233,1.);
#5233 = DIRECTION('',(-1.,0.,0.));
#5234 = ORIENTED_EDGE('',*,*,#5235,.F.);
#5235 = EDGE_CURVE('',#5219,#5228,#5236,.T.);
#5236 = LINE('',#5237,#5238);
#5237 = CARTESIAN_POINT('',(0.725,-5.E-02,0.47));
#5238 = VECTOR('',#5239,1.);
#5239 = DIRECTION('',(0.,-1.,0.));
#5240 = PLANE('',#5241);
#5241 = AXIS2_PLACEMENT_3D('',#5242,#5243,#5244);
#5242 = CARTESIAN_POINT('',(-0.77,-0.4,0.47));
#5243 = DIRECTION('',(0.,0.,1.));
#5244 = DIRECTION('',(1.,0.,-0.));
#5245 = ADVANCED_FACE('',(#5246),#5273,.T.);
#5246 = FACE_BOUND('',#5247,.T.);
#5247 = EDGE_LOOP('',(#5248,#5249,#5258,#5266));
#5248 = ORIENTED_EDGE('',*,*,#4804,.F.);
#5249 = ORIENTED_EDGE('',*,*,#5250,.T.);
#5250 = EDGE_CURVE('',#4797,#5251,#5253,.T.);
#5251 = VERTEX_POINT('',#5252);
#5252 = CARTESIAN_POINT('',(0.53,-0.3,0.5));
#5253 = CIRCLE('',#5254,3.E-02);
#5254 = AXIS2_PLACEMENT_3D('',#5255,#5256,#5257);
#5255 = CARTESIAN_POINT('',(0.53,-0.3,0.47));
#5256 = DIRECTION('',(0.,1.,-0.));
#5257 = DIRECTION('',(-1.,0.,0.));
#5258 = ORIENTED_EDGE('',*,*,#5259,.T.);
#5259 = EDGE_CURVE('',#5251,#5260,#5262,.T.);
#5260 = VERTEX_POINT('',#5261);
#5261 = CARTESIAN_POINT('',(0.53,0.3,0.5));
#5262 = LINE('',#5263,#5264);
#5263 = CARTESIAN_POINT('',(0.53,-0.4,0.5));
#5264 = VECTOR('',#5265,1.);
#5265 = DIRECTION('',(0.,1.,0.));
#5266 = ORIENTED_EDGE('',*,*,#5267,.F.);
#5267 = EDGE_CURVE('',#4805,#5260,#5268,.T.);
#5268 = CIRCLE('',#5269,3.E-02);
#5269 = AXIS2_PLACEMENT_3D('',#5270,#5271,#5272);
#5270 = CARTESIAN_POINT('',(0.53,0.3,0.47));
#5271 = DIRECTION('',(0.,1.,-0.));
#5272 = DIRECTION('',(-1.,0.,0.));
#5273 = CYLINDRICAL_SURFACE('',#5274,3.E-02);
#5274 = AXIS2_PLACEMENT_3D('',#5275,#5276,#5277);
#5275 = CARTESIAN_POINT('',(0.53,-0.4,0.47));
#5276 = DIRECTION('',(0.,1.,0.));
#5277 = DIRECTION('',(-1.,0.,0.));
#5278 = ADVANCED_FACE('',(#5279),#5329,.T.);
#5279 = FACE_BOUND('',#5280,.T.);
#5280 = EDGE_LOOP('',(#5281,#5289,#5297,#5303,#5304,#5305,#5306,#5314,
    #5322,#5328));
#5281 = ORIENTED_EDGE('',*,*,#5282,.F.);
#5282 = EDGE_CURVE('',#5283,#5056,#5285,.T.);
#5283 = VERTEX_POINT('',#5284);
#5284 = CARTESIAN_POINT('',(-0.77,0.4,3.E-02));
#5285 = LINE('',#5286,#5287);
#5286 = CARTESIAN_POINT('',(-0.77,0.4,3.E-02));
#5287 = VECTOR('',#5288,1.);
#5288 = DIRECTION('',(1.,0.,0.));
#5289 = ORIENTED_EDGE('',*,*,#5290,.T.);
#5290 = EDGE_CURVE('',#5283,#5291,#5293,.T.);
#5291 = VERTEX_POINT('',#5292);
#5292 = CARTESIAN_POINT('',(-0.77,0.4,0.47));
#5293 = LINE('',#5294,#5295);
#5294 = CARTESIAN_POINT('',(-0.77,0.4,3.E-02));
#5295 = VECTOR('',#5296,1.);
#5296 = DIRECTION('',(0.,0.,1.));
#5297 = ORIENTED_EDGE('',*,*,#5298,.T.);
#5298 = EDGE_CURVE('',#5291,#4835,#5299,.T.);
#5299 = LINE('',#5300,#5301);
#5300 = CARTESIAN_POINT('',(-0.77,0.4,0.47));
#5301 = VECTOR('',#5302,1.);
#5302 = DIRECTION('',(1.,0.,0.));
#5303 = ORIENTED_EDGE('',*,*,#4834,.T.);
#5304 = ORIENTED_EDGE('',*,*,#4868,.F.);
#5305 = ORIENTED_EDGE('',*,*,#5218,.T.);
#5306 = ORIENTED_EDGE('',*,*,#5307,.T.);
#5307 = EDGE_CURVE('',#5219,#5308,#5310,.T.);
#5308 = VERTEX_POINT('',#5309);
#5309 = CARTESIAN_POINT('',(0.77,0.4,0.47));
#5310 = LINE('',#5311,#5312);
#5311 = CARTESIAN_POINT('',(-0.77,0.4,0.47));
#5312 = VECTOR('',#5313,1.);
#5313 = DIRECTION('',(1.,0.,0.));
#5314 = ORIENTED_EDGE('',*,*,#5315,.F.);
#5315 = EDGE_CURVE('',#5316,#5308,#5318,.T.);
#5316 = VERTEX_POINT('',#5317);
#5317 = CARTESIAN_POINT('',(0.77,0.4,3.E-02));
#5318 = LINE('',#5319,#5320);
#5319 = CARTESIAN_POINT('',(0.77,0.4,3.E-02));
#5320 = VECTOR('',#5321,1.);
#5321 = DIRECTION('',(0.,0.,1.));
#5322 = ORIENTED_EDGE('',*,*,#5323,.F.);
#5323 = EDGE_CURVE('',#5048,#5316,#5324,.T.);
#5324 = LINE('',#5325,#5326);
#5325 = CARTESIAN_POINT('',(-0.77,0.4,3.E-02));
#5326 = VECTOR('',#5327,1.);
#5327 = DIRECTION('',(1.,0.,0.));
#5328 = ORIENTED_EDGE('',*,*,#5055,.F.);
#5329 = PLANE('',#5330);
#5330 = AXIS2_PLACEMENT_3D('',#5331,#5332,#5333);
#5331 = CARTESIAN_POINT('',(-0.77,0.4,3.E-02));
#5332 = DIRECTION('',(0.,1.,0.));
#5333 = DIRECTION('',(0.,-0.,1.));
#5334 = ADVANCED_FACE('',(#5335),#5353,.F.);
#5335 = FACE_BOUND('',#5336,.F.);
#5336 = EDGE_LOOP('',(#5337,#5345,#5351,#5352));
#5337 = ORIENTED_EDGE('',*,*,#5338,.F.);
#5338 = EDGE_CURVE('',#5339,#4883,#5341,.T.);
#5339 = VERTEX_POINT('',#5340);
#5340 = CARTESIAN_POINT('',(-0.725,0.3,0.5));
#5341 = LINE('',#5342,#5343);
#5342 = CARTESIAN_POINT('',(-0.7625,0.3,0.5));
#5343 = VECTOR('',#5344,1.);
#5344 = DIRECTION('',(1.,0.,0.));
#5345 = ORIENTED_EDGE('',*,*,#5346,.T.);
#5346 = EDGE_CURVE('',#5339,#4843,#5347,.T.);
#5347 = LINE('',#5348,#5349);
#5348 = CARTESIAN_POINT('',(-0.725,0.3,0.75));
#5349 = VECTOR('',#5350,1.);
#5350 = DIRECTION('',(-0.,-0.,-1.));
#5351 = ORIENTED_EDGE('',*,*,#4850,.F.);
#5352 = ORIENTED_EDGE('',*,*,#4882,.F.);
#5353 = PLANE('',#5354);
#5354 = AXIS2_PLACEMENT_3D('',#5355,#5356,#5357);
#5355 = CARTESIAN_POINT('',(-0.725,0.3,0.75));
#5356 = DIRECTION('',(0.,-1.,0.));
#5357 = DIRECTION('',(1.,0.,0.));
#5358 = ADVANCED_FACE('',(#5359),#5377,.F.);
#5359 = FACE_BOUND('',#5360,.F.);
#5360 = EDGE_LOOP('',(#5361,#5362,#5370,#5376));
#5361 = ORIENTED_EDGE('',*,*,#5346,.F.);
#5362 = ORIENTED_EDGE('',*,*,#5363,.F.);
#5363 = EDGE_CURVE('',#5364,#5339,#5366,.T.);
#5364 = VERTEX_POINT('',#5365);
#5365 = CARTESIAN_POINT('',(-0.725,0.4,0.5));
#5366 = LINE('',#5367,#5368);
#5367 = CARTESIAN_POINT('',(-0.725,5.E-02,0.5));
#5368 = VECTOR('',#5369,1.);
#5369 = DIRECTION('',(0.,-1.,0.));
#5370 = ORIENTED_EDGE('',*,*,#5371,.F.);
#5371 = EDGE_CURVE('',#4835,#5364,#5372,.T.);
#5372 = LINE('',#5373,#5374);
#5373 = CARTESIAN_POINT('',(-0.725,0.4,0.375));
#5374 = VECTOR('',#5375,1.);
#5375 = DIRECTION('',(0.,0.,1.));
#5376 = ORIENTED_EDGE('',*,*,#4842,.F.);
#5377 = PLANE('',#5378);
#5378 = AXIS2_PLACEMENT_3D('',#5379,#5380,#5381);
#5379 = CARTESIAN_POINT('',(-0.725,0.5,0.75));
#5380 = DIRECTION('',(-1.,0.,0.));
#5381 = DIRECTION('',(0.,-1.,0.));
#5382 = ADVANCED_FACE('',(#5383),#5401,.F.);
#5383 = FACE_BOUND('',#5384,.F.);
#5384 = EDGE_LOOP('',(#5385,#5393,#5399,#5400));
#5385 = ORIENTED_EDGE('',*,*,#5386,.F.);
#5386 = EDGE_CURVE('',#5387,#4916,#5389,.T.);
#5387 = VERTEX_POINT('',#5388);
#5388 = CARTESIAN_POINT('',(-0.725,-0.3,0.5));
#5389 = LINE('',#5390,#5391);
#5390 = CARTESIAN_POINT('',(-0.725,-0.3,0.75));
#5391 = VECTOR('',#5392,1.);
#5392 = DIRECTION('',(-0.,-0.,-1.));
#5393 = ORIENTED_EDGE('',*,*,#5394,.F.);
#5394 = EDGE_CURVE('',#4892,#5387,#5395,.T.);
#5395 = LINE('',#5396,#5397);
#5396 = CARTESIAN_POINT('',(-3.75E-02,-0.3,0.5));
#5397 = VECTOR('',#5398,1.);
#5398 = DIRECTION('',(-1.,0.,0.));
#5399 = ORIENTED_EDGE('',*,*,#4899,.T.);
#5400 = ORIENTED_EDGE('',*,*,#4925,.F.);
#5401 = PLANE('',#5402);
#5402 = AXIS2_PLACEMENT_3D('',#5403,#5404,#5405);
#5403 = CARTESIAN_POINT('',(0.725,-0.3,0.75));
#5404 = DIRECTION('',(0.,1.,0.));
#5405 = DIRECTION('',(-1.,0.,0.));
#5406 = ADVANCED_FACE('',(#5407),#5434,.T.);
#5407 = FACE_BOUND('',#5408,.T.);
#5408 = EDGE_LOOP('',(#5409,#5417,#5423,#5424,#5430,#5431,#5432,#5433));
#5409 = ORIENTED_EDGE('',*,*,#5410,.F.);
#5410 = EDGE_CURVE('',#5411,#5364,#5413,.T.);
#5411 = VERTEX_POINT('',#5412);
#5412 = CARTESIAN_POINT('',(-0.77,0.4,0.5));
#5413 = LINE('',#5414,#5415);
#5414 = CARTESIAN_POINT('',(-0.8,0.4,0.5));
#5415 = VECTOR('',#5416,1.);
#5416 = DIRECTION('',(1.,0.,0.));
#5417 = ORIENTED_EDGE('',*,*,#5418,.F.);
#5418 = EDGE_CURVE('',#4967,#5411,#5419,.T.);
#5419 = LINE('',#5420,#5421);
#5420 = CARTESIAN_POINT('',(-0.77,-0.4,0.5));
#5421 = VECTOR('',#5422,1.);
#5422 = DIRECTION('',(0.,1.,0.));
#5423 = ORIENTED_EDGE('',*,*,#4975,.T.);
#5424 = ORIENTED_EDGE('',*,*,#5425,.F.);
#5425 = EDGE_CURVE('',#5387,#4976,#5426,.T.);
#5426 = LINE('',#5427,#5428);
#5427 = CARTESIAN_POINT('',(-0.725,-0.35,0.5));
#5428 = VECTOR('',#5429,1.);
#5429 = DIRECTION('',(0.,-1.,0.));
#5430 = ORIENTED_EDGE('',*,*,#5394,.F.);
#5431 = ORIENTED_EDGE('',*,*,#4891,.T.);
#5432 = ORIENTED_EDGE('',*,*,#5338,.F.);
#5433 = ORIENTED_EDGE('',*,*,#5363,.F.);
#5434 = PLANE('',#5435);
#5435 = AXIS2_PLACEMENT_3D('',#5436,#5437,#5438);
#5436 = CARTESIAN_POINT('',(-0.8,-0.4,0.5));
#5437 = DIRECTION('',(0.,0.,1.));
#5438 = DIRECTION('',(1.,0.,-0.));
#5439 = ADVANCED_FACE('',(#5440),#5446,.F.);
#5440 = FACE_BOUND('',#5441,.F.);
#5441 = EDGE_LOOP('',(#5442,#5443,#5444,#5445));
#5442 = ORIENTED_EDGE('',*,*,#5425,.F.);
#5443 = ORIENTED_EDGE('',*,*,#5386,.T.);
#5444 = ORIENTED_EDGE('',*,*,#4915,.F.);
#5445 = ORIENTED_EDGE('',*,*,#4983,.T.);
#5446 = PLANE('',#5447);
#5447 = AXIS2_PLACEMENT_3D('',#5448,#5449,#5450);
#5448 = CARTESIAN_POINT('',(-0.725,-0.3,0.75));
#5449 = DIRECTION('',(-1.,0.,0.));
#5450 = DIRECTION('',(0.,-1.,0.));
#5451 = ADVANCED_FACE('',(#5452),#5509,.F.);
#5452 = FACE_BOUND('',#5453,.F.);
#5453 = EDGE_LOOP('',(#5454,#5464,#5470,#5471,#5479,#5487,#5495,#5503));
#5454 = ORIENTED_EDGE('',*,*,#5455,.F.);
#5455 = EDGE_CURVE('',#5456,#5458,#5460,.T.);
#5456 = VERTEX_POINT('',#5457);
#5457 = CARTESIAN_POINT('',(-0.77,0.4,-3.469446951954E-18));
#5458 = VERTEX_POINT('',#5459);
#5459 = CARTESIAN_POINT('',(-0.725,0.4,0.));
#5460 = LINE('',#5461,#5462);
#5461 = CARTESIAN_POINT('',(-0.8,0.4,0.));
#5462 = VECTOR('',#5463,1.);
#5463 = DIRECTION('',(1.,0.,0.));
#5464 = ORIENTED_EDGE('',*,*,#5465,.F.);
#5465 = EDGE_CURVE('',#4940,#5456,#5466,.T.);
#5466 = LINE('',#5467,#5468);
#5467 = CARTESIAN_POINT('',(-0.77,-0.4,-3.469446951954E-18));
#5468 = VECTOR('',#5469,1.);
#5469 = DIRECTION('',(0.,1.,0.));
#5470 = ORIENTED_EDGE('',*,*,#4939,.T.);
#5471 = ORIENTED_EDGE('',*,*,#5472,.F.);
#5472 = EDGE_CURVE('',#5473,#4942,#5475,.T.);
#5473 = VERTEX_POINT('',#5474);
#5474 = CARTESIAN_POINT('',(-0.725,-0.3,0.));
#5475 = LINE('',#5476,#5477);
#5476 = CARTESIAN_POINT('',(-0.725,-0.35,0.));
#5477 = VECTOR('',#5478,1.);
#5478 = DIRECTION('',(0.,-1.,0.));
#5479 = ORIENTED_EDGE('',*,*,#5480,.F.);
#5480 = EDGE_CURVE('',#5481,#5473,#5483,.T.);
#5481 = VERTEX_POINT('',#5482);
#5482 = CARTESIAN_POINT('',(-0.53,-0.3,-3.469446951954E-18));
#5483 = LINE('',#5484,#5485);
#5484 = CARTESIAN_POINT('',(-3.75E-02,-0.3,0.));
#5485 = VECTOR('',#5486,1.);
#5486 = DIRECTION('',(-1.,0.,0.));
#5487 = ORIENTED_EDGE('',*,*,#5488,.T.);
#5488 = EDGE_CURVE('',#5481,#5489,#5491,.T.);
#5489 = VERTEX_POINT('',#5490);
#5490 = CARTESIAN_POINT('',(-0.53,0.3,-3.469446951954E-18));
#5491 = LINE('',#5492,#5493);
#5492 = CARTESIAN_POINT('',(-0.53,-0.4,-3.469446951954E-18));
#5493 = VECTOR('',#5494,1.);
#5494 = DIRECTION('',(0.,1.,0.));
#5495 = ORIENTED_EDGE('',*,*,#5496,.F.);
#5496 = EDGE_CURVE('',#5497,#5489,#5499,.T.);
#5497 = VERTEX_POINT('',#5498);
#5498 = CARTESIAN_POINT('',(-0.725,0.3,0.));
#5499 = LINE('',#5500,#5501);
#5500 = CARTESIAN_POINT('',(-0.7625,0.3,0.));
#5501 = VECTOR('',#5502,1.);
#5502 = DIRECTION('',(1.,0.,0.));
#5503 = ORIENTED_EDGE('',*,*,#5504,.F.);
#5504 = EDGE_CURVE('',#5458,#5497,#5505,.T.);
#5505 = LINE('',#5506,#5507);
#5506 = CARTESIAN_POINT('',(-0.725,5.E-02,0.));
#5507 = VECTOR('',#5508,1.);
#5508 = DIRECTION('',(0.,-1.,0.));
#5509 = PLANE('',#5510);
#5510 = AXIS2_PLACEMENT_3D('',#5511,#5512,#5513);
#5511 = CARTESIAN_POINT('',(-0.8,-0.4,0.));
#5512 = DIRECTION('',(0.,0.,1.));
#5513 = DIRECTION('',(1.,0.,-0.));
#5514 = ADVANCED_FACE('',(#5515),#5534,.T.);
#5515 = FACE_BOUND('',#5516,.T.);
#5516 = EDGE_LOOP('',(#5517,#5525,#5532,#5533));
#5517 = ORIENTED_EDGE('',*,*,#5518,.T.);
#5518 = EDGE_CURVE('',#4950,#5519,#5521,.T.);
#5519 = VERTEX_POINT('',#5520);
#5520 = CARTESIAN_POINT('',(-0.8,0.4,3.E-02));
#5521 = LINE('',#5522,#5523);
#5522 = CARTESIAN_POINT('',(-0.8,-0.4,3.E-02));
#5523 = VECTOR('',#5524,1.);
#5524 = DIRECTION('',(0.,1.,0.));
#5525 = ORIENTED_EDGE('',*,*,#5526,.T.);
#5526 = EDGE_CURVE('',#5519,#5456,#5527,.T.);
#5527 = CIRCLE('',#5528,3.E-02);
#5528 = AXIS2_PLACEMENT_3D('',#5529,#5530,#5531);
#5529 = CARTESIAN_POINT('',(-0.77,0.4,3.E-02));
#5530 = DIRECTION('',(0.,-1.,0.));
#5531 = DIRECTION('',(0.,0.,1.));
#5532 = ORIENTED_EDGE('',*,*,#5465,.F.);
#5533 = ORIENTED_EDGE('',*,*,#4949,.F.);
#5534 = CYLINDRICAL_SURFACE('',#5535,3.E-02);
#5535 = AXIS2_PLACEMENT_3D('',#5536,#5537,#5538);
#5536 = CARTESIAN_POINT('',(-0.77,-0.4,3.E-02));
#5537 = DIRECTION('',(0.,1.,0.));
#5538 = DIRECTION('',(-1.,0.,0.));
#5539 = ADVANCED_FACE('',(#5540),#5551,.F.);
#5540 = FACE_BOUND('',#5541,.F.);
#5541 = EDGE_LOOP('',(#5542,#5543,#5549,#5550));
#5542 = ORIENTED_EDGE('',*,*,#5006,.T.);
#5543 = ORIENTED_EDGE('',*,*,#5544,.T.);
#5544 = EDGE_CURVE('',#5007,#5473,#5545,.T.);
#5545 = LINE('',#5546,#5547);
#5546 = CARTESIAN_POINT('',(-0.725,-0.3,0.75));
#5547 = VECTOR('',#5548,1.);
#5548 = DIRECTION('',(-0.,-0.,-1.));
#5549 = ORIENTED_EDGE('',*,*,#5472,.T.);
#5550 = ORIENTED_EDGE('',*,*,#4992,.T.);
#5551 = PLANE('',#5552);
#5552 = AXIS2_PLACEMENT_3D('',#5553,#5554,#5555);
#5553 = CARTESIAN_POINT('',(-0.725,-0.3,0.75));
#5554 = DIRECTION('',(-1.,0.,0.));
#5555 = DIRECTION('',(0.,-1.,0.));
#5556 = ADVANCED_FACE('',(#5557),#5575,.F.);
#5557 = FACE_BOUND('',#5558,.F.);
#5558 = EDGE_LOOP('',(#5559,#5560,#5561,#5569));
#5559 = ORIENTED_EDGE('',*,*,#4958,.F.);
#5560 = ORIENTED_EDGE('',*,*,#5518,.T.);
#5561 = ORIENTED_EDGE('',*,*,#5562,.T.);
#5562 = EDGE_CURVE('',#5519,#5563,#5565,.T.);
#5563 = VERTEX_POINT('',#5564);
#5564 = CARTESIAN_POINT('',(-0.8,0.4,0.47));
#5565 = LINE('',#5566,#5567);
#5566 = CARTESIAN_POINT('',(-0.8,0.4,0.));
#5567 = VECTOR('',#5568,1.);
#5568 = DIRECTION('',(0.,0.,1.));
#5569 = ORIENTED_EDGE('',*,*,#5570,.F.);
#5570 = EDGE_CURVE('',#4959,#5563,#5571,.T.);
#5571 = LINE('',#5572,#5573);
#5572 = CARTESIAN_POINT('',(-0.8,-0.4,0.47));
#5573 = VECTOR('',#5574,1.);
#5574 = DIRECTION('',(0.,1.,0.));
#5575 = PLANE('',#5576);
#5576 = AXIS2_PLACEMENT_3D('',#5577,#5578,#5579);
#5577 = CARTESIAN_POINT('',(-0.8,-0.4,0.));
#5578 = DIRECTION('',(1.,0.,0.));
#5579 = DIRECTION('',(0.,0.,1.));
#5580 = ADVANCED_FACE('',(#5581),#5593,.T.);
#5581 = FACE_BOUND('',#5582,.T.);
#5582 = EDGE_LOOP('',(#5583,#5584,#5585,#5592));
#5583 = ORIENTED_EDGE('',*,*,#4966,.T.);
#5584 = ORIENTED_EDGE('',*,*,#5418,.T.);
#5585 = ORIENTED_EDGE('',*,*,#5586,.F.);
#5586 = EDGE_CURVE('',#5563,#5411,#5587,.T.);
#5587 = CIRCLE('',#5588,3.E-02);
#5588 = AXIS2_PLACEMENT_3D('',#5589,#5590,#5591);
#5589 = CARTESIAN_POINT('',(-0.77,0.4,0.47));
#5590 = DIRECTION('',(0.,1.,0.));
#5591 = DIRECTION('',(0.,-0.,1.));
#5592 = ORIENTED_EDGE('',*,*,#5570,.F.);
#5593 = CYLINDRICAL_SURFACE('',#5594,3.E-02);
#5594 = AXIS2_PLACEMENT_3D('',#5595,#5596,#5597);
#5595 = CARTESIAN_POINT('',(-0.77,-0.4,0.47));
#5596 = DIRECTION('',(0.,1.,0.));
#5597 = DIRECTION('',(-1.,0.,0.));
#5598 = ADVANCED_FACE('',(#5599),#5611,.F.);
#5599 = FACE_BOUND('',#5600,.F.);
#5600 = EDGE_LOOP('',(#5601,#5602,#5603,#5610));
#5601 = ORIENTED_EDGE('',*,*,#5544,.F.);
#5602 = ORIENTED_EDGE('',*,*,#5087,.T.);
#5603 = ORIENTED_EDGE('',*,*,#5604,.T.);
#5604 = EDGE_CURVE('',#5080,#5481,#5605,.T.);
#5605 = CIRCLE('',#5606,3.E-02);
#5606 = AXIS2_PLACEMENT_3D('',#5607,#5608,#5609);
#5607 = CARTESIAN_POINT('',(-0.53,-0.3,3.E-02));
#5608 = DIRECTION('',(-0.,1.,0.));
#5609 = DIRECTION('',(1.,0.,0.));
#5610 = ORIENTED_EDGE('',*,*,#5480,.T.);
#5611 = PLANE('',#5612);
#5612 = AXIS2_PLACEMENT_3D('',#5613,#5614,#5615);
#5613 = CARTESIAN_POINT('',(0.725,-0.3,0.75));
#5614 = DIRECTION('',(0.,1.,0.));
#5615 = DIRECTION('',(-1.,0.,0.));
#5616 = ADVANCED_FACE('',(#5617),#5629,.T.);
#5617 = FACE_BOUND('',#5618,.T.);
#5618 = EDGE_LOOP('',(#5619,#5620,#5621,#5622));
#5619 = ORIENTED_EDGE('',*,*,#5079,.F.);
#5620 = ORIENTED_EDGE('',*,*,#5604,.T.);
#5621 = ORIENTED_EDGE('',*,*,#5488,.T.);
#5622 = ORIENTED_EDGE('',*,*,#5623,.F.);
#5623 = EDGE_CURVE('',#5072,#5489,#5624,.T.);
#5624 = CIRCLE('',#5625,3.E-02);
#5625 = AXIS2_PLACEMENT_3D('',#5626,#5627,#5628);
#5626 = CARTESIAN_POINT('',(-0.53,0.3,3.E-02));
#5627 = DIRECTION('',(-0.,1.,0.));
#5628 = DIRECTION('',(1.,0.,0.));
#5629 = CYLINDRICAL_SURFACE('',#5630,3.E-02);
#5630 = AXIS2_PLACEMENT_3D('',#5631,#5632,#5633);
#5631 = CARTESIAN_POINT('',(-0.53,-0.4,3.E-02));
#5632 = DIRECTION('',(0.,1.,0.));
#5633 = DIRECTION('',(1.,0.,0.));
#5634 = ADVANCED_FACE('',(#5635),#5646,.F.);
#5635 = FACE_BOUND('',#5636,.F.);
#5636 = EDGE_LOOP('',(#5637,#5638,#5644,#5645));
#5637 = ORIENTED_EDGE('',*,*,#5071,.T.);
#5638 = ORIENTED_EDGE('',*,*,#5639,.T.);
#5639 = EDGE_CURVE('',#5064,#5497,#5640,.T.);
#5640 = LINE('',#5641,#5642);
#5641 = CARTESIAN_POINT('',(-0.725,0.3,0.75));
#5642 = VECTOR('',#5643,1.);
#5643 = DIRECTION('',(-0.,-0.,-1.));
#5644 = ORIENTED_EDGE('',*,*,#5496,.T.);
#5645 = ORIENTED_EDGE('',*,*,#5623,.F.);
#5646 = PLANE('',#5647);
#5647 = AXIS2_PLACEMENT_3D('',#5648,#5649,#5650);
#5648 = CARTESIAN_POINT('',(-0.725,0.3,0.75));
#5649 = DIRECTION('',(0.,-1.,0.));
#5650 = DIRECTION('',(1.,0.,0.));
#5651 = ADVANCED_FACE('',(#5652),#5663,.F.);
#5652 = FACE_BOUND('',#5653,.F.);
#5653 = EDGE_LOOP('',(#5654,#5655,#5656,#5662));
#5654 = ORIENTED_EDGE('',*,*,#5639,.F.);
#5655 = ORIENTED_EDGE('',*,*,#5063,.T.);
#5656 = ORIENTED_EDGE('',*,*,#5657,.F.);
#5657 = EDGE_CURVE('',#5458,#5056,#5658,.T.);
#5658 = LINE('',#5659,#5660);
#5659 = CARTESIAN_POINT('',(-0.725,0.4,0.375));
#5660 = VECTOR('',#5661,1.);
#5661 = DIRECTION('',(0.,0.,1.));
#5662 = ORIENTED_EDGE('',*,*,#5504,.T.);
#5663 = PLANE('',#5664);
#5664 = AXIS2_PLACEMENT_3D('',#5665,#5666,#5667);
#5665 = CARTESIAN_POINT('',(-0.725,0.5,0.75));
#5666 = DIRECTION('',(-1.,0.,0.));
#5667 = DIRECTION('',(0.,-1.,0.));
#5668 = ADVANCED_FACE('',(#5669),#5694,.F.);
#5669 = FACE_BOUND('',#5670,.F.);
#5670 = EDGE_LOOP('',(#5671,#5672,#5680,#5688));
#5671 = ORIENTED_EDGE('',*,*,#5047,.T.);
#5672 = ORIENTED_EDGE('',*,*,#5673,.T.);
#5673 = EDGE_CURVE('',#5040,#5674,#5676,.T.);
#5674 = VERTEX_POINT('',#5675);
#5675 = CARTESIAN_POINT('',(0.725,0.3,0.));
#5676 = LINE('',#5677,#5678);
#5677 = CARTESIAN_POINT('',(0.725,0.3,0.75));
#5678 = VECTOR('',#5679,1.);
#5679 = DIRECTION('',(-0.,-0.,-1.));
#5680 = ORIENTED_EDGE('',*,*,#5681,.T.);
#5681 = EDGE_CURVE('',#5674,#5682,#5684,.T.);
#5682 = VERTEX_POINT('',#5683);
#5683 = CARTESIAN_POINT('',(0.725,0.4,0.));
#5684 = LINE('',#5685,#5686);
#5685 = CARTESIAN_POINT('',(0.725,-5.E-02,0.));
#5686 = VECTOR('',#5687,1.);
#5687 = DIRECTION('',(0.,1.,0.));
#5688 = ORIENTED_EDGE('',*,*,#5689,.F.);
#5689 = EDGE_CURVE('',#5048,#5682,#5690,.T.);
#5690 = LINE('',#5691,#5692);
#5691 = CARTESIAN_POINT('',(0.725,0.4,0.375));
#5692 = VECTOR('',#5693,1.);
#5693 = DIRECTION('',(0.,0.,-1.));
#5694 = PLANE('',#5695);
#5695 = AXIS2_PLACEMENT_3D('',#5696,#5697,#5698);
#5696 = CARTESIAN_POINT('',(0.725,0.3,0.75));
#5697 = DIRECTION('',(1.,0.,0.));
#5698 = DIRECTION('',(-0.,1.,0.));
#5699 = ADVANCED_FACE('',(#5700),#5719,.F.);
#5700 = FACE_BOUND('',#5701,.F.);
#5701 = EDGE_LOOP('',(#5702,#5703,#5704,#5713));
#5702 = ORIENTED_EDGE('',*,*,#5673,.F.);
#5703 = ORIENTED_EDGE('',*,*,#5039,.T.);
#5704 = ORIENTED_EDGE('',*,*,#5705,.F.);
#5705 = EDGE_CURVE('',#5706,#5032,#5708,.T.);
#5706 = VERTEX_POINT('',#5707);
#5707 = CARTESIAN_POINT('',(0.53,0.3,-3.469446951954E-18));
#5708 = CIRCLE('',#5709,3.E-02);
#5709 = AXIS2_PLACEMENT_3D('',#5710,#5711,#5712);
#5710 = CARTESIAN_POINT('',(0.53,0.3,3.E-02));
#5711 = DIRECTION('',(0.,1.,-0.));
#5712 = DIRECTION('',(-1.,0.,0.));
#5713 = ORIENTED_EDGE('',*,*,#5714,.T.);
#5714 = EDGE_CURVE('',#5706,#5674,#5715,.T.);
#5715 = LINE('',#5716,#5717);
#5716 = CARTESIAN_POINT('',(-0.1125,0.3,0.));
#5717 = VECTOR('',#5718,1.);
#5718 = DIRECTION('',(1.,0.,0.));
#5719 = PLANE('',#5720);
#5720 = AXIS2_PLACEMENT_3D('',#5721,#5722,#5723);
#5721 = CARTESIAN_POINT('',(-0.725,0.3,0.75));
#5722 = DIRECTION('',(0.,-1.,0.));
#5723 = DIRECTION('',(1.,0.,0.));
#5724 = ADVANCED_FACE('',(#5725),#5744,.T.);
#5725 = FACE_BOUND('',#5726,.T.);
#5726 = EDGE_LOOP('',(#5727,#5728,#5736,#5743));
#5727 = ORIENTED_EDGE('',*,*,#5705,.F.);
#5728 = ORIENTED_EDGE('',*,*,#5729,.F.);
#5729 = EDGE_CURVE('',#5730,#5706,#5732,.T.);
#5730 = VERTEX_POINT('',#5731);
#5731 = CARTESIAN_POINT('',(0.53,-0.3,-3.469446951954E-18));
#5732 = LINE('',#5733,#5734);
#5733 = CARTESIAN_POINT('',(0.53,-0.4,-3.469446951954E-18));
#5734 = VECTOR('',#5735,1.);
#5735 = DIRECTION('',(0.,1.,0.));
#5736 = ORIENTED_EDGE('',*,*,#5737,.T.);
#5737 = EDGE_CURVE('',#5730,#5024,#5738,.T.);
#5738 = CIRCLE('',#5739,3.E-02);
#5739 = AXIS2_PLACEMENT_3D('',#5740,#5741,#5742);
#5740 = CARTESIAN_POINT('',(0.53,-0.3,3.E-02));
#5741 = DIRECTION('',(0.,1.,-0.));
#5742 = DIRECTION('',(-1.,0.,0.));
#5743 = ORIENTED_EDGE('',*,*,#5031,.T.);
#5744 = CYLINDRICAL_SURFACE('',#5745,3.E-02);
#5745 = AXIS2_PLACEMENT_3D('',#5746,#5747,#5748);
#5746 = CARTESIAN_POINT('',(0.53,-0.4,3.E-02));
#5747 = DIRECTION('',(0.,1.,0.));
#5748 = DIRECTION('',(-1.,0.,0.));
#5749 = ADVANCED_FACE('',(#5750),#5768,.F.);
#5750 = FACE_BOUND('',#5751,.F.);
#5751 = EDGE_LOOP('',(#5752,#5753,#5761,#5767));
#5752 = ORIENTED_EDGE('',*,*,#5023,.T.);
#5753 = ORIENTED_EDGE('',*,*,#5754,.T.);
#5754 = EDGE_CURVE('',#5016,#5755,#5757,.T.);
#5755 = VERTEX_POINT('',#5756);
#5756 = CARTESIAN_POINT('',(0.725,-0.3,0.));
#5757 = LINE('',#5758,#5759);
#5758 = CARTESIAN_POINT('',(0.725,-0.3,0.75));
#5759 = VECTOR('',#5760,1.);
#5760 = DIRECTION('',(-0.,-0.,-1.));
#5761 = ORIENTED_EDGE('',*,*,#5762,.T.);
#5762 = EDGE_CURVE('',#5755,#5730,#5763,.T.);
#5763 = LINE('',#5764,#5765);
#5764 = CARTESIAN_POINT('',(0.6125,-0.3,0.));
#5765 = VECTOR('',#5766,1.);
#5766 = DIRECTION('',(-1.,0.,0.));
#5767 = ORIENTED_EDGE('',*,*,#5737,.T.);
#5768 = PLANE('',#5769);
#5769 = AXIS2_PLACEMENT_3D('',#5770,#5771,#5772);
#5770 = CARTESIAN_POINT('',(0.725,-0.3,0.75));
#5771 = DIRECTION('',(0.,1.,0.));
#5772 = DIRECTION('',(-1.,0.,0.));
#5773 = ADVANCED_FACE('',(#5774),#5785,.F.);
#5774 = FACE_BOUND('',#5775,.F.);
#5775 = EDGE_LOOP('',(#5776,#5777,#5778,#5779));
#5776 = ORIENTED_EDGE('',*,*,#5754,.F.);
#5777 = ORIENTED_EDGE('',*,*,#5015,.T.);
#5778 = ORIENTED_EDGE('',*,*,#5137,.T.);
#5779 = ORIENTED_EDGE('',*,*,#5780,.T.);
#5780 = EDGE_CURVE('',#5128,#5755,#5781,.T.);
#5781 = LINE('',#5782,#5783);
#5782 = CARTESIAN_POINT('',(0.725,-0.45,0.));
#5783 = VECTOR('',#5784,1.);
#5784 = DIRECTION('',(0.,1.,0.));
#5785 = PLANE('',#5786);
#5786 = AXIS2_PLACEMENT_3D('',#5787,#5788,#5789);
#5787 = CARTESIAN_POINT('',(0.725,-0.5,0.75));
#5788 = DIRECTION('',(1.,0.,0.));
#5789 = DIRECTION('',(-0.,1.,0.));
#5790 = ADVANCED_FACE('',(#5791),#5816,.T.);
#5791 = FACE_BOUND('',#5792,.T.);
#5792 = EDGE_LOOP('',(#5793,#5801,#5802,#5810));
#5793 = ORIENTED_EDGE('',*,*,#5794,.T.);
#5794 = EDGE_CURVE('',#5795,#5096,#5797,.T.);
#5795 = VERTEX_POINT('',#5796);
#5796 = CARTESIAN_POINT('',(0.277128129211,0.32,1.5E-02));
#5797 = LINE('',#5798,#5799);
#5798 = CARTESIAN_POINT('',(0.277128129211,0.32,1.5E-02));
#5799 = VECTOR('',#5800,1.);
#5800 = DIRECTION('',(0.,0.,1.));
#5801 = ORIENTED_EDGE('',*,*,#5095,.T.);
#5802 = ORIENTED_EDGE('',*,*,#5803,.F.);
#5803 = EDGE_CURVE('',#5804,#5098,#5806,.T.);
#5804 = VERTEX_POINT('',#5805);
#5805 = CARTESIAN_POINT('',(0.277128129211,-0.32,1.5E-02));
#5806 = LINE('',#5807,#5808);
#5807 = CARTESIAN_POINT('',(0.277128129211,-0.32,1.5E-02));
#5808 = VECTOR('',#5809,1.);
#5809 = DIRECTION('',(0.,0.,1.));
#5810 = ORIENTED_EDGE('',*,*,#5811,.F.);
#5811 = EDGE_CURVE('',#5795,#5804,#5812,.T.);
#5812 = LINE('',#5813,#5814);
#5813 = CARTESIAN_POINT('',(0.277128129211,0.32,1.5E-02));
#5814 = VECTOR('',#5815,1.);
#5815 = DIRECTION('',(0.,-1.,0.));
#5816 = PLANE('',#5817);
#5817 = AXIS2_PLACEMENT_3D('',#5818,#5819,#5820);
#5818 = CARTESIAN_POINT('',(0.277128129211,0.32,1.5E-02));
#5819 = DIRECTION('',(1.,0.,0.));
#5820 = DIRECTION('',(0.,-1.,0.));
#5821 = ADVANCED_FACE('',(#5822),#5840,.T.);
#5822 = FACE_BOUND('',#5823,.T.);
#5823 = EDGE_LOOP('',(#5824,#5832,#5833,#5834));
#5824 = ORIENTED_EDGE('',*,*,#5825,.T.);
#5825 = EDGE_CURVE('',#5826,#5106,#5828,.T.);
#5826 = VERTEX_POINT('',#5827);
#5827 = CARTESIAN_POINT('',(-0.277128129211,0.,1.5E-02));
#5828 = LINE('',#5829,#5830);
#5829 = CARTESIAN_POINT('',(-0.277128129211,0.,1.5E-02));
#5830 = VECTOR('',#5831,1.);
#5831 = DIRECTION('',(0.,0.,1.));
#5832 = ORIENTED_EDGE('',*,*,#5113,.T.);
#5833 = ORIENTED_EDGE('',*,*,#5794,.F.);
#5834 = ORIENTED_EDGE('',*,*,#5835,.F.);
#5835 = EDGE_CURVE('',#5826,#5795,#5836,.T.);
#5836 = LINE('',#5837,#5838);
#5837 = CARTESIAN_POINT('',(-0.277128129211,0.,1.5E-02));
#5838 = VECTOR('',#5839,1.);
#5839 = DIRECTION('',(0.866025403784,0.5,0.));
#5840 = PLANE('',#5841);
#5841 = AXIS2_PLACEMENT_3D('',#5842,#5843,#5844);
#5842 = CARTESIAN_POINT('',(-0.277128129211,0.,1.5E-02));
#5843 = DIRECTION('',(-0.5,0.866025403784,0.));
#5844 = DIRECTION('',(0.866025403784,0.5,0.));
#5845 = ADVANCED_FACE('',(#5846),#5857,.T.);
#5846 = FACE_BOUND('',#5847,.T.);
#5847 = EDGE_LOOP('',(#5848,#5849,#5850,#5851));
#5848 = ORIENTED_EDGE('',*,*,#5803,.T.);
#5849 = ORIENTED_EDGE('',*,*,#5105,.T.);
#5850 = ORIENTED_EDGE('',*,*,#5825,.F.);
#5851 = ORIENTED_EDGE('',*,*,#5852,.F.);
#5852 = EDGE_CURVE('',#5804,#5826,#5853,.T.);
#5853 = LINE('',#5854,#5855);
#5854 = CARTESIAN_POINT('',(0.277128129211,-0.32,1.5E-02));
#5855 = VECTOR('',#5856,1.);
#5856 = DIRECTION('',(-0.866025403784,0.5,0.));
#5857 = PLANE('',#5858);
#5858 = AXIS2_PLACEMENT_3D('',#5859,#5860,#5861);
#5859 = CARTESIAN_POINT('',(0.277128129211,-0.32,1.5E-02));
#5860 = DIRECTION('',(-0.5,-0.866025403784,0.));
#5861 = DIRECTION('',(-0.866025403784,0.5,0.));
#5862 = ADVANCED_FACE('',(#5863),#5885,.F.);
#5863 = FACE_BOUND('',#5864,.F.);
#5864 = EDGE_LOOP('',(#5865,#5873,#5874,#5875,#5876,#5877,#5878,#5879));
#5865 = ORIENTED_EDGE('',*,*,#5866,.F.);
#5866 = EDGE_CURVE('',#5682,#5867,#5869,.T.);
#5867 = VERTEX_POINT('',#5868);
#5868 = CARTESIAN_POINT('',(0.77,0.4,-3.469446951954E-18));
#5869 = LINE('',#5870,#5871);
#5870 = CARTESIAN_POINT('',(0.5,0.4,0.));
#5871 = VECTOR('',#5872,1.);
#5872 = DIRECTION('',(1.,0.,0.));
#5873 = ORIENTED_EDGE('',*,*,#5681,.F.);
#5874 = ORIENTED_EDGE('',*,*,#5714,.F.);
#5875 = ORIENTED_EDGE('',*,*,#5729,.F.);
#5876 = ORIENTED_EDGE('',*,*,#5762,.F.);
#5877 = ORIENTED_EDGE('',*,*,#5780,.F.);
#5878 = ORIENTED_EDGE('',*,*,#5127,.T.);
#5879 = ORIENTED_EDGE('',*,*,#5880,.T.);
#5880 = EDGE_CURVE('',#5130,#5867,#5881,.T.);
#5881 = LINE('',#5882,#5883);
#5882 = CARTESIAN_POINT('',(0.77,-0.4,-3.469446951954E-18));
#5883 = VECTOR('',#5884,1.);
#5884 = DIRECTION('',(0.,1.,0.));
#5885 = PLANE('',#5886);
#5886 = AXIS2_PLACEMENT_3D('',#5887,#5888,#5889);
#5887 = CARTESIAN_POINT('',(0.5,-0.4,0.));
#5888 = DIRECTION('',(0.,0.,1.));
#5889 = DIRECTION('',(1.,0.,-0.));
#5890 = ADVANCED_FACE('',(#5891),#5910,.T.);
#5891 = FACE_BOUND('',#5892,.T.);
#5892 = EDGE_LOOP('',(#5893,#5894,#5895,#5904));
#5893 = ORIENTED_EDGE('',*,*,#5179,.T.);
#5894 = ORIENTED_EDGE('',*,*,#5880,.T.);
#5895 = ORIENTED_EDGE('',*,*,#5896,.F.);
#5896 = EDGE_CURVE('',#5897,#5867,#5899,.T.);
#5897 = VERTEX_POINT('',#5898);
#5898 = CARTESIAN_POINT('',(0.8,0.4,3.E-02));
#5899 = CIRCLE('',#5900,3.E-02);
#5900 = AXIS2_PLACEMENT_3D('',#5901,#5902,#5903);
#5901 = CARTESIAN_POINT('',(0.77,0.4,3.E-02));
#5902 = DIRECTION('',(0.,1.,0.));
#5903 = DIRECTION('',(0.,-0.,1.));
#5904 = ORIENTED_EDGE('',*,*,#5905,.F.);
#5905 = EDGE_CURVE('',#5172,#5897,#5906,.T.);
#5906 = LINE('',#5907,#5908);
#5907 = CARTESIAN_POINT('',(0.8,-0.4,3.E-02));
#5908 = VECTOR('',#5909,1.);
#5909 = DIRECTION('',(0.,1.,0.));
#5910 = CYLINDRICAL_SURFACE('',#5911,3.E-02);
#5911 = AXIS2_PLACEMENT_3D('',#5912,#5913,#5914);
#5912 = CARTESIAN_POINT('',(0.77,-0.4,3.E-02));
#5913 = DIRECTION('',(0.,1.,0.));
#5914 = DIRECTION('',(1.,0.,0.));
#5915 = ADVANCED_FACE('',(#5916),#5934,.T.);
#5916 = FACE_BOUND('',#5917,.T.);
#5917 = EDGE_LOOP('',(#5918,#5919,#5920,#5928));
#5918 = ORIENTED_EDGE('',*,*,#5171,.F.);
#5919 = ORIENTED_EDGE('',*,*,#5905,.T.);
#5920 = ORIENTED_EDGE('',*,*,#5921,.T.);
#5921 = EDGE_CURVE('',#5897,#5922,#5924,.T.);
#5922 = VERTEX_POINT('',#5923);
#5923 = CARTESIAN_POINT('',(0.8,0.4,0.47));
#5924 = LINE('',#5925,#5926);
#5925 = CARTESIAN_POINT('',(0.8,0.4,0.));
#5926 = VECTOR('',#5927,1.);
#5927 = DIRECTION('',(0.,0.,1.));
#5928 = ORIENTED_EDGE('',*,*,#5929,.F.);
#5929 = EDGE_CURVE('',#5163,#5922,#5930,.T.);
#5930 = LINE('',#5931,#5932);
#5931 = CARTESIAN_POINT('',(0.8,-0.4,0.47));
#5932 = VECTOR('',#5933,1.);
#5933 = DIRECTION('',(0.,1.,0.));
#5934 = PLANE('',#5935);
#5935 = AXIS2_PLACEMENT_3D('',#5936,#5937,#5938);
#5936 = CARTESIAN_POINT('',(0.8,-0.4,0.));
#5937 = DIRECTION('',(1.,0.,0.));
#5938 = DIRECTION('',(0.,0.,1.));
#5939 = ADVANCED_FACE('',(#5940),#5959,.T.);
#5940 = FACE_BOUND('',#5941,.T.);
#5941 = EDGE_LOOP('',(#5942,#5943,#5952,#5958));
#5942 = ORIENTED_EDGE('',*,*,#5929,.T.);
#5943 = ORIENTED_EDGE('',*,*,#5944,.T.);
#5944 = EDGE_CURVE('',#5922,#5945,#5947,.T.);
#5945 = VERTEX_POINT('',#5946);
#5946 = CARTESIAN_POINT('',(0.77,0.4,0.5));
#5947 = CIRCLE('',#5948,3.E-02);
#5948 = AXIS2_PLACEMENT_3D('',#5949,#5950,#5951);
#5949 = CARTESIAN_POINT('',(0.77,0.4,0.47));
#5950 = DIRECTION('',(0.,-1.,0.));
#5951 = DIRECTION('',(0.,0.,1.));
#5952 = ORIENTED_EDGE('',*,*,#5953,.F.);
#5953 = EDGE_CURVE('',#5155,#5945,#5954,.T.);
#5954 = LINE('',#5955,#5956);
#5955 = CARTESIAN_POINT('',(0.77,-0.4,0.5));
#5956 = VECTOR('',#5957,1.);
#5957 = DIRECTION('',(0.,1.,0.));
#5958 = ORIENTED_EDGE('',*,*,#5162,.F.);
#5959 = CYLINDRICAL_SURFACE('',#5960,3.E-02);
#5960 = AXIS2_PLACEMENT_3D('',#5961,#5962,#5963);
#5961 = CARTESIAN_POINT('',(0.77,-0.4,0.47));
#5962 = DIRECTION('',(0.,1.,0.));
#5963 = DIRECTION('',(1.,0.,0.));
#5964 = ADVANCED_FACE('',(#5965),#6006,.T.);
#5965 = FACE_BOUND('',#5966,.T.);
#5966 = EDGE_LOOP('',(#5967,#5975,#5983,#5989,#5990,#5998,#6004,#6005));
#5967 = ORIENTED_EDGE('',*,*,#5968,.F.);
#5968 = EDGE_CURVE('',#5969,#5945,#5971,.T.);
#5969 = VERTEX_POINT('',#5970);
#5970 = CARTESIAN_POINT('',(0.725,0.4,0.5));
#5971 = LINE('',#5972,#5973);
#5972 = CARTESIAN_POINT('',(0.5,0.4,0.5));
#5973 = VECTOR('',#5974,1.);
#5974 = DIRECTION('',(1.,0.,0.));
#5975 = ORIENTED_EDGE('',*,*,#5976,.F.);
#5976 = EDGE_CURVE('',#5977,#5969,#5979,.T.);
#5977 = VERTEX_POINT('',#5978);
#5978 = CARTESIAN_POINT('',(0.725,0.3,0.5));
#5979 = LINE('',#5980,#5981);
#5980 = CARTESIAN_POINT('',(0.725,-5.E-02,0.5));
#5981 = VECTOR('',#5982,1.);
#5982 = DIRECTION('',(0.,1.,0.));
#5983 = ORIENTED_EDGE('',*,*,#5984,.F.);
#5984 = EDGE_CURVE('',#5260,#5977,#5985,.T.);
#5985 = LINE('',#5986,#5987);
#5986 = CARTESIAN_POINT('',(-0.1125,0.3,0.5));
#5987 = VECTOR('',#5988,1.);
#5988 = DIRECTION('',(1.,0.,0.));
#5989 = ORIENTED_EDGE('',*,*,#5259,.F.);
#5990 = ORIENTED_EDGE('',*,*,#5991,.F.);
#5991 = EDGE_CURVE('',#5992,#5251,#5994,.T.);
#5992 = VERTEX_POINT('',#5993);
#5993 = CARTESIAN_POINT('',(0.725,-0.3,0.5));
#5994 = LINE('',#5995,#5996);
#5995 = CARTESIAN_POINT('',(0.6125,-0.3,0.5));
#5996 = VECTOR('',#5997,1.);
#5997 = DIRECTION('',(-1.,0.,0.));
#5998 = ORIENTED_EDGE('',*,*,#5999,.F.);
#5999 = EDGE_CURVE('',#5147,#5992,#6000,.T.);
#6000 = LINE('',#6001,#6002);
#6001 = CARTESIAN_POINT('',(0.725,-0.45,0.5));
#6002 = VECTOR('',#6003,1.);
#6003 = DIRECTION('',(0.,1.,0.));
#6004 = ORIENTED_EDGE('',*,*,#5154,.T.);
#6005 = ORIENTED_EDGE('',*,*,#5953,.T.);
#6006 = PLANE('',#6007);
#6007 = AXIS2_PLACEMENT_3D('',#6008,#6009,#6010);
#6008 = CARTESIAN_POINT('',(0.5,-0.4,0.5));
#6009 = DIRECTION('',(0.,0.,1.));
#6010 = DIRECTION('',(1.,0.,-0.));
#6011 = ADVANCED_FACE('',(#6012),#6023,.F.);
#6012 = FACE_BOUND('',#6013,.F.);
#6013 = EDGE_LOOP('',(#6014,#6020,#6021,#6022));
#6014 = ORIENTED_EDGE('',*,*,#6015,.F.);
#6015 = EDGE_CURVE('',#5992,#5195,#6016,.T.);
#6016 = LINE('',#6017,#6018);
#6017 = CARTESIAN_POINT('',(0.725,-0.3,0.75));
#6018 = VECTOR('',#6019,1.);
#6019 = DIRECTION('',(-0.,-0.,-1.));
#6020 = ORIENTED_EDGE('',*,*,#5999,.F.);
#6021 = ORIENTED_EDGE('',*,*,#5146,.T.);
#6022 = ORIENTED_EDGE('',*,*,#5204,.F.);
#6023 = PLANE('',#6024);
#6024 = AXIS2_PLACEMENT_3D('',#6025,#6026,#6027);
#6025 = CARTESIAN_POINT('',(0.725,-0.5,0.75));
#6026 = DIRECTION('',(1.,0.,0.));
#6027 = DIRECTION('',(-0.,1.,0.));
#6028 = ADVANCED_FACE('',(#6029),#6035,.F.);
#6029 = FACE_BOUND('',#6030,.F.);
#6030 = EDGE_LOOP('',(#6031,#6032,#6033,#6034));
#6031 = ORIENTED_EDGE('',*,*,#5991,.F.);
#6032 = ORIENTED_EDGE('',*,*,#6015,.T.);
#6033 = ORIENTED_EDGE('',*,*,#5194,.F.);
#6034 = ORIENTED_EDGE('',*,*,#5250,.T.);
#6035 = PLANE('',#6036);
#6036 = AXIS2_PLACEMENT_3D('',#6037,#6038,#6039);
#6037 = CARTESIAN_POINT('',(0.725,-0.3,0.75));
#6038 = DIRECTION('',(0.,1.,0.));
#6039 = DIRECTION('',(-1.,0.,0.));
#6040 = ADVANCED_FACE('',(#6041),#6057,.F.);
#6041 = FACE_BOUND('',#6042,.F.);
#6042 = EDGE_LOOP('',(#6043,#6044,#6050,#6051));
#6043 = ORIENTED_EDGE('',*,*,#5976,.F.);
#6044 = ORIENTED_EDGE('',*,*,#6045,.T.);
#6045 = EDGE_CURVE('',#5977,#5228,#6046,.T.);
#6046 = LINE('',#6047,#6048);
#6047 = CARTESIAN_POINT('',(0.725,0.3,0.75));
#6048 = VECTOR('',#6049,1.);
#6049 = DIRECTION('',(-0.,-0.,-1.));
#6050 = ORIENTED_EDGE('',*,*,#5235,.F.);
#6051 = ORIENTED_EDGE('',*,*,#6052,.F.);
#6052 = EDGE_CURVE('',#5969,#5219,#6053,.T.);
#6053 = LINE('',#6054,#6055);
#6054 = CARTESIAN_POINT('',(0.725,0.4,0.375));
#6055 = VECTOR('',#6056,1.);
#6056 = DIRECTION('',(0.,0.,-1.));
#6057 = PLANE('',#6058);
#6058 = AXIS2_PLACEMENT_3D('',#6059,#6060,#6061);
#6059 = CARTESIAN_POINT('',(0.725,0.3,0.75));
#6060 = DIRECTION('',(1.,0.,0.));
#6061 = DIRECTION('',(-0.,1.,0.));
#6062 = ADVANCED_FACE('',(#6063),#6069,.F.);
#6063 = FACE_BOUND('',#6064,.F.);
#6064 = EDGE_LOOP('',(#6065,#6066,#6067,#6068));
#6065 = ORIENTED_EDGE('',*,*,#6045,.F.);
#6066 = ORIENTED_EDGE('',*,*,#5984,.F.);
#6067 = ORIENTED_EDGE('',*,*,#5267,.F.);
#6068 = ORIENTED_EDGE('',*,*,#5227,.F.);
#6069 = PLANE('',#6070);
#6070 = AXIS2_PLACEMENT_3D('',#6071,#6072,#6073);
#6071 = CARTESIAN_POINT('',(-0.725,0.3,0.75));
#6072 = DIRECTION('',(0.,-1.,0.));
#6073 = DIRECTION('',(1.,0.,0.));
#6074 = ADVANCED_FACE('',(#6075),#6087,.T.);
#6075 = FACE_BOUND('',#6076,.T.);
#6076 = EDGE_LOOP('',(#6077,#6078,#6079,#6080,#6081,#6082,#6083,#6084,
    #6085,#6086));
#6077 = ORIENTED_EDGE('',*,*,#5455,.F.);
#6078 = ORIENTED_EDGE('',*,*,#5526,.F.);
#6079 = ORIENTED_EDGE('',*,*,#5562,.T.);
#6080 = ORIENTED_EDGE('',*,*,#5586,.T.);
#6081 = ORIENTED_EDGE('',*,*,#5410,.T.);
#6082 = ORIENTED_EDGE('',*,*,#5371,.F.);
#6083 = ORIENTED_EDGE('',*,*,#5298,.F.);
#6084 = ORIENTED_EDGE('',*,*,#5290,.F.);
#6085 = ORIENTED_EDGE('',*,*,#5282,.T.);
#6086 = ORIENTED_EDGE('',*,*,#5657,.F.);
#6087 = PLANE('',#6088);
#6088 = AXIS2_PLACEMENT_3D('',#6089,#6090,#6091);
#6089 = CARTESIAN_POINT('',(-0.8,0.4,0.));
#6090 = DIRECTION('',(0.,1.,0.));
#6091 = DIRECTION('',(0.,-0.,1.));
#6092 = ADVANCED_FACE('',(#6093),#6105,.T.);
#6093 = FACE_BOUND('',#6094,.T.);
#6094 = EDGE_LOOP('',(#6095,#6096,#6097,#6098,#6099,#6100,#6101,#6102,
    #6103,#6104));
#6095 = ORIENTED_EDGE('',*,*,#5866,.F.);
#6096 = ORIENTED_EDGE('',*,*,#5689,.F.);
#6097 = ORIENTED_EDGE('',*,*,#5323,.T.);
#6098 = ORIENTED_EDGE('',*,*,#5315,.T.);
#6099 = ORIENTED_EDGE('',*,*,#5307,.F.);
#6100 = ORIENTED_EDGE('',*,*,#6052,.F.);
#6101 = ORIENTED_EDGE('',*,*,#5968,.T.);
#6102 = ORIENTED_EDGE('',*,*,#5944,.F.);
#6103 = ORIENTED_EDGE('',*,*,#5921,.F.);
#6104 = ORIENTED_EDGE('',*,*,#5896,.T.);
#6105 = PLANE('',#6106);
#6106 = AXIS2_PLACEMENT_3D('',#6107,#6108,#6109);
#6107 = CARTESIAN_POINT('',(0.5,0.4,0.));
#6108 = DIRECTION('',(0.,1.,0.));
#6109 = DIRECTION('',(0.,-0.,1.));
#6110 = ADVANCED_FACE('',(#6111),#6116,.T.);
#6111 = FACE_BOUND('',#6112,.T.);
#6112 = EDGE_LOOP('',(#6113,#6114,#6115));
#6113 = ORIENTED_EDGE('',*,*,#5835,.T.);
#6114 = ORIENTED_EDGE('',*,*,#5811,.T.);
#6115 = ORIENTED_EDGE('',*,*,#5852,.T.);
#6116 = PLANE('',#6117);
#6117 = AXIS2_PLACEMENT_3D('',#6118,#6119,#6120);
#6118 = CARTESIAN_POINT('',(9.237604307034E-02,0.,1.5E-02));
#6119 = DIRECTION('',(-0.,-0.,-1.));
#6120 = DIRECTION('',(-1.,0.,0.));
#6121 = ( GEOMETRIC_REPRESENTATION_CONTEXT(3) 
GLOBAL_UNCERTAINTY_ASSIGNED_CONTEXT((#6125)) 
GLOBAL_UNIT_ASSIGNED_CONTEXT((#6122,#6123,#6124)) REPRESENTATION_CONTEXT
('Context #1','3D Context with UNIT and UNCERTAINTY') );
#6122 = ( LENGTH_UNIT() NAMED_UNIT(*) SI_UNIT(.MILLI.,.METRE.) );
#6123 = ( NAMED_UNIT(*) PLANE_ANGLE_UNIT() SI_UNIT($,.RADIAN.) );
#6124 = ( NAMED_UNIT(*) SI_UNIT($,.STERADIAN.) SOLID_ANGLE_UNIT() );
#6125 = UNCERTAINTY_MEASURE_WITH_UNIT(LENGTH_MEASURE(1.E-07),#6122,
  'distance_accuracy_value','confusion accuracy');
#6126 = CONTEXT_DEPENDENT_SHAPE_REPRESENTATION(#6127,#6129);
#6127 = ( REPRESENTATION_RELATIONSHIP('','',#4597,#4574) 
REPRESENTATION_RELATIONSHIP_WITH_TRANSFORMATION(#6128) 
SHAPE_REPRESENTATION_RELATIONSHIP() );
#6128 = ITEM_DEFINED_TRANSFORMATION('','',#11,#4575);
#6129 = PRODUCT_DEFINITION_SHAPE('Placement','Placement of an item',
  #6130);
#6130 = NEXT_ASSEMBLY_USAGE_OCCURRENCE('3','=>[0:1:1:5]','',#4569,#4592,
  $);
#6131 = PRODUCT_RELATED_PRODUCT_CATEGORY('part',$,(#4594));
#6132 = SHAPE_DEFINITION_REPRESENTATION(#6133,#6139);
#6133 = PRODUCT_DEFINITION_SHAPE('','',#6134);
#6134 = PRODUCT_DEFINITION('design','',#6135,#6138);
#6135 = PRODUCT_DEFINITION_FORMATION('','',#6136);
#6136 = PRODUCT('PinHeader_1x03_P2.54mm_Vertical',
  'PinHeader_1x03_P2.54mm_Vertical','',(#6137));
#6137 = PRODUCT_CONTEXT('',#2,'mechanical');
#6138 = PRODUCT_DEFINITION_CONTEXT('part definition',#2,'design');
#6139 = SHAPE_REPRESENTATION('',(#11,#6140),#6144);
#6140 = AXIS2_PLACEMENT_3D('',#6141,#6142,#6143);
#6141 = CARTESIAN_POINT('',(0.,0.,0.));
#6142 = DIRECTION('',(0.,0.,1.));
#6143 = DIRECTION('',(1.,0.,-0.));
#6144 = ( GEOMETRIC_REPRESENTATION_CONTEXT(3) 
GLOBAL_UNCERTAINTY_ASSIGNED_CONTEXT((#6148)) 
GLOBAL_UNIT_ASSIGNED_CONTEXT((#6145,#6146,#6147)) REPRESENTATION_CONTEXT
('Context #1','3D Context with UNIT and UNCERTAINTY') );
#6145 = ( LENGTH_UNIT() NAMED_UNIT(*) SI_UNIT(.MILLI.,.METRE.) );
#6146 = ( NAMED_UNIT(*) PLANE_ANGLE_UNIT() SI_UNIT($,.RADIAN.) );
#6147 = ( NAMED_UNIT(*) SI_UNIT($,.STERADIAN.) SOLID_ANGLE_UNIT() );
#6148 = UNCERTAINTY_MEASURE_WITH_UNIT(LENGTH_MEASURE(1.E-07),#6145,
  'distance_accuracy_value','confusion accuracy');
#6149 = CONTEXT_DEPENDENT_SHAPE_REPRESENTATION(#6150,#6152);
#6150 = ( REPRESENTATION_RELATIONSHIP('','',#6139,#10) 
REPRESENTATION_RELATIONSHIP_WITH_TRANSFORMATION(#6151) 
SHAPE_REPRESENTATION_RELATIONSHIP() );
#6151 = ITEM_DEFINED_TRANSFORMATION('','',#11,#23);
#6152 = PRODUCT_DEFINITION_SHAPE('Placement','Placement of an item',
  #6153);
#6153 = NEXT_ASSEMBLY_USAGE_OCCURRENCE('6','P2','',#5,#6134,$);
#6154 = PRODUCT_RELATED_PRODUCT_CATEGORY('part',$,(#6136));
#6155 = SHAPE_DEFINITION_REPRESENTATION(#6156,#6162);
#6156 = PRODUCT_DEFINITION_SHAPE('','',#6157);
#6157 = PRODUCT_DEFINITION('design','',#6158,#6161);
#6158 = PRODUCT_DEFINITION_FORMATION('','',#6159);
#6159 = PRODUCT('PinHeader_1x03_P254mm_Vertical',
  'PinHeader_1x03_P254mm_Vertical','',(#6160));
#6160 = PRODUCT_CONTEXT('',#2,'mechanical');
#6161 = PRODUCT_DEFINITION_CONTEXT('part definition',#2,'design');
#6162 = ADVANCED_BREP_SHAPE_REPRESENTATION('',(#11,#6163),#8269);
#6163 = MANIFOLD_SOLID_BREP('',#6164);
#6164 = CLOSED_SHELL('',(#6165,#6205,#6236,#6267,#6514,#6761,#6778,#6795
    ,#6812,#6829,#6846,#6863,#6880,#6897,#6914,#6931,#6948,#6965,#6982,
    #6999,#7016,#7033,#7045,#7076,#7100,#7124,#7141,#7172,#7196,#7220,
    #7237,#7268,#7292,#7316,#7333,#7364,#7388,#7412,#7429,#7460,#7484,
    #7508,#7525,#7556,#7580,#7604,#7621,#7652,#7676,#7700,#7717,#7748,
    #7772,#7796,#7813,#7844,#7868,#7892,#7909,#7940,#7964,#7988,#8005,
    #8036,#8060,#8084,#8101,#8132,#8156,#8180,#8197,#8209,#8221,#8233,
    #8245,#8257));
#6165 = ADVANCED_FACE('',(#6166),#6200,.F.);
#6166 = FACE_BOUND('',#6167,.F.);
#6167 = EDGE_LOOP('',(#6168,#6178,#6186,#6194));
#6168 = ORIENTED_EDGE('',*,*,#6169,.T.);
#6169 = EDGE_CURVE('',#6170,#6172,#6174,.T.);
#6170 = VERTEX_POINT('',#6171);
#6171 = CARTESIAN_POINT('',(-1.016,1.27,0.));
#6172 = VERTEX_POINT('',#6173);
#6173 = CARTESIAN_POINT('',(-1.016,1.27,2.54));
#6174 = LINE('',#6175,#6176);
#6175 = CARTESIAN_POINT('',(-1.016,1.27,0.));
#6176 = VECTOR('',#6177,1.);
#6177 = DIRECTION('',(0.,0.,1.));
#6178 = ORIENTED_EDGE('',*,*,#6179,.T.);
#6179 = EDGE_CURVE('',#6172,#6180,#6182,.T.);
#6180 = VERTEX_POINT('',#6181);
#6181 = CARTESIAN_POINT('',(-1.27,1.016,2.54));
#6182 = LINE('',#6183,#6184);
#6183 = CARTESIAN_POINT('',(-1.016,1.27,2.54));
#6184 = VECTOR('',#6185,1.);
#6185 = DIRECTION('',(-0.707106781187,-0.707106781187,0.));
#6186 = ORIENTED_EDGE('',*,*,#6187,.F.);
#6187 = EDGE_CURVE('',#6188,#6180,#6190,.T.);
#6188 = VERTEX_POINT('',#6189);
#6189 = CARTESIAN_POINT('',(-1.27,1.016,0.));
#6190 = LINE('',#6191,#6192);
#6191 = CARTESIAN_POINT('',(-1.27,1.016,0.));
#6192 = VECTOR('',#6193,1.);
#6193 = DIRECTION('',(0.,0.,1.));
#6194 = ORIENTED_EDGE('',*,*,#6195,.F.);
#6195 = EDGE_CURVE('',#6170,#6188,#6196,.T.);
#6196 = LINE('',#6197,#6198);
#6197 = CARTESIAN_POINT('',(-1.016,1.27,0.));
#6198 = VECTOR('',#6199,1.);
#6199 = DIRECTION('',(-0.707106781187,-0.707106781187,0.));
#6200 = PLANE('',#6201);
#6201 = AXIS2_PLACEMENT_3D('',#6202,#6203,#6204);
#6202 = CARTESIAN_POINT('',(-1.016,1.27,0.));
#6203 = DIRECTION('',(0.707106781187,-0.707106781187,0.));
#6204 = DIRECTION('',(-0.707106781187,-0.707106781187,0.));
#6205 = ADVANCED_FACE('',(#6206),#6231,.F.);
#6206 = FACE_BOUND('',#6207,.F.);
#6207 = EDGE_LOOP('',(#6208,#6218,#6224,#6225));
#6208 = ORIENTED_EDGE('',*,*,#6209,.T.);
#6209 = EDGE_CURVE('',#6210,#6212,#6214,.T.);
#6210 = VERTEX_POINT('',#6211);
#6211 = CARTESIAN_POINT('',(1.016,1.27,0.));
#6212 = VERTEX_POINT('',#6213);
#6213 = CARTESIAN_POINT('',(1.016,1.27,2.54));
#6214 = LINE('',#6215,#6216);
#6215 = CARTESIAN_POINT('',(1.016,1.27,0.));
#6216 = VECTOR('',#6217,1.);
#6217 = DIRECTION('',(0.,0.,1.));
#6218 = ORIENTED_EDGE('',*,*,#6219,.T.);
#6219 = EDGE_CURVE('',#6212,#6172,#6220,.T.);
#6220 = LINE('',#6221,#6222);
#6221 = CARTESIAN_POINT('',(1.016,1.27,2.54));
#6222 = VECTOR('',#6223,1.);
#6223 = DIRECTION('',(-1.,0.,0.));
#6224 = ORIENTED_EDGE('',*,*,#6169,.F.);
#6225 = ORIENTED_EDGE('',*,*,#6226,.F.);
#6226 = EDGE_CURVE('',#6210,#6170,#6227,.T.);
#6227 = LINE('',#6228,#6229);
#6228 = CARTESIAN_POINT('',(1.016,1.27,0.));
#6229 = VECTOR('',#6230,1.);
#6230 = DIRECTION('',(-1.,0.,0.));
#6231 = PLANE('',#6232);
#6232 = AXIS2_PLACEMENT_3D('',#6233,#6234,#6235);
#6233 = CARTESIAN_POINT('',(1.016,1.27,0.));
#6234 = DIRECTION('',(0.,-1.,0.));
#6235 = DIRECTION('',(-1.,0.,0.));
#6236 = ADVANCED_FACE('',(#6237),#6262,.F.);
#6237 = FACE_BOUND('',#6238,.F.);
#6238 = EDGE_LOOP('',(#6239,#6240,#6248,#6256));
#6239 = ORIENTED_EDGE('',*,*,#6187,.T.);
#6240 = ORIENTED_EDGE('',*,*,#6241,.T.);
#6241 = EDGE_CURVE('',#6180,#6242,#6244,.T.);
#6242 = VERTEX_POINT('',#6243);
#6243 = CARTESIAN_POINT('',(-1.27,-1.016,2.54));
#6244 = LINE('',#6245,#6246);
#6245 = CARTESIAN_POINT('',(-1.27,1.016,2.54));
#6246 = VECTOR('',#6247,1.);
#6247 = DIRECTION('',(0.,-1.,0.));
#6248 = ORIENTED_EDGE('',*,*,#6249,.F.);
#6249 = EDGE_CURVE('',#6250,#6242,#6252,.T.);
#6250 = VERTEX_POINT('',#6251);
#6251 = CARTESIAN_POINT('',(-1.27,-1.016,0.));
#6252 = LINE('',#6253,#6254);
#6253 = CARTESIAN_POINT('',(-1.27,-1.016,0.));
#6254 = VECTOR('',#6255,1.);
#6255 = DIRECTION('',(0.,0.,1.));
#6256 = ORIENTED_EDGE('',*,*,#6257,.F.);
#6257 = EDGE_CURVE('',#6188,#6250,#6258,.T.);
#6258 = LINE('',#6259,#6260);
#6259 = CARTESIAN_POINT('',(-1.27,1.016,0.));
#6260 = VECTOR('',#6261,1.);
#6261 = DIRECTION('',(0.,-1.,0.));
#6262 = PLANE('',#6263);
#6263 = AXIS2_PLACEMENT_3D('',#6264,#6265,#6266);
#6264 = CARTESIAN_POINT('',(-1.27,1.016,0.));
#6265 = DIRECTION('',(1.,0.,0.));
#6266 = DIRECTION('',(0.,-1.,0.));
#6267 = ADVANCED_FACE('',(#6268,#6407,#6441,#6475),#6509,.F.);
#6268 = FACE_BOUND('',#6269,.F.);
#6269 = EDGE_LOOP('',(#6270,#6271,#6272,#6280,#6288,#6296,#6304,#6312,
    #6320,#6328,#6336,#6344,#6352,#6360,#6368,#6376,#6384,#6392,#6400,
    #6406));
#6270 = ORIENTED_EDGE('',*,*,#6195,.T.);
#6271 = ORIENTED_EDGE('',*,*,#6257,.T.);
#6272 = ORIENTED_EDGE('',*,*,#6273,.T.);
#6273 = EDGE_CURVE('',#6250,#6274,#6276,.T.);
#6274 = VERTEX_POINT('',#6275);
#6275 = CARTESIAN_POINT('',(-1.016,-1.27,0.));
#6276 = LINE('',#6277,#6278);
#6277 = CARTESIAN_POINT('',(-1.27,-1.016,0.));
#6278 = VECTOR('',#6279,1.);
#6279 = DIRECTION('',(0.707106781187,-0.707106781187,0.));
#6280 = ORIENTED_EDGE('',*,*,#6281,.T.);
#6281 = EDGE_CURVE('',#6274,#6282,#6284,.T.);
#6282 = VERTEX_POINT('',#6283);
#6283 = CARTESIAN_POINT('',(-1.27,-1.524,0.));
#6284 = LINE('',#6285,#6286);
#6285 = CARTESIAN_POINT('',(-1.016,-1.27,0.));
#6286 = VECTOR('',#6287,1.);
#6287 = DIRECTION('',(-0.707106781187,-0.707106781187,0.));
#6288 = ORIENTED_EDGE('',*,*,#6289,.T.);
#6289 = EDGE_CURVE('',#6282,#6290,#6292,.T.);
#6290 = VERTEX_POINT('',#6291);
#6291 = CARTESIAN_POINT('',(-1.27,-3.556,0.));
#6292 = LINE('',#6293,#6294);
#6293 = CARTESIAN_POINT('',(-1.27,-1.524,0.));
#6294 = VECTOR('',#6295,1.);
#6295 = DIRECTION('',(0.,-1.,0.));
#6296 = ORIENTED_EDGE('',*,*,#6297,.T.);
#6297 = EDGE_CURVE('',#6290,#6298,#6300,.T.);
#6298 = VERTEX_POINT('',#6299);
#6299 = CARTESIAN_POINT('',(-1.016,-3.81,0.));
#6300 = LINE('',#6301,#6302);
#6301 = CARTESIAN_POINT('',(-1.27,-3.556,0.));
#6302 = VECTOR('',#6303,1.);
#6303 = DIRECTION('',(0.707106781187,-0.707106781187,0.));
#6304 = ORIENTED_EDGE('',*,*,#6305,.T.);
#6305 = EDGE_CURVE('',#6298,#6306,#6308,.T.);
#6306 = VERTEX_POINT('',#6307);
#6307 = CARTESIAN_POINT('',(-1.27,-4.064,0.));
#6308 = LINE('',#6309,#6310);
#6309 = CARTESIAN_POINT('',(-1.016,-3.81,0.));
#6310 = VECTOR('',#6311,1.);
#6311 = DIRECTION('',(-0.707106781187,-0.707106781187,0.));
#6312 = ORIENTED_EDGE('',*,*,#6313,.T.);
#6313 = EDGE_CURVE('',#6306,#6314,#6316,.T.);
#6314 = VERTEX_POINT('',#6315);
#6315 = CARTESIAN_POINT('',(-1.27,-6.096,0.));
#6316 = LINE('',#6317,#6318);
#6317 = CARTESIAN_POINT('',(-1.27,-4.064,0.));
#6318 = VECTOR('',#6319,1.);
#6319 = DIRECTION('',(0.,-1.,0.));
#6320 = ORIENTED_EDGE('',*,*,#6321,.T.);
#6321 = EDGE_CURVE('',#6314,#6322,#6324,.T.);
#6322 = VERTEX_POINT('',#6323);
#6323 = CARTESIAN_POINT('',(-1.016,-6.35,0.));
#6324 = LINE('',#6325,#6326);
#6325 = CARTESIAN_POINT('',(-1.27,-6.096,0.));
#6326 = VECTOR('',#6327,1.);
#6327 = DIRECTION('',(0.707106781187,-0.707106781187,0.));
#6328 = ORIENTED_EDGE('',*,*,#6329,.T.);
#6329 = EDGE_CURVE('',#6322,#6330,#6332,.T.);
#6330 = VERTEX_POINT('',#6331);
#6331 = CARTESIAN_POINT('',(1.016,-6.35,0.));
#6332 = LINE('',#6333,#6334);
#6333 = CARTESIAN_POINT('',(-1.016,-6.35,0.));
#6334 = VECTOR('',#6335,1.);
#6335 = DIRECTION('',(1.,0.,0.));
#6336 = ORIENTED_EDGE('',*,*,#6337,.T.);
#6337 = EDGE_CURVE('',#6330,#6338,#6340,.T.);
#6338 = VERTEX_POINT('',#6339);
#6339 = CARTESIAN_POINT('',(1.27,-6.096,0.));
#6340 = LINE('',#6341,#6342);
#6341 = CARTESIAN_POINT('',(1.016,-6.35,0.));
#6342 = VECTOR('',#6343,1.);
#6343 = DIRECTION('',(0.707106781187,0.707106781187,0.));
#6344 = ORIENTED_EDGE('',*,*,#6345,.T.);
#6345 = EDGE_CURVE('',#6338,#6346,#6348,.T.);
#6346 = VERTEX_POINT('',#6347);
#6347 = CARTESIAN_POINT('',(1.27,-4.064,0.));
#6348 = LINE('',#6349,#6350);
#6349 = CARTESIAN_POINT('',(1.27,-6.096,0.));
#6350 = VECTOR('',#6351,1.);
#6351 = DIRECTION('',(0.,1.,0.));
#6352 = ORIENTED_EDGE('',*,*,#6353,.T.);
#6353 = EDGE_CURVE('',#6346,#6354,#6356,.T.);
#6354 = VERTEX_POINT('',#6355);
#6355 = CARTESIAN_POINT('',(1.016,-3.81,0.));
#6356 = LINE('',#6357,#6358);
#6357 = CARTESIAN_POINT('',(1.27,-4.064,0.));
#6358 = VECTOR('',#6359,1.);
#6359 = DIRECTION('',(-0.707106781187,0.707106781187,0.));
#6360 = ORIENTED_EDGE('',*,*,#6361,.T.);
#6361 = EDGE_CURVE('',#6354,#6362,#6364,.T.);
#6362 = VERTEX_POINT('',#6363);
#6363 = CARTESIAN_POINT('',(1.27,-3.556,0.));
#6364 = LINE('',#6365,#6366);
#6365 = CARTESIAN_POINT('',(1.016,-3.81,0.));
#6366 = VECTOR('',#6367,1.);
#6367 = DIRECTION('',(0.707106781187,0.707106781187,0.));
#6368 = ORIENTED_EDGE('',*,*,#6369,.T.);
#6369 = EDGE_CURVE('',#6362,#6370,#6372,.T.);
#6370 = VERTEX_POINT('',#6371);
#6371 = CARTESIAN_POINT('',(1.27,-1.524,0.));
#6372 = LINE('',#6373,#6374);
#6373 = CARTESIAN_POINT('',(1.27,-3.556,0.));
#6374 = VECTOR('',#6375,1.);
#6375 = DIRECTION('',(0.,1.,0.));
#6376 = ORIENTED_EDGE('',*,*,#6377,.T.);
#6377 = EDGE_CURVE('',#6370,#6378,#6380,.T.);
#6378 = VERTEX_POINT('',#6379);
#6379 = CARTESIAN_POINT('',(1.016,-1.27,0.));
#6380 = LINE('',#6381,#6382);
#6381 = CARTESIAN_POINT('',(1.27,-1.524,0.));
#6382 = VECTOR('',#6383,1.);
#6383 = DIRECTION('',(-0.707106781187,0.707106781187,0.));
#6384 = ORIENTED_EDGE('',*,*,#6385,.T.);
#6385 = EDGE_CURVE('',#6378,#6386,#6388,.T.);
#6386 = VERTEX_POINT('',#6387);
#6387 = CARTESIAN_POINT('',(1.27,-1.016,0.));
#6388 = LINE('',#6389,#6390);
#6389 = CARTESIAN_POINT('',(1.016,-1.27,0.));
#6390 = VECTOR('',#6391,1.);
#6391 = DIRECTION('',(0.707106781187,0.707106781187,0.));
#6392 = ORIENTED_EDGE('',*,*,#6393,.T.);
#6393 = EDGE_CURVE('',#6386,#6394,#6396,.T.);
#6394 = VERTEX_POINT('',#6395);
#6395 = CARTESIAN_POINT('',(1.27,1.016,0.));
#6396 = LINE('',#6397,#6398);
#6397 = CARTESIAN_POINT('',(1.27,-1.016,0.));
#6398 = VECTOR('',#6399,1.);
#6399 = DIRECTION('',(0.,1.,0.));
#6400 = ORIENTED_EDGE('',*,*,#6401,.T.);
#6401 = EDGE_CURVE('',#6394,#6210,#6402,.T.);
#6402 = LINE('',#6403,#6404);
#6403 = CARTESIAN_POINT('',(1.27,1.016,0.));
#6404 = VECTOR('',#6405,1.);
#6405 = DIRECTION('',(-0.707106781187,0.707106781187,0.));
#6406 = ORIENTED_EDGE('',*,*,#6226,.T.);
#6407 = FACE_BOUND('',#6408,.F.);
#6408 = EDGE_LOOP('',(#6409,#6419,#6427,#6435));
#6409 = ORIENTED_EDGE('',*,*,#6410,.F.);
#6410 = EDGE_CURVE('',#6411,#6413,#6415,.T.);
#6411 = VERTEX_POINT('',#6412);
#6412 = CARTESIAN_POINT('',(0.32,-0.32,0.));
#6413 = VERTEX_POINT('',#6414);
#6414 = CARTESIAN_POINT('',(0.32,0.32,0.));
#6415 = LINE('',#6416,#6417);
#6416 = CARTESIAN_POINT('',(0.32,-1.43,0.));
#6417 = VECTOR('',#6418,1.);
#6418 = DIRECTION('',(0.,1.,0.));
#6419 = ORIENTED_EDGE('',*,*,#6420,.T.);
#6420 = EDGE_CURVE('',#6411,#6421,#6423,.T.);
#6421 = VERTEX_POINT('',#6422);
#6422 = CARTESIAN_POINT('',(-0.32,-0.32,0.));
#6423 = LINE('',#6424,#6425);
#6424 = CARTESIAN_POINT('',(-0.16,-0.32,0.));
#6425 = VECTOR('',#6426,1.);
#6426 = DIRECTION('',(-1.,0.,0.));
#6427 = ORIENTED_EDGE('',*,*,#6428,.T.);
#6428 = EDGE_CURVE('',#6421,#6429,#6431,.T.);
#6429 = VERTEX_POINT('',#6430);
#6430 = CARTESIAN_POINT('',(-0.32,0.32,0.));
#6431 = LINE('',#6432,#6433);
#6432 = CARTESIAN_POINT('',(-0.32,-1.43,0.));
#6433 = VECTOR('',#6434,1.);
#6434 = DIRECTION('',(0.,1.,0.));
#6435 = ORIENTED_EDGE('',*,*,#6436,.F.);
#6436 = EDGE_CURVE('',#6413,#6429,#6437,.T.);
#6437 = LINE('',#6438,#6439);
#6438 = CARTESIAN_POINT('',(-0.16,0.32,0.));
#6439 = VECTOR('',#6440,1.);
#6440 = DIRECTION('',(-1.,0.,0.));
#6441 = FACE_BOUND('',#6442,.F.);
#6442 = EDGE_LOOP('',(#6443,#6453,#6461,#6469));
#6443 = ORIENTED_EDGE('',*,*,#6444,.T.);
#6444 = EDGE_CURVE('',#6445,#6447,#6449,.T.);
#6445 = VERTEX_POINT('',#6446);
#6446 = CARTESIAN_POINT('',(0.32,-2.86,0.));
#6447 = VERTEX_POINT('',#6448);
#6448 = CARTESIAN_POINT('',(-0.32,-2.86,0.));
#6449 = LINE('',#6450,#6451);
#6450 = CARTESIAN_POINT('',(-0.16,-2.86,0.));
#6451 = VECTOR('',#6452,1.);
#6452 = DIRECTION('',(-1.,0.,0.));
#6453 = ORIENTED_EDGE('',*,*,#6454,.T.);
#6454 = EDGE_CURVE('',#6447,#6455,#6457,.T.);
#6455 = VERTEX_POINT('',#6456);
#6456 = CARTESIAN_POINT('',(-0.32,-2.22,0.));
#6457 = LINE('',#6458,#6459);
#6458 = CARTESIAN_POINT('',(-0.32,-2.7,0.));
#6459 = VECTOR('',#6460,1.);
#6460 = DIRECTION('',(0.,1.,0.));
#6461 = ORIENTED_EDGE('',*,*,#6462,.F.);
#6462 = EDGE_CURVE('',#6463,#6455,#6465,.T.);
#6463 = VERTEX_POINT('',#6464);
#6464 = CARTESIAN_POINT('',(0.32,-2.22,0.));
#6465 = LINE('',#6466,#6467);
#6466 = CARTESIAN_POINT('',(-0.16,-2.22,0.));
#6467 = VECTOR('',#6468,1.);
#6468 = DIRECTION('',(-1.,0.,0.));
#6469 = ORIENTED_EDGE('',*,*,#6470,.F.);
#6470 = EDGE_CURVE('',#6445,#6463,#6471,.T.);
#6471 = LINE('',#6472,#6473);
#6472 = CARTESIAN_POINT('',(0.32,-2.7,0.));
#6473 = VECTOR('',#6474,1.);
#6474 = DIRECTION('',(0.,1.,0.));
#6475 = FACE_BOUND('',#6476,.F.);
#6476 = EDGE_LOOP('',(#6477,#6487,#6495,#6503));
#6477 = ORIENTED_EDGE('',*,*,#6478,.F.);
#6478 = EDGE_CURVE('',#6479,#6481,#6483,.T.);
#6479 = VERTEX_POINT('',#6480);
#6480 = CARTESIAN_POINT('',(0.32,-4.76,0.));
#6481 = VERTEX_POINT('',#6482);
#6482 = CARTESIAN_POINT('',(-0.32,-4.76,0.));
#6483 = LINE('',#6484,#6485);
#6484 = CARTESIAN_POINT('',(-0.16,-4.76,0.));
#6485 = VECTOR('',#6486,1.);
#6486 = DIRECTION('',(-1.,0.,0.));
#6487 = ORIENTED_EDGE('',*,*,#6488,.F.);
#6488 = EDGE_CURVE('',#6489,#6479,#6491,.T.);
#6489 = VERTEX_POINT('',#6490);
#6490 = CARTESIAN_POINT('',(0.32,-5.4,0.));
#6491 = LINE('',#6492,#6493);
#6492 = CARTESIAN_POINT('',(0.32,-3.97,0.));
#6493 = VECTOR('',#6494,1.);
#6494 = DIRECTION('',(0.,1.,0.));
#6495 = ORIENTED_EDGE('',*,*,#6496,.T.);
#6496 = EDGE_CURVE('',#6489,#6497,#6499,.T.);
#6497 = VERTEX_POINT('',#6498);
#6498 = CARTESIAN_POINT('',(-0.32,-5.4,0.));
#6499 = LINE('',#6500,#6501);
#6500 = CARTESIAN_POINT('',(-0.16,-5.4,0.));
#6501 = VECTOR('',#6502,1.);
#6502 = DIRECTION('',(-1.,0.,0.));
#6503 = ORIENTED_EDGE('',*,*,#6504,.T.);
#6504 = EDGE_CURVE('',#6497,#6481,#6505,.T.);
#6505 = LINE('',#6506,#6507);
#6506 = CARTESIAN_POINT('',(-0.32,-3.97,0.));
#6507 = VECTOR('',#6508,1.);
#6508 = DIRECTION('',(0.,1.,0.));
#6509 = PLANE('',#6510);
#6510 = AXIS2_PLACEMENT_3D('',#6511,#6512,#6513);
#6511 = CARTESIAN_POINT('',(5.398204781459E-17,-2.54,0.));
#6512 = DIRECTION('',(0.,0.,1.));
#6513 = DIRECTION('',(1.,0.,-0.));
#6514 = ADVANCED_FACE('',(#6515,#6654,#6688,#6722),#6756,.T.);
#6515 = FACE_BOUND('',#6516,.T.);
#6516 = EDGE_LOOP('',(#6517,#6518,#6519,#6527,#6535,#6543,#6551,#6559,
    #6567,#6575,#6583,#6591,#6599,#6607,#6615,#6623,#6631,#6639,#6647,
    #6653));
#6517 = ORIENTED_EDGE('',*,*,#6179,.T.);
#6518 = ORIENTED_EDGE('',*,*,#6241,.T.);
#6519 = ORIENTED_EDGE('',*,*,#6520,.T.);
#6520 = EDGE_CURVE('',#6242,#6521,#6523,.T.);
#6521 = VERTEX_POINT('',#6522);
#6522 = CARTESIAN_POINT('',(-1.016,-1.27,2.54));
#6523 = LINE('',#6524,#6525);
#6524 = CARTESIAN_POINT('',(-1.27,-1.016,2.54));
#6525 = VECTOR('',#6526,1.);
#6526 = DIRECTION('',(0.707106781187,-0.707106781187,0.));
#6527 = ORIENTED_EDGE('',*,*,#6528,.T.);
#6528 = EDGE_CURVE('',#6521,#6529,#6531,.T.);
#6529 = VERTEX_POINT('',#6530);
#6530 = CARTESIAN_POINT('',(-1.27,-1.524,2.54));
#6531 = LINE('',#6532,#6533);
#6532 = CARTESIAN_POINT('',(-1.016,-1.27,2.54));
#6533 = VECTOR('',#6534,1.);
#6534 = DIRECTION('',(-0.707106781187,-0.707106781187,0.));
#6535 = ORIENTED_EDGE('',*,*,#6536,.T.);
#6536 = EDGE_CURVE('',#6529,#6537,#6539,.T.);
#6537 = VERTEX_POINT('',#6538);
#6538 = CARTESIAN_POINT('',(-1.27,-3.556,2.54));
#6539 = LINE('',#6540,#6541);
#6540 = CARTESIAN_POINT('',(-1.27,-1.524,2.54));
#6541 = VECTOR('',#6542,1.);
#6542 = DIRECTION('',(0.,-1.,0.));
#6543 = ORIENTED_EDGE('',*,*,#6544,.T.);
#6544 = EDGE_CURVE('',#6537,#6545,#6547,.T.);
#6545 = VERTEX_POINT('',#6546);
#6546 = CARTESIAN_POINT('',(-1.016,-3.81,2.54));
#6547 = LINE('',#6548,#6549);
#6548 = CARTESIAN_POINT('',(-1.27,-3.556,2.54));
#6549 = VECTOR('',#6550,1.);
#6550 = DIRECTION('',(0.707106781187,-0.707106781187,0.));
#6551 = ORIENTED_EDGE('',*,*,#6552,.T.);
#6552 = EDGE_CURVE('',#6545,#6553,#6555,.T.);
#6553 = VERTEX_POINT('',#6554);
#6554 = CARTESIAN_POINT('',(-1.27,-4.064,2.54));
#6555 = LINE('',#6556,#6557);
#6556 = CARTESIAN_POINT('',(-1.016,-3.81,2.54));
#6557 = VECTOR('',#6558,1.);
#6558 = DIRECTION('',(-0.707106781187,-0.707106781187,0.));
#6559 = ORIENTED_EDGE('',*,*,#6560,.T.);
#6560 = EDGE_CURVE('',#6553,#6561,#6563,.T.);
#6561 = VERTEX_POINT('',#6562);
#6562 = CARTESIAN_POINT('',(-1.27,-6.096,2.54));
#6563 = LINE('',#6564,#6565);
#6564 = CARTESIAN_POINT('',(-1.27,-4.064,2.54));
#6565 = VECTOR('',#6566,1.);
#6566 = DIRECTION('',(0.,-1.,0.));
#6567 = ORIENTED_EDGE('',*,*,#6568,.T.);
#6568 = EDGE_CURVE('',#6561,#6569,#6571,.T.);
#6569 = VERTEX_POINT('',#6570);
#6570 = CARTESIAN_POINT('',(-1.016,-6.35,2.54));
#6571 = LINE('',#6572,#6573);
#6572 = CARTESIAN_POINT('',(-1.27,-6.096,2.54));
#6573 = VECTOR('',#6574,1.);
#6574 = DIRECTION('',(0.707106781187,-0.707106781187,0.));
#6575 = ORIENTED_EDGE('',*,*,#6576,.T.);
#6576 = EDGE_CURVE('',#6569,#6577,#6579,.T.);
#6577 = VERTEX_POINT('',#6578);
#6578 = CARTESIAN_POINT('',(1.016,-6.35,2.54));
#6579 = LINE('',#6580,#6581);
#6580 = CARTESIAN_POINT('',(-1.016,-6.35,2.54));
#6581 = VECTOR('',#6582,1.);
#6582 = DIRECTION('',(1.,0.,0.));
#6583 = ORIENTED_EDGE('',*,*,#6584,.T.);
#6584 = EDGE_CURVE('',#6577,#6585,#6587,.T.);
#6585 = VERTEX_POINT('',#6586);
#6586 = CARTESIAN_POINT('',(1.27,-6.096,2.54));
#6587 = LINE('',#6588,#6589);
#6588 = CARTESIAN_POINT('',(1.016,-6.35,2.54));
#6589 = VECTOR('',#6590,1.);
#6590 = DIRECTION('',(0.707106781187,0.707106781187,0.));
#6591 = ORIENTED_EDGE('',*,*,#6592,.T.);
#6592 = EDGE_CURVE('',#6585,#6593,#6595,.T.);
#6593 = VERTEX_POINT('',#6594);
#6594 = CARTESIAN_POINT('',(1.27,-4.064,2.54));
#6595 = LINE('',#6596,#6597);
#6596 = CARTESIAN_POINT('',(1.27,-6.096,2.54));
#6597 = VECTOR('',#6598,1.);
#6598 = DIRECTION('',(0.,1.,0.));
#6599 = ORIENTED_EDGE('',*,*,#6600,.T.);
#6600 = EDGE_CURVE('',#6593,#6601,#6603,.T.);
#6601 = VERTEX_POINT('',#6602);
#6602 = CARTESIAN_POINT('',(1.016,-3.81,2.54));
#6603 = LINE('',#6604,#6605);
#6604 = CARTESIAN_POINT('',(1.27,-4.064,2.54));
#6605 = VECTOR('',#6606,1.);
#6606 = DIRECTION('',(-0.707106781187,0.707106781187,0.));
#6607 = ORIENTED_EDGE('',*,*,#6608,.T.);
#6608 = EDGE_CURVE('',#6601,#6609,#6611,.T.);
#6609 = VERTEX_POINT('',#6610);
#6610 = CARTESIAN_POINT('',(1.27,-3.556,2.54));
#6611 = LINE('',#6612,#6613);
#6612 = CARTESIAN_POINT('',(1.016,-3.81,2.54));
#6613 = VECTOR('',#6614,1.);
#6614 = DIRECTION('',(0.707106781187,0.707106781187,0.));
#6615 = ORIENTED_EDGE('',*,*,#6616,.T.);
#6616 = EDGE_CURVE('',#6609,#6617,#6619,.T.);
#6617 = VERTEX_POINT('',#6618);
#6618 = CARTESIAN_POINT('',(1.27,-1.524,2.54));
#6619 = LINE('',#6620,#6621);
#6620 = CARTESIAN_POINT('',(1.27,-3.556,2.54));
#6621 = VECTOR('',#6622,1.);
#6622 = DIRECTION('',(0.,1.,0.));
#6623 = ORIENTED_EDGE('',*,*,#6624,.T.);
#6624 = EDGE_CURVE('',#6617,#6625,#6627,.T.);
#6625 = VERTEX_POINT('',#6626);
#6626 = CARTESIAN_POINT('',(1.016,-1.27,2.54));
#6627 = LINE('',#6628,#6629);
#6628 = CARTESIAN_POINT('',(1.27,-1.524,2.54));
#6629 = VECTOR('',#6630,1.);
#6630 = DIRECTION('',(-0.707106781187,0.707106781187,0.));
#6631 = ORIENTED_EDGE('',*,*,#6632,.T.);
#6632 = EDGE_CURVE('',#6625,#6633,#6635,.T.);
#6633 = VERTEX_POINT('',#6634);
#6634 = CARTESIAN_POINT('',(1.27,-1.016,2.54));
#6635 = LINE('',#6636,#6637);
#6636 = CARTESIAN_POINT('',(1.016,-1.27,2.54));
#6637 = VECTOR('',#6638,1.);
#6638 = DIRECTION('',(0.707106781187,0.707106781187,0.));
#6639 = ORIENTED_EDGE('',*,*,#6640,.T.);
#6640 = EDGE_CURVE('',#6633,#6641,#6643,.T.);
#6641 = VERTEX_POINT('',#6642);
#6642 = CARTESIAN_POINT('',(1.27,1.016,2.54));
#6643 = LINE('',#6644,#6645);
#6644 = CARTESIAN_POINT('',(1.27,-1.016,2.54));
#6645 = VECTOR('',#6646,1.);
#6646 = DIRECTION('',(0.,1.,0.));
#6647 = ORIENTED_EDGE('',*,*,#6648,.T.);
#6648 = EDGE_CURVE('',#6641,#6212,#6649,.T.);
#6649 = LINE('',#6650,#6651);
#6650 = CARTESIAN_POINT('',(1.27,1.016,2.54));
#6651 = VECTOR('',#6652,1.);
#6652 = DIRECTION('',(-0.707106781187,0.707106781187,0.));
#6653 = ORIENTED_EDGE('',*,*,#6219,.T.);
#6654 = FACE_BOUND('',#6655,.T.);
#6655 = EDGE_LOOP('',(#6656,#6666,#6674,#6682));
#6656 = ORIENTED_EDGE('',*,*,#6657,.F.);
#6657 = EDGE_CURVE('',#6658,#6660,#6662,.T.);
#6658 = VERTEX_POINT('',#6659);
#6659 = CARTESIAN_POINT('',(0.32,-0.32,2.54));
#6660 = VERTEX_POINT('',#6661);
#6661 = CARTESIAN_POINT('',(0.32,0.32,2.54));
#6662 = LINE('',#6663,#6664);
#6663 = CARTESIAN_POINT('',(0.32,-1.43,2.54));
#6664 = VECTOR('',#6665,1.);
#6665 = DIRECTION('',(0.,1.,0.));
#6666 = ORIENTED_EDGE('',*,*,#6667,.T.);
#6667 = EDGE_CURVE('',#6658,#6668,#6670,.T.);
#6668 = VERTEX_POINT('',#6669);
#6669 = CARTESIAN_POINT('',(-0.32,-0.32,2.54));
#6670 = LINE('',#6671,#6672);
#6671 = CARTESIAN_POINT('',(-0.16,-0.32,2.54));
#6672 = VECTOR('',#6673,1.);
#6673 = DIRECTION('',(-1.,0.,0.));
#6674 = ORIENTED_EDGE('',*,*,#6675,.T.);
#6675 = EDGE_CURVE('',#6668,#6676,#6678,.T.);
#6676 = VERTEX_POINT('',#6677);
#6677 = CARTESIAN_POINT('',(-0.32,0.32,2.54));
#6678 = LINE('',#6679,#6680);
#6679 = CARTESIAN_POINT('',(-0.32,-1.43,2.54));
#6680 = VECTOR('',#6681,1.);
#6681 = DIRECTION('',(0.,1.,0.));
#6682 = ORIENTED_EDGE('',*,*,#6683,.F.);
#6683 = EDGE_CURVE('',#6660,#6676,#6684,.T.);
#6684 = LINE('',#6685,#6686);
#6685 = CARTESIAN_POINT('',(-0.16,0.32,2.54));
#6686 = VECTOR('',#6687,1.);
#6687 = DIRECTION('',(-1.,0.,0.));
#6688 = FACE_BOUND('',#6689,.T.);
#6689 = EDGE_LOOP('',(#6690,#6700,#6708,#6716));
#6690 = ORIENTED_EDGE('',*,*,#6691,.T.);
#6691 = EDGE_CURVE('',#6692,#6694,#6696,.T.);
#6692 = VERTEX_POINT('',#6693);
#6693 = CARTESIAN_POINT('',(0.32,-2.86,2.54));
#6694 = VERTEX_POINT('',#6695);
#6695 = CARTESIAN_POINT('',(-0.32,-2.86,2.54));
#6696 = LINE('',#6697,#6698);
#6697 = CARTESIAN_POINT('',(-0.16,-2.86,2.54));
#6698 = VECTOR('',#6699,1.);
#6699 = DIRECTION('',(-1.,0.,0.));
#6700 = ORIENTED_EDGE('',*,*,#6701,.T.);
#6701 = EDGE_CURVE('',#6694,#6702,#6704,.T.);
#6702 = VERTEX_POINT('',#6703);
#6703 = CARTESIAN_POINT('',(-0.32,-2.22,2.54));
#6704 = LINE('',#6705,#6706);
#6705 = CARTESIAN_POINT('',(-0.32,-2.7,2.54));
#6706 = VECTOR('',#6707,1.);
#6707 = DIRECTION('',(0.,1.,0.));
#6708 = ORIENTED_EDGE('',*,*,#6709,.F.);
#6709 = EDGE_CURVE('',#6710,#6702,#6712,.T.);
#6710 = VERTEX_POINT('',#6711);
#6711 = CARTESIAN_POINT('',(0.32,-2.22,2.54));
#6712 = LINE('',#6713,#6714);
#6713 = CARTESIAN_POINT('',(-0.16,-2.22,2.54));
#6714 = VECTOR('',#6715,1.);
#6715 = DIRECTION('',(-1.,0.,0.));
#6716 = ORIENTED_EDGE('',*,*,#6717,.F.);
#6717 = EDGE_CURVE('',#6692,#6710,#6718,.T.);
#6718 = LINE('',#6719,#6720);
#6719 = CARTESIAN_POINT('',(0.32,-2.7,2.54));
#6720 = VECTOR('',#6721,1.);
#6721 = DIRECTION('',(0.,1.,0.));
#6722 = FACE_BOUND('',#6723,.T.);
#6723 = EDGE_LOOP('',(#6724,#6734,#6742,#6750));
#6724 = ORIENTED_EDGE('',*,*,#6725,.F.);
#6725 = EDGE_CURVE('',#6726,#6728,#6730,.T.);
#6726 = VERTEX_POINT('',#6727);
#6727 = CARTESIAN_POINT('',(0.32,-4.76,2.54));
#6728 = VERTEX_POINT('',#6729);
#6729 = CARTESIAN_POINT('',(-0.32,-4.76,2.54));
#6730 = LINE('',#6731,#6732);
#6731 = CARTESIAN_POINT('',(-0.16,-4.76,2.54));
#6732 = VECTOR('',#6733,1.);
#6733 = DIRECTION('',(-1.,0.,0.));
#6734 = ORIENTED_EDGE('',*,*,#6735,.F.);
#6735 = EDGE_CURVE('',#6736,#6726,#6738,.T.);
#6736 = VERTEX_POINT('',#6737);
#6737 = CARTESIAN_POINT('',(0.32,-5.4,2.54));
#6738 = LINE('',#6739,#6740);
#6739 = CARTESIAN_POINT('',(0.32,-3.97,2.54));
#6740 = VECTOR('',#6741,1.);
#6741 = DIRECTION('',(0.,1.,0.));
#6742 = ORIENTED_EDGE('',*,*,#6743,.T.);
#6743 = EDGE_CURVE('',#6736,#6744,#6746,.T.);
#6744 = VERTEX_POINT('',#6745);
#6745 = CARTESIAN_POINT('',(-0.32,-5.4,2.54));
#6746 = LINE('',#6747,#6748);
#6747 = CARTESIAN_POINT('',(-0.16,-5.4,2.54));
#6748 = VECTOR('',#6749,1.);
#6749 = DIRECTION('',(-1.,0.,0.));
#6750 = ORIENTED_EDGE('',*,*,#6751,.T.);
#6751 = EDGE_CURVE('',#6744,#6728,#6752,.T.);
#6752 = LINE('',#6753,#6754);
#6753 = CARTESIAN_POINT('',(-0.32,-3.97,2.54));
#6754 = VECTOR('',#6755,1.);
#6755 = DIRECTION('',(0.,1.,0.));
#6756 = PLANE('',#6757);
#6757 = AXIS2_PLACEMENT_3D('',#6758,#6759,#6760);
#6758 = CARTESIAN_POINT('',(5.398204781459E-17,-2.54,2.54));
#6759 = DIRECTION('',(0.,0.,1.));
#6760 = DIRECTION('',(1.,0.,-0.));
#6761 = ADVANCED_FACE('',(#6762),#6773,.F.);
#6762 = FACE_BOUND('',#6763,.F.);
#6763 = EDGE_LOOP('',(#6764,#6770,#6771,#6772));
#6764 = ORIENTED_EDGE('',*,*,#6765,.T.);
#6765 = EDGE_CURVE('',#6394,#6641,#6766,.T.);
#6766 = LINE('',#6767,#6768);
#6767 = CARTESIAN_POINT('',(1.27,1.016,0.));
#6768 = VECTOR('',#6769,1.);
#6769 = DIRECTION('',(0.,0.,1.));
#6770 = ORIENTED_EDGE('',*,*,#6648,.T.);
#6771 = ORIENTED_EDGE('',*,*,#6209,.F.);
#6772 = ORIENTED_EDGE('',*,*,#6401,.F.);
#6773 = PLANE('',#6774);
#6774 = AXIS2_PLACEMENT_3D('',#6775,#6776,#6777);
#6775 = CARTESIAN_POINT('',(1.27,1.016,0.));
#6776 = DIRECTION('',(-0.707106781187,-0.707106781187,0.));
#6777 = DIRECTION('',(-0.707106781187,0.707106781187,0.));
#6778 = ADVANCED_FACE('',(#6779),#6790,.F.);
#6779 = FACE_BOUND('',#6780,.F.);
#6780 = EDGE_LOOP('',(#6781,#6782,#6783,#6789));
#6781 = ORIENTED_EDGE('',*,*,#6249,.T.);
#6782 = ORIENTED_EDGE('',*,*,#6520,.T.);
#6783 = ORIENTED_EDGE('',*,*,#6784,.F.);
#6784 = EDGE_CURVE('',#6274,#6521,#6785,.T.);
#6785 = LINE('',#6786,#6787);
#6786 = CARTESIAN_POINT('',(-1.016,-1.27,0.));
#6787 = VECTOR('',#6788,1.);
#6788 = DIRECTION('',(0.,0.,1.));
#6789 = ORIENTED_EDGE('',*,*,#6273,.F.);
#6790 = PLANE('',#6791);
#6791 = AXIS2_PLACEMENT_3D('',#6792,#6793,#6794);
#6792 = CARTESIAN_POINT('',(-1.27,-1.016,0.));
#6793 = DIRECTION('',(0.707106781187,0.707106781187,0.));
#6794 = DIRECTION('',(0.707106781187,-0.707106781187,0.));
#6795 = ADVANCED_FACE('',(#6796),#6807,.F.);
#6796 = FACE_BOUND('',#6797,.F.);
#6797 = EDGE_LOOP('',(#6798,#6804,#6805,#6806));
#6798 = ORIENTED_EDGE('',*,*,#6799,.T.);
#6799 = EDGE_CURVE('',#6386,#6633,#6800,.T.);
#6800 = LINE('',#6801,#6802);
#6801 = CARTESIAN_POINT('',(1.27,-1.016,0.));
#6802 = VECTOR('',#6803,1.);
#6803 = DIRECTION('',(0.,0.,1.));
#6804 = ORIENTED_EDGE('',*,*,#6640,.T.);
#6805 = ORIENTED_EDGE('',*,*,#6765,.F.);
#6806 = ORIENTED_EDGE('',*,*,#6393,.F.);
#6807 = PLANE('',#6808);
#6808 = AXIS2_PLACEMENT_3D('',#6809,#6810,#6811);
#6809 = CARTESIAN_POINT('',(1.27,-1.016,0.));
#6810 = DIRECTION('',(-1.,0.,0.));
#6811 = DIRECTION('',(0.,1.,0.));
#6812 = ADVANCED_FACE('',(#6813),#6824,.F.);
#6813 = FACE_BOUND('',#6814,.F.);
#6814 = EDGE_LOOP('',(#6815,#6816,#6817,#6823));
#6815 = ORIENTED_EDGE('',*,*,#6784,.T.);
#6816 = ORIENTED_EDGE('',*,*,#6528,.T.);
#6817 = ORIENTED_EDGE('',*,*,#6818,.F.);
#6818 = EDGE_CURVE('',#6282,#6529,#6819,.T.);
#6819 = LINE('',#6820,#6821);
#6820 = CARTESIAN_POINT('',(-1.27,-1.524,0.));
#6821 = VECTOR('',#6822,1.);
#6822 = DIRECTION('',(0.,0.,1.));
#6823 = ORIENTED_EDGE('',*,*,#6281,.F.);
#6824 = PLANE('',#6825);
#6825 = AXIS2_PLACEMENT_3D('',#6826,#6827,#6828);
#6826 = CARTESIAN_POINT('',(-1.016,-1.27,0.));
#6827 = DIRECTION('',(0.707106781187,-0.707106781187,0.));
#6828 = DIRECTION('',(-0.707106781187,-0.707106781187,0.));
#6829 = ADVANCED_FACE('',(#6830),#6841,.F.);
#6830 = FACE_BOUND('',#6831,.F.);
#6831 = EDGE_LOOP('',(#6832,#6838,#6839,#6840));
#6832 = ORIENTED_EDGE('',*,*,#6833,.T.);
#6833 = EDGE_CURVE('',#6378,#6625,#6834,.T.);
#6834 = LINE('',#6835,#6836);
#6835 = CARTESIAN_POINT('',(1.016,-1.27,0.));
#6836 = VECTOR('',#6837,1.);
#6837 = DIRECTION('',(0.,0.,1.));
#6838 = ORIENTED_EDGE('',*,*,#6632,.T.);
#6839 = ORIENTED_EDGE('',*,*,#6799,.F.);
#6840 = ORIENTED_EDGE('',*,*,#6385,.F.);
#6841 = PLANE('',#6842);
#6842 = AXIS2_PLACEMENT_3D('',#6843,#6844,#6845);
#6843 = CARTESIAN_POINT('',(1.016,-1.27,0.));
#6844 = DIRECTION('',(-0.707106781187,0.707106781187,0.));
#6845 = DIRECTION('',(0.707106781187,0.707106781187,0.));
#6846 = ADVANCED_FACE('',(#6847),#6858,.F.);
#6847 = FACE_BOUND('',#6848,.F.);
#6848 = EDGE_LOOP('',(#6849,#6850,#6851,#6857));
#6849 = ORIENTED_EDGE('',*,*,#6818,.T.);
#6850 = ORIENTED_EDGE('',*,*,#6536,.T.);
#6851 = ORIENTED_EDGE('',*,*,#6852,.F.);
#6852 = EDGE_CURVE('',#6290,#6537,#6853,.T.);
#6853 = LINE('',#6854,#6855);
#6854 = CARTESIAN_POINT('',(-1.27,-3.556,0.));
#6855 = VECTOR('',#6856,1.);
#6856 = DIRECTION('',(0.,0.,1.));
#6857 = ORIENTED_EDGE('',*,*,#6289,.F.);
#6858 = PLANE('',#6859);
#6859 = AXIS2_PLACEMENT_3D('',#6860,#6861,#6862);
#6860 = CARTESIAN_POINT('',(-1.27,-1.524,0.));
#6861 = DIRECTION('',(1.,0.,0.));
#6862 = DIRECTION('',(0.,-1.,0.));
#6863 = ADVANCED_FACE('',(#6864),#6875,.F.);
#6864 = FACE_BOUND('',#6865,.F.);
#6865 = EDGE_LOOP('',(#6866,#6872,#6873,#6874));
#6866 = ORIENTED_EDGE('',*,*,#6867,.T.);
#6867 = EDGE_CURVE('',#6370,#6617,#6868,.T.);
#6868 = LINE('',#6869,#6870);
#6869 = CARTESIAN_POINT('',(1.27,-1.524,0.));
#6870 = VECTOR('',#6871,1.);
#6871 = DIRECTION('',(0.,0.,1.));
#6872 = ORIENTED_EDGE('',*,*,#6624,.T.);
#6873 = ORIENTED_EDGE('',*,*,#6833,.F.);
#6874 = ORIENTED_EDGE('',*,*,#6377,.F.);
#6875 = PLANE('',#6876);
#6876 = AXIS2_PLACEMENT_3D('',#6877,#6878,#6879);
#6877 = CARTESIAN_POINT('',(1.27,-1.524,0.));
#6878 = DIRECTION('',(-0.707106781187,-0.707106781187,0.));
#6879 = DIRECTION('',(-0.707106781187,0.707106781187,0.));
#6880 = ADVANCED_FACE('',(#6881),#6892,.F.);
#6881 = FACE_BOUND('',#6882,.F.);
#6882 = EDGE_LOOP('',(#6883,#6884,#6885,#6891));
#6883 = ORIENTED_EDGE('',*,*,#6852,.T.);
#6884 = ORIENTED_EDGE('',*,*,#6544,.T.);
#6885 = ORIENTED_EDGE('',*,*,#6886,.F.);
#6886 = EDGE_CURVE('',#6298,#6545,#6887,.T.);
#6887 = LINE('',#6888,#6889);
#6888 = CARTESIAN_POINT('',(-1.016,-3.81,0.));
#6889 = VECTOR('',#6890,1.);
#6890 = DIRECTION('',(0.,0.,1.));
#6891 = ORIENTED_EDGE('',*,*,#6297,.F.);
#6892 = PLANE('',#6893);
#6893 = AXIS2_PLACEMENT_3D('',#6894,#6895,#6896);
#6894 = CARTESIAN_POINT('',(-1.27,-3.556,0.));
#6895 = DIRECTION('',(0.707106781187,0.707106781187,0.));
#6896 = DIRECTION('',(0.707106781187,-0.707106781187,0.));
#6897 = ADVANCED_FACE('',(#6898),#6909,.F.);
#6898 = FACE_BOUND('',#6899,.F.);
#6899 = EDGE_LOOP('',(#6900,#6906,#6907,#6908));
#6900 = ORIENTED_EDGE('',*,*,#6901,.T.);
#6901 = EDGE_CURVE('',#6362,#6609,#6902,.T.);
#6902 = LINE('',#6903,#6904);
#6903 = CARTESIAN_POINT('',(1.27,-3.556,0.));
#6904 = VECTOR('',#6905,1.);
#6905 = DIRECTION('',(0.,0.,1.));
#6906 = ORIENTED_EDGE('',*,*,#6616,.T.);
#6907 = ORIENTED_EDGE('',*,*,#6867,.F.);
#6908 = ORIENTED_EDGE('',*,*,#6369,.F.);
#6909 = PLANE('',#6910);
#6910 = AXIS2_PLACEMENT_3D('',#6911,#6912,#6913);
#6911 = CARTESIAN_POINT('',(1.27,-3.556,0.));
#6912 = DIRECTION('',(-1.,0.,0.));
#6913 = DIRECTION('',(0.,1.,0.));
#6914 = ADVANCED_FACE('',(#6915),#6926,.F.);
#6915 = FACE_BOUND('',#6916,.F.);
#6916 = EDGE_LOOP('',(#6917,#6918,#6919,#6925));
#6917 = ORIENTED_EDGE('',*,*,#6886,.T.);
#6918 = ORIENTED_EDGE('',*,*,#6552,.T.);
#6919 = ORIENTED_EDGE('',*,*,#6920,.F.);
#6920 = EDGE_CURVE('',#6306,#6553,#6921,.T.);
#6921 = LINE('',#6922,#6923);
#6922 = CARTESIAN_POINT('',(-1.27,-4.064,0.));
#6923 = VECTOR('',#6924,1.);
#6924 = DIRECTION('',(0.,0.,1.));
#6925 = ORIENTED_EDGE('',*,*,#6305,.F.);
#6926 = PLANE('',#6927);
#6927 = AXIS2_PLACEMENT_3D('',#6928,#6929,#6930);
#6928 = CARTESIAN_POINT('',(-1.016,-3.81,0.));
#6929 = DIRECTION('',(0.707106781187,-0.707106781187,0.));
#6930 = DIRECTION('',(-0.707106781187,-0.707106781187,0.));
#6931 = ADVANCED_FACE('',(#6932),#6943,.F.);
#6932 = FACE_BOUND('',#6933,.F.);
#6933 = EDGE_LOOP('',(#6934,#6940,#6941,#6942));
#6934 = ORIENTED_EDGE('',*,*,#6935,.T.);
#6935 = EDGE_CURVE('',#6354,#6601,#6936,.T.);
#6936 = LINE('',#6937,#6938);
#6937 = CARTESIAN_POINT('',(1.016,-3.81,0.));
#6938 = VECTOR('',#6939,1.);
#6939 = DIRECTION('',(0.,0.,1.));
#6940 = ORIENTED_EDGE('',*,*,#6608,.T.);
#6941 = ORIENTED_EDGE('',*,*,#6901,.F.);
#6942 = ORIENTED_EDGE('',*,*,#6361,.F.);
#6943 = PLANE('',#6944);
#6944 = AXIS2_PLACEMENT_3D('',#6945,#6946,#6947);
#6945 = CARTESIAN_POINT('',(1.016,-3.81,0.));
#6946 = DIRECTION('',(-0.707106781187,0.707106781187,0.));
#6947 = DIRECTION('',(0.707106781187,0.707106781187,0.));
#6948 = ADVANCED_FACE('',(#6949),#6960,.F.);
#6949 = FACE_BOUND('',#6950,.F.);
#6950 = EDGE_LOOP('',(#6951,#6952,#6953,#6959));
#6951 = ORIENTED_EDGE('',*,*,#6920,.T.);
#6952 = ORIENTED_EDGE('',*,*,#6560,.T.);
#6953 = ORIENTED_EDGE('',*,*,#6954,.F.);
#6954 = EDGE_CURVE('',#6314,#6561,#6955,.T.);
#6955 = LINE('',#6956,#6957);
#6956 = CARTESIAN_POINT('',(-1.27,-6.096,0.));
#6957 = VECTOR('',#6958,1.);
#6958 = DIRECTION('',(0.,0.,1.));
#6959 = ORIENTED_EDGE('',*,*,#6313,.F.);
#6960 = PLANE('',#6961);
#6961 = AXIS2_PLACEMENT_3D('',#6962,#6963,#6964);
#6962 = CARTESIAN_POINT('',(-1.27,-4.064,0.));
#6963 = DIRECTION('',(1.,0.,0.));
#6964 = DIRECTION('',(0.,-1.,0.));
#6965 = ADVANCED_FACE('',(#6966),#6977,.F.);
#6966 = FACE_BOUND('',#6967,.F.);
#6967 = EDGE_LOOP('',(#6968,#6974,#6975,#6976));
#6968 = ORIENTED_EDGE('',*,*,#6969,.T.);
#6969 = EDGE_CURVE('',#6346,#6593,#6970,.T.);
#6970 = LINE('',#6971,#6972);
#6971 = CARTESIAN_POINT('',(1.27,-4.064,0.));
#6972 = VECTOR('',#6973,1.);
#6973 = DIRECTION('',(0.,0.,1.));
#6974 = ORIENTED_EDGE('',*,*,#6600,.T.);
#6975 = ORIENTED_EDGE('',*,*,#6935,.F.);
#6976 = ORIENTED_EDGE('',*,*,#6353,.F.);
#6977 = PLANE('',#6978);
#6978 = AXIS2_PLACEMENT_3D('',#6979,#6980,#6981);
#6979 = CARTESIAN_POINT('',(1.27,-4.064,0.));
#6980 = DIRECTION('',(-0.707106781187,-0.707106781187,0.));
#6981 = DIRECTION('',(-0.707106781187,0.707106781187,0.));
#6982 = ADVANCED_FACE('',(#6983),#6994,.F.);
#6983 = FACE_BOUND('',#6984,.F.);
#6984 = EDGE_LOOP('',(#6985,#6986,#6987,#6993));
#6985 = ORIENTED_EDGE('',*,*,#6954,.T.);
#6986 = ORIENTED_EDGE('',*,*,#6568,.T.);
#6987 = ORIENTED_EDGE('',*,*,#6988,.F.);
#6988 = EDGE_CURVE('',#6322,#6569,#6989,.T.);
#6989 = LINE('',#6990,#6991);
#6990 = CARTESIAN_POINT('',(-1.016,-6.35,0.));
#6991 = VECTOR('',#6992,1.);
#6992 = DIRECTION('',(0.,0.,1.));
#6993 = ORIENTED_EDGE('',*,*,#6321,.F.);
#6994 = PLANE('',#6995);
#6995 = AXIS2_PLACEMENT_3D('',#6996,#6997,#6998);
#6996 = CARTESIAN_POINT('',(-1.27,-6.096,0.));
#6997 = DIRECTION('',(0.707106781187,0.707106781187,0.));
#6998 = DIRECTION('',(0.707106781187,-0.707106781187,0.));
#6999 = ADVANCED_FACE('',(#7000),#7011,.F.);
#7000 = FACE_BOUND('',#7001,.F.);
#7001 = EDGE_LOOP('',(#7002,#7008,#7009,#7010));
#7002 = ORIENTED_EDGE('',*,*,#7003,.T.);
#7003 = EDGE_CURVE('',#6338,#6585,#7004,.T.);
#7004 = LINE('',#7005,#7006);
#7005 = CARTESIAN_POINT('',(1.27,-6.096,0.));
#7006 = VECTOR('',#7007,1.);
#7007 = DIRECTION('',(0.,0.,1.));
#7008 = ORIENTED_EDGE('',*,*,#6592,.T.);
#7009 = ORIENTED_EDGE('',*,*,#6969,.F.);
#7010 = ORIENTED_EDGE('',*,*,#6345,.F.);
#7011 = PLANE('',#7012);
#7012 = AXIS2_PLACEMENT_3D('',#7013,#7014,#7015);
#7013 = CARTESIAN_POINT('',(1.27,-6.096,0.));
#7014 = DIRECTION('',(-1.,0.,0.));
#7015 = DIRECTION('',(0.,1.,0.));
#7016 = ADVANCED_FACE('',(#7017),#7028,.F.);
#7017 = FACE_BOUND('',#7018,.F.);
#7018 = EDGE_LOOP('',(#7019,#7020,#7021,#7027));
#7019 = ORIENTED_EDGE('',*,*,#6988,.T.);
#7020 = ORIENTED_EDGE('',*,*,#6576,.T.);
#7021 = ORIENTED_EDGE('',*,*,#7022,.F.);
#7022 = EDGE_CURVE('',#6330,#6577,#7023,.T.);
#7023 = LINE('',#7024,#7025);
#7024 = CARTESIAN_POINT('',(1.016,-6.35,0.));
#7025 = VECTOR('',#7026,1.);
#7026 = DIRECTION('',(0.,0.,1.));
#7027 = ORIENTED_EDGE('',*,*,#6329,.F.);
#7028 = PLANE('',#7029);
#7029 = AXIS2_PLACEMENT_3D('',#7030,#7031,#7032);
#7030 = CARTESIAN_POINT('',(-1.016,-6.35,0.));
#7031 = DIRECTION('',(0.,1.,0.));
#7032 = DIRECTION('',(1.,0.,0.));
#7033 = ADVANCED_FACE('',(#7034),#7040,.F.);
#7034 = FACE_BOUND('',#7035,.F.);
#7035 = EDGE_LOOP('',(#7036,#7037,#7038,#7039));
#7036 = ORIENTED_EDGE('',*,*,#7022,.T.);
#7037 = ORIENTED_EDGE('',*,*,#6584,.T.);
#7038 = ORIENTED_EDGE('',*,*,#7003,.F.);
#7039 = ORIENTED_EDGE('',*,*,#6337,.F.);
#7040 = PLANE('',#7041);
#7041 = AXIS2_PLACEMENT_3D('',#7042,#7043,#7044);
#7042 = CARTESIAN_POINT('',(1.016,-6.35,0.));
#7043 = DIRECTION('',(-0.707106781187,0.707106781187,0.));
#7044 = DIRECTION('',(0.707106781187,0.707106781187,0.));
#7045 = ADVANCED_FACE('',(#7046),#7071,.T.);
#7046 = FACE_BOUND('',#7047,.T.);
#7047 = EDGE_LOOP('',(#7048,#7056,#7064,#7070));
#7048 = ORIENTED_EDGE('',*,*,#7049,.F.);
#7049 = EDGE_CURVE('',#7050,#6411,#7052,.T.);
#7050 = VERTEX_POINT('',#7051);
#7051 = CARTESIAN_POINT('',(0.32,-0.32,-2.84));
#7052 = LINE('',#7053,#7054);
#7053 = CARTESIAN_POINT('',(0.32,-0.32,-3.));
#7054 = VECTOR('',#7055,1.);
#7055 = DIRECTION('',(0.,0.,1.));
#7056 = ORIENTED_EDGE('',*,*,#7057,.T.);
#7057 = EDGE_CURVE('',#7050,#7058,#7060,.T.);
#7058 = VERTEX_POINT('',#7059);
#7059 = CARTESIAN_POINT('',(0.32,0.32,-2.84));
#7060 = LINE('',#7061,#7062);
#7061 = CARTESIAN_POINT('',(0.32,-0.32,-2.84));
#7062 = VECTOR('',#7063,1.);
#7063 = DIRECTION('',(0.,1.,0.));
#7064 = ORIENTED_EDGE('',*,*,#7065,.T.);
#7065 = EDGE_CURVE('',#7058,#6413,#7066,.T.);
#7066 = LINE('',#7067,#7068);
#7067 = CARTESIAN_POINT('',(0.32,0.32,-3.));
#7068 = VECTOR('',#7069,1.);
#7069 = DIRECTION('',(0.,0.,1.));
#7070 = ORIENTED_EDGE('',*,*,#6410,.F.);
#7071 = PLANE('',#7072);
#7072 = AXIS2_PLACEMENT_3D('',#7073,#7074,#7075);
#7073 = CARTESIAN_POINT('',(0.32,-0.32,-3.));
#7074 = DIRECTION('',(1.,0.,0.));
#7075 = DIRECTION('',(0.,0.,1.));
#7076 = ADVANCED_FACE('',(#7077),#7095,.T.);
#7077 = FACE_BOUND('',#7078,.T.);
#7078 = EDGE_LOOP('',(#7079,#7080,#7088,#7094));
#7079 = ORIENTED_EDGE('',*,*,#7065,.F.);
#7080 = ORIENTED_EDGE('',*,*,#7081,.F.);
#7081 = EDGE_CURVE('',#7082,#7058,#7084,.T.);
#7082 = VERTEX_POINT('',#7083);
#7083 = CARTESIAN_POINT('',(-0.32,0.32,-2.84));
#7084 = LINE('',#7085,#7086);
#7085 = CARTESIAN_POINT('',(-0.32,0.32,-2.84));
#7086 = VECTOR('',#7087,1.);
#7087 = DIRECTION('',(1.,0.,0.));
#7088 = ORIENTED_EDGE('',*,*,#7089,.T.);
#7089 = EDGE_CURVE('',#7082,#6429,#7090,.T.);
#7090 = LINE('',#7091,#7092);
#7091 = CARTESIAN_POINT('',(-0.32,0.32,-3.));
#7092 = VECTOR('',#7093,1.);
#7093 = DIRECTION('',(0.,0.,1.));
#7094 = ORIENTED_EDGE('',*,*,#6436,.F.);
#7095 = PLANE('',#7096);
#7096 = AXIS2_PLACEMENT_3D('',#7097,#7098,#7099);
#7097 = CARTESIAN_POINT('',(-0.32,0.32,-3.));
#7098 = DIRECTION('',(0.,1.,0.));
#7099 = DIRECTION('',(0.,-0.,1.));
#7100 = ADVANCED_FACE('',(#7101),#7119,.F.);
#7101 = FACE_BOUND('',#7102,.F.);
#7102 = EDGE_LOOP('',(#7103,#7111,#7117,#7118));
#7103 = ORIENTED_EDGE('',*,*,#7104,.F.);
#7104 = EDGE_CURVE('',#7105,#6421,#7107,.T.);
#7105 = VERTEX_POINT('',#7106);
#7106 = CARTESIAN_POINT('',(-0.32,-0.32,-2.84));
#7107 = LINE('',#7108,#7109);
#7108 = CARTESIAN_POINT('',(-0.32,-0.32,-3.));
#7109 = VECTOR('',#7110,1.);
#7110 = DIRECTION('',(0.,0.,1.));
#7111 = ORIENTED_EDGE('',*,*,#7112,.T.);
#7112 = EDGE_CURVE('',#7105,#7082,#7113,.T.);
#7113 = LINE('',#7114,#7115);
#7114 = CARTESIAN_POINT('',(-0.32,-0.32,-2.84));
#7115 = VECTOR('',#7116,1.);
#7116 = DIRECTION('',(0.,1.,0.));
#7117 = ORIENTED_EDGE('',*,*,#7089,.T.);
#7118 = ORIENTED_EDGE('',*,*,#6428,.F.);
#7119 = PLANE('',#7120);
#7120 = AXIS2_PLACEMENT_3D('',#7121,#7122,#7123);
#7121 = CARTESIAN_POINT('',(-0.32,-0.32,-3.));
#7122 = DIRECTION('',(1.,0.,0.));
#7123 = DIRECTION('',(0.,0.,1.));
#7124 = ADVANCED_FACE('',(#7125),#7136,.F.);
#7125 = FACE_BOUND('',#7126,.F.);
#7126 = EDGE_LOOP('',(#7127,#7128,#7134,#7135));
#7127 = ORIENTED_EDGE('',*,*,#7049,.F.);
#7128 = ORIENTED_EDGE('',*,*,#7129,.F.);
#7129 = EDGE_CURVE('',#7105,#7050,#7130,.T.);
#7130 = LINE('',#7131,#7132);
#7131 = CARTESIAN_POINT('',(-0.32,-0.32,-2.84));
#7132 = VECTOR('',#7133,1.);
#7133 = DIRECTION('',(1.,0.,0.));
#7134 = ORIENTED_EDGE('',*,*,#7104,.T.);
#7135 = ORIENTED_EDGE('',*,*,#6420,.F.);
#7136 = PLANE('',#7137);
#7137 = AXIS2_PLACEMENT_3D('',#7138,#7139,#7140);
#7138 = CARTESIAN_POINT('',(-0.32,-0.32,-3.));
#7139 = DIRECTION('',(0.,1.,0.));
#7140 = DIRECTION('',(0.,-0.,1.));
#7141 = ADVANCED_FACE('',(#7142),#7167,.F.);
#7142 = FACE_BOUND('',#7143,.F.);
#7143 = EDGE_LOOP('',(#7144,#7152,#7160,#7166));
#7144 = ORIENTED_EDGE('',*,*,#7145,.F.);
#7145 = EDGE_CURVE('',#7146,#6445,#7148,.T.);
#7146 = VERTEX_POINT('',#7147);
#7147 = CARTESIAN_POINT('',(0.32,-2.86,-2.84));
#7148 = LINE('',#7149,#7150);
#7149 = CARTESIAN_POINT('',(0.32,-2.86,-3.));
#7150 = VECTOR('',#7151,1.);
#7151 = DIRECTION('',(0.,0.,1.));
#7152 = ORIENTED_EDGE('',*,*,#7153,.F.);
#7153 = EDGE_CURVE('',#7154,#7146,#7156,.T.);
#7154 = VERTEX_POINT('',#7155);
#7155 = CARTESIAN_POINT('',(-0.32,-2.86,-2.84));
#7156 = LINE('',#7157,#7158);
#7157 = CARTESIAN_POINT('',(-0.32,-2.86,-2.84));
#7158 = VECTOR('',#7159,1.);
#7159 = DIRECTION('',(1.,0.,0.));
#7160 = ORIENTED_EDGE('',*,*,#7161,.T.);
#7161 = EDGE_CURVE('',#7154,#6447,#7162,.T.);
#7162 = LINE('',#7163,#7164);
#7163 = CARTESIAN_POINT('',(-0.32,-2.86,-3.));
#7164 = VECTOR('',#7165,1.);
#7165 = DIRECTION('',(0.,0.,1.));
#7166 = ORIENTED_EDGE('',*,*,#6444,.F.);
#7167 = PLANE('',#7168);
#7168 = AXIS2_PLACEMENT_3D('',#7169,#7170,#7171);
#7169 = CARTESIAN_POINT('',(-0.32,-2.86,-3.));
#7170 = DIRECTION('',(0.,1.,0.));
#7171 = DIRECTION('',(0.,-0.,1.));
#7172 = ADVANCED_FACE('',(#7173),#7191,.T.);
#7173 = FACE_BOUND('',#7174,.T.);
#7174 = EDGE_LOOP('',(#7175,#7176,#7184,#7190));
#7175 = ORIENTED_EDGE('',*,*,#7145,.F.);
#7176 = ORIENTED_EDGE('',*,*,#7177,.T.);
#7177 = EDGE_CURVE('',#7146,#7178,#7180,.T.);
#7178 = VERTEX_POINT('',#7179);
#7179 = CARTESIAN_POINT('',(0.32,-2.22,-2.84));
#7180 = LINE('',#7181,#7182);
#7181 = CARTESIAN_POINT('',(0.32,-2.86,-2.84));
#7182 = VECTOR('',#7183,1.);
#7183 = DIRECTION('',(0.,1.,0.));
#7184 = ORIENTED_EDGE('',*,*,#7185,.T.);
#7185 = EDGE_CURVE('',#7178,#6463,#7186,.T.);
#7186 = LINE('',#7187,#7188);
#7187 = CARTESIAN_POINT('',(0.32,-2.22,-3.));
#7188 = VECTOR('',#7189,1.);
#7189 = DIRECTION('',(0.,0.,1.));
#7190 = ORIENTED_EDGE('',*,*,#6470,.F.);
#7191 = PLANE('',#7192);
#7192 = AXIS2_PLACEMENT_3D('',#7193,#7194,#7195);
#7193 = CARTESIAN_POINT('',(0.32,-2.86,-3.));
#7194 = DIRECTION('',(1.,0.,0.));
#7195 = DIRECTION('',(0.,0.,1.));
#7196 = ADVANCED_FACE('',(#7197),#7215,.T.);
#7197 = FACE_BOUND('',#7198,.T.);
#7198 = EDGE_LOOP('',(#7199,#7200,#7208,#7214));
#7199 = ORIENTED_EDGE('',*,*,#7185,.F.);
#7200 = ORIENTED_EDGE('',*,*,#7201,.F.);
#7201 = EDGE_CURVE('',#7202,#7178,#7204,.T.);
#7202 = VERTEX_POINT('',#7203);
#7203 = CARTESIAN_POINT('',(-0.32,-2.22,-2.84));
#7204 = LINE('',#7205,#7206);
#7205 = CARTESIAN_POINT('',(-0.32,-2.22,-2.84));
#7206 = VECTOR('',#7207,1.);
#7207 = DIRECTION('',(1.,0.,0.));
#7208 = ORIENTED_EDGE('',*,*,#7209,.T.);
#7209 = EDGE_CURVE('',#7202,#6455,#7210,.T.);
#7210 = LINE('',#7211,#7212);
#7211 = CARTESIAN_POINT('',(-0.32,-2.22,-3.));
#7212 = VECTOR('',#7213,1.);
#7213 = DIRECTION('',(0.,0.,1.));
#7214 = ORIENTED_EDGE('',*,*,#6462,.F.);
#7215 = PLANE('',#7216);
#7216 = AXIS2_PLACEMENT_3D('',#7217,#7218,#7219);
#7217 = CARTESIAN_POINT('',(-0.32,-2.22,-3.));
#7218 = DIRECTION('',(0.,1.,0.));
#7219 = DIRECTION('',(0.,-0.,1.));
#7220 = ADVANCED_FACE('',(#7221),#7232,.F.);
#7221 = FACE_BOUND('',#7222,.F.);
#7222 = EDGE_LOOP('',(#7223,#7224,#7230,#7231));
#7223 = ORIENTED_EDGE('',*,*,#7161,.F.);
#7224 = ORIENTED_EDGE('',*,*,#7225,.T.);
#7225 = EDGE_CURVE('',#7154,#7202,#7226,.T.);
#7226 = LINE('',#7227,#7228);
#7227 = CARTESIAN_POINT('',(-0.32,-2.86,-2.84));
#7228 = VECTOR('',#7229,1.);
#7229 = DIRECTION('',(0.,1.,0.));
#7230 = ORIENTED_EDGE('',*,*,#7209,.T.);
#7231 = ORIENTED_EDGE('',*,*,#6454,.F.);
#7232 = PLANE('',#7233);
#7233 = AXIS2_PLACEMENT_3D('',#7234,#7235,#7236);
#7234 = CARTESIAN_POINT('',(-0.32,-2.86,-3.));
#7235 = DIRECTION('',(1.,0.,0.));
#7236 = DIRECTION('',(0.,0.,1.));
#7237 = ADVANCED_FACE('',(#7238),#7263,.T.);
#7238 = FACE_BOUND('',#7239,.T.);
#7239 = EDGE_LOOP('',(#7240,#7248,#7256,#7262));
#7240 = ORIENTED_EDGE('',*,*,#7241,.F.);
#7241 = EDGE_CURVE('',#7242,#6479,#7244,.T.);
#7242 = VERTEX_POINT('',#7243);
#7243 = CARTESIAN_POINT('',(0.32,-4.76,-2.84));
#7244 = LINE('',#7245,#7246);
#7245 = CARTESIAN_POINT('',(0.32,-4.76,-3.));
#7246 = VECTOR('',#7247,1.);
#7247 = DIRECTION('',(0.,0.,1.));
#7248 = ORIENTED_EDGE('',*,*,#7249,.F.);
#7249 = EDGE_CURVE('',#7250,#7242,#7252,.T.);
#7250 = VERTEX_POINT('',#7251);
#7251 = CARTESIAN_POINT('',(-0.32,-4.76,-2.84));
#7252 = LINE('',#7253,#7254);
#7253 = CARTESIAN_POINT('',(-0.32,-4.76,-2.84));
#7254 = VECTOR('',#7255,1.);
#7255 = DIRECTION('',(1.,0.,0.));
#7256 = ORIENTED_EDGE('',*,*,#7257,.T.);
#7257 = EDGE_CURVE('',#7250,#6481,#7258,.T.);
#7258 = LINE('',#7259,#7260);
#7259 = CARTESIAN_POINT('',(-0.32,-4.76,-3.));
#7260 = VECTOR('',#7261,1.);
#7261 = DIRECTION('',(0.,0.,1.));
#7262 = ORIENTED_EDGE('',*,*,#6478,.F.);
#7263 = PLANE('',#7264);
#7264 = AXIS2_PLACEMENT_3D('',#7265,#7266,#7267);
#7265 = CARTESIAN_POINT('',(-0.32,-4.76,-3.));
#7266 = DIRECTION('',(0.,1.,0.));
#7267 = DIRECTION('',(0.,-0.,1.));
#7268 = ADVANCED_FACE('',(#7269),#7287,.F.);
#7269 = FACE_BOUND('',#7270,.F.);
#7270 = EDGE_LOOP('',(#7271,#7279,#7285,#7286));
#7271 = ORIENTED_EDGE('',*,*,#7272,.F.);
#7272 = EDGE_CURVE('',#7273,#6497,#7275,.T.);
#7273 = VERTEX_POINT('',#7274);
#7274 = CARTESIAN_POINT('',(-0.32,-5.4,-2.84));
#7275 = LINE('',#7276,#7277);
#7276 = CARTESIAN_POINT('',(-0.32,-5.4,-3.));
#7277 = VECTOR('',#7278,1.);
#7278 = DIRECTION('',(0.,0.,1.));
#7279 = ORIENTED_EDGE('',*,*,#7280,.T.);
#7280 = EDGE_CURVE('',#7273,#7250,#7281,.T.);
#7281 = LINE('',#7282,#7283);
#7282 = CARTESIAN_POINT('',(-0.32,-5.4,-2.84));
#7283 = VECTOR('',#7284,1.);
#7284 = DIRECTION('',(0.,1.,0.));
#7285 = ORIENTED_EDGE('',*,*,#7257,.T.);
#7286 = ORIENTED_EDGE('',*,*,#6504,.F.);
#7287 = PLANE('',#7288);
#7288 = AXIS2_PLACEMENT_3D('',#7289,#7290,#7291);
#7289 = CARTESIAN_POINT('',(-0.32,-5.4,-3.));
#7290 = DIRECTION('',(1.,0.,0.));
#7291 = DIRECTION('',(0.,0.,1.));
#7292 = ADVANCED_FACE('',(#7293),#7311,.F.);
#7293 = FACE_BOUND('',#7294,.F.);
#7294 = EDGE_LOOP('',(#7295,#7303,#7309,#7310));
#7295 = ORIENTED_EDGE('',*,*,#7296,.F.);
#7296 = EDGE_CURVE('',#7297,#6489,#7299,.T.);
#7297 = VERTEX_POINT('',#7298);
#7298 = CARTESIAN_POINT('',(0.32,-5.4,-2.84));
#7299 = LINE('',#7300,#7301);
#7300 = CARTESIAN_POINT('',(0.32,-5.4,-3.));
#7301 = VECTOR('',#7302,1.);
#7302 = DIRECTION('',(0.,0.,1.));
#7303 = ORIENTED_EDGE('',*,*,#7304,.F.);
#7304 = EDGE_CURVE('',#7273,#7297,#7305,.T.);
#7305 = LINE('',#7306,#7307);
#7306 = CARTESIAN_POINT('',(-0.32,-5.4,-2.84));
#7307 = VECTOR('',#7308,1.);
#7308 = DIRECTION('',(1.,0.,0.));
#7309 = ORIENTED_EDGE('',*,*,#7272,.T.);
#7310 = ORIENTED_EDGE('',*,*,#6496,.F.);
#7311 = PLANE('',#7312);
#7312 = AXIS2_PLACEMENT_3D('',#7313,#7314,#7315);
#7313 = CARTESIAN_POINT('',(-0.32,-5.4,-3.));
#7314 = DIRECTION('',(0.,1.,0.));
#7315 = DIRECTION('',(0.,-0.,1.));
#7316 = ADVANCED_FACE('',(#7317),#7328,.T.);
#7317 = FACE_BOUND('',#7318,.T.);
#7318 = EDGE_LOOP('',(#7319,#7320,#7326,#7327));
#7319 = ORIENTED_EDGE('',*,*,#7296,.F.);
#7320 = ORIENTED_EDGE('',*,*,#7321,.T.);
#7321 = EDGE_CURVE('',#7297,#7242,#7322,.T.);
#7322 = LINE('',#7323,#7324);
#7323 = CARTESIAN_POINT('',(0.32,-5.4,-2.84));
#7324 = VECTOR('',#7325,1.);
#7325 = DIRECTION('',(0.,1.,0.));
#7326 = ORIENTED_EDGE('',*,*,#7241,.T.);
#7327 = ORIENTED_EDGE('',*,*,#6488,.F.);
#7328 = PLANE('',#7329);
#7329 = AXIS2_PLACEMENT_3D('',#7330,#7331,#7332);
#7330 = CARTESIAN_POINT('',(0.32,-5.4,-3.));
#7331 = DIRECTION('',(1.,0.,0.));
#7332 = DIRECTION('',(0.,0.,1.));
#7333 = ADVANCED_FACE('',(#7334),#7359,.T.);
#7334 = FACE_BOUND('',#7335,.T.);
#7335 = EDGE_LOOP('',(#7336,#7344,#7345,#7353));
#7336 = ORIENTED_EDGE('',*,*,#7337,.F.);
#7337 = EDGE_CURVE('',#6658,#7338,#7340,.T.);
#7338 = VERTEX_POINT('',#7339);
#7339 = CARTESIAN_POINT('',(0.32,-0.32,8.38));
#7340 = LINE('',#7341,#7342);
#7341 = CARTESIAN_POINT('',(0.32,-0.32,-3.));
#7342 = VECTOR('',#7343,1.);
#7343 = DIRECTION('',(0.,0.,1.));
#7344 = ORIENTED_EDGE('',*,*,#6657,.T.);
#7345 = ORIENTED_EDGE('',*,*,#7346,.T.);
#7346 = EDGE_CURVE('',#6660,#7347,#7349,.T.);
#7347 = VERTEX_POINT('',#7348);
#7348 = CARTESIAN_POINT('',(0.32,0.32,8.38));
#7349 = LINE('',#7350,#7351);
#7350 = CARTESIAN_POINT('',(0.32,0.32,-3.));
#7351 = VECTOR('',#7352,1.);
#7352 = DIRECTION('',(0.,0.,1.));
#7353 = ORIENTED_EDGE('',*,*,#7354,.F.);
#7354 = EDGE_CURVE('',#7338,#7347,#7355,.T.);
#7355 = LINE('',#7356,#7357);
#7356 = CARTESIAN_POINT('',(0.32,-0.32,8.38));
#7357 = VECTOR('',#7358,1.);
#7358 = DIRECTION('',(0.,1.,0.));
#7359 = PLANE('',#7360);
#7360 = AXIS2_PLACEMENT_3D('',#7361,#7362,#7363);
#7361 = CARTESIAN_POINT('',(0.32,-0.32,-3.));
#7362 = DIRECTION('',(1.,0.,0.));
#7363 = DIRECTION('',(0.,0.,1.));
#7364 = ADVANCED_FACE('',(#7365),#7383,.T.);
#7365 = FACE_BOUND('',#7366,.T.);
#7366 = EDGE_LOOP('',(#7367,#7368,#7369,#7377));
#7367 = ORIENTED_EDGE('',*,*,#7346,.F.);
#7368 = ORIENTED_EDGE('',*,*,#6683,.T.);
#7369 = ORIENTED_EDGE('',*,*,#7370,.T.);
#7370 = EDGE_CURVE('',#6676,#7371,#7373,.T.);
#7371 = VERTEX_POINT('',#7372);
#7372 = CARTESIAN_POINT('',(-0.32,0.32,8.38));
#7373 = LINE('',#7374,#7375);
#7374 = CARTESIAN_POINT('',(-0.32,0.32,-3.));
#7375 = VECTOR('',#7376,1.);
#7376 = DIRECTION('',(0.,0.,1.));
#7377 = ORIENTED_EDGE('',*,*,#7378,.T.);
#7378 = EDGE_CURVE('',#7371,#7347,#7379,.T.);
#7379 = LINE('',#7380,#7381);
#7380 = CARTESIAN_POINT('',(-0.32,0.32,8.38));
#7381 = VECTOR('',#7382,1.);
#7382 = DIRECTION('',(1.,0.,0.));
#7383 = PLANE('',#7384);
#7384 = AXIS2_PLACEMENT_3D('',#7385,#7386,#7387);
#7385 = CARTESIAN_POINT('',(-0.32,0.32,-3.));
#7386 = DIRECTION('',(0.,1.,0.));
#7387 = DIRECTION('',(0.,-0.,1.));
#7388 = ADVANCED_FACE('',(#7389),#7407,.F.);
#7389 = FACE_BOUND('',#7390,.F.);
#7390 = EDGE_LOOP('',(#7391,#7399,#7400,#7401));
#7391 = ORIENTED_EDGE('',*,*,#7392,.F.);
#7392 = EDGE_CURVE('',#6668,#7393,#7395,.T.);
#7393 = VERTEX_POINT('',#7394);
#7394 = CARTESIAN_POINT('',(-0.32,-0.32,8.38));
#7395 = LINE('',#7396,#7397);
#7396 = CARTESIAN_POINT('',(-0.32,-0.32,-3.));
#7397 = VECTOR('',#7398,1.);
#7398 = DIRECTION('',(0.,0.,1.));
#7399 = ORIENTED_EDGE('',*,*,#6675,.T.);
#7400 = ORIENTED_EDGE('',*,*,#7370,.T.);
#7401 = ORIENTED_EDGE('',*,*,#7402,.F.);
#7402 = EDGE_CURVE('',#7393,#7371,#7403,.T.);
#7403 = LINE('',#7404,#7405);
#7404 = CARTESIAN_POINT('',(-0.32,-0.32,8.38));
#7405 = VECTOR('',#7406,1.);
#7406 = DIRECTION('',(0.,1.,0.));
#7407 = PLANE('',#7408);
#7408 = AXIS2_PLACEMENT_3D('',#7409,#7410,#7411);
#7409 = CARTESIAN_POINT('',(-0.32,-0.32,-3.));
#7410 = DIRECTION('',(1.,0.,0.));
#7411 = DIRECTION('',(0.,0.,1.));
#7412 = ADVANCED_FACE('',(#7413),#7424,.F.);
#7413 = FACE_BOUND('',#7414,.F.);
#7414 = EDGE_LOOP('',(#7415,#7416,#7417,#7418));
#7415 = ORIENTED_EDGE('',*,*,#7337,.F.);
#7416 = ORIENTED_EDGE('',*,*,#6667,.T.);
#7417 = ORIENTED_EDGE('',*,*,#7392,.T.);
#7418 = ORIENTED_EDGE('',*,*,#7419,.T.);
#7419 = EDGE_CURVE('',#7393,#7338,#7420,.T.);
#7420 = LINE('',#7421,#7422);
#7421 = CARTESIAN_POINT('',(-0.32,-0.32,8.38));
#7422 = VECTOR('',#7423,1.);
#7423 = DIRECTION('',(1.,0.,0.));
#7424 = PLANE('',#7425);
#7425 = AXIS2_PLACEMENT_3D('',#7426,#7427,#7428);
#7426 = CARTESIAN_POINT('',(-0.32,-0.32,-3.));
#7427 = DIRECTION('',(0.,1.,0.));
#7428 = DIRECTION('',(0.,-0.,1.));
#7429 = ADVANCED_FACE('',(#7430),#7455,.F.);
#7430 = FACE_BOUND('',#7431,.F.);
#7431 = EDGE_LOOP('',(#7432,#7440,#7441,#7449));
#7432 = ORIENTED_EDGE('',*,*,#7433,.F.);
#7433 = EDGE_CURVE('',#6692,#7434,#7436,.T.);
#7434 = VERTEX_POINT('',#7435);
#7435 = CARTESIAN_POINT('',(0.32,-2.86,8.38));
#7436 = LINE('',#7437,#7438);
#7437 = CARTESIAN_POINT('',(0.32,-2.86,-3.));
#7438 = VECTOR('',#7439,1.);
#7439 = DIRECTION('',(0.,0.,1.));
#7440 = ORIENTED_EDGE('',*,*,#6691,.T.);
#7441 = ORIENTED_EDGE('',*,*,#7442,.T.);
#7442 = EDGE_CURVE('',#6694,#7443,#7445,.T.);
#7443 = VERTEX_POINT('',#7444);
#7444 = CARTESIAN_POINT('',(-0.32,-2.86,8.38));
#7445 = LINE('',#7446,#7447);
#7446 = CARTESIAN_POINT('',(-0.32,-2.86,-3.));
#7447 = VECTOR('',#7448,1.);
#7448 = DIRECTION('',(0.,0.,1.));
#7449 = ORIENTED_EDGE('',*,*,#7450,.T.);
#7450 = EDGE_CURVE('',#7443,#7434,#7451,.T.);
#7451 = LINE('',#7452,#7453);
#7452 = CARTESIAN_POINT('',(-0.32,-2.86,8.38));
#7453 = VECTOR('',#7454,1.);
#7454 = DIRECTION('',(1.,0.,0.));
#7455 = PLANE('',#7456);
#7456 = AXIS2_PLACEMENT_3D('',#7457,#7458,#7459);
#7457 = CARTESIAN_POINT('',(-0.32,-2.86,-3.));
#7458 = DIRECTION('',(0.,1.,0.));
#7459 = DIRECTION('',(0.,-0.,1.));
#7460 = ADVANCED_FACE('',(#7461),#7479,.T.);
#7461 = FACE_BOUND('',#7462,.T.);
#7462 = EDGE_LOOP('',(#7463,#7464,#7465,#7473));
#7463 = ORIENTED_EDGE('',*,*,#7433,.F.);
#7464 = ORIENTED_EDGE('',*,*,#6717,.T.);
#7465 = ORIENTED_EDGE('',*,*,#7466,.T.);
#7466 = EDGE_CURVE('',#6710,#7467,#7469,.T.);
#7467 = VERTEX_POINT('',#7468);
#7468 = CARTESIAN_POINT('',(0.32,-2.22,8.38));
#7469 = LINE('',#7470,#7471);
#7470 = CARTESIAN_POINT('',(0.32,-2.22,-3.));
#7471 = VECTOR('',#7472,1.);
#7472 = DIRECTION('',(0.,0.,1.));
#7473 = ORIENTED_EDGE('',*,*,#7474,.F.);
#7474 = EDGE_CURVE('',#7434,#7467,#7475,.T.);
#7475 = LINE('',#7476,#7477);
#7476 = CARTESIAN_POINT('',(0.32,-2.86,8.38));
#7477 = VECTOR('',#7478,1.);
#7478 = DIRECTION('',(0.,1.,0.));
#7479 = PLANE('',#7480);
#7480 = AXIS2_PLACEMENT_3D('',#7481,#7482,#7483);
#7481 = CARTESIAN_POINT('',(0.32,-2.86,-3.));
#7482 = DIRECTION('',(1.,0.,0.));
#7483 = DIRECTION('',(0.,0.,1.));
#7484 = ADVANCED_FACE('',(#7485),#7503,.T.);
#7485 = FACE_BOUND('',#7486,.T.);
#7486 = EDGE_LOOP('',(#7487,#7488,#7489,#7497));
#7487 = ORIENTED_EDGE('',*,*,#7466,.F.);
#7488 = ORIENTED_EDGE('',*,*,#6709,.T.);
#7489 = ORIENTED_EDGE('',*,*,#7490,.T.);
#7490 = EDGE_CURVE('',#6702,#7491,#7493,.T.);
#7491 = VERTEX_POINT('',#7492);
#7492 = CARTESIAN_POINT('',(-0.32,-2.22,8.38));
#7493 = LINE('',#7494,#7495);
#7494 = CARTESIAN_POINT('',(-0.32,-2.22,-3.));
#7495 = VECTOR('',#7496,1.);
#7496 = DIRECTION('',(0.,0.,1.));
#7497 = ORIENTED_EDGE('',*,*,#7498,.T.);
#7498 = EDGE_CURVE('',#7491,#7467,#7499,.T.);
#7499 = LINE('',#7500,#7501);
#7500 = CARTESIAN_POINT('',(-0.32,-2.22,8.38));
#7501 = VECTOR('',#7502,1.);
#7502 = DIRECTION('',(1.,0.,0.));
#7503 = PLANE('',#7504);
#7504 = AXIS2_PLACEMENT_3D('',#7505,#7506,#7507);
#7505 = CARTESIAN_POINT('',(-0.32,-2.22,-3.));
#7506 = DIRECTION('',(0.,1.,0.));
#7507 = DIRECTION('',(0.,-0.,1.));
#7508 = ADVANCED_FACE('',(#7509),#7520,.F.);
#7509 = FACE_BOUND('',#7510,.F.);
#7510 = EDGE_LOOP('',(#7511,#7512,#7513,#7514));
#7511 = ORIENTED_EDGE('',*,*,#7442,.F.);
#7512 = ORIENTED_EDGE('',*,*,#6701,.T.);
#7513 = ORIENTED_EDGE('',*,*,#7490,.T.);
#7514 = ORIENTED_EDGE('',*,*,#7515,.F.);
#7515 = EDGE_CURVE('',#7443,#7491,#7516,.T.);
#7516 = LINE('',#7517,#7518);
#7517 = CARTESIAN_POINT('',(-0.32,-2.86,8.38));
#7518 = VECTOR('',#7519,1.);
#7519 = DIRECTION('',(0.,1.,0.));
#7520 = PLANE('',#7521);
#7521 = AXIS2_PLACEMENT_3D('',#7522,#7523,#7524);
#7522 = CARTESIAN_POINT('',(-0.32,-2.86,-3.));
#7523 = DIRECTION('',(1.,0.,0.));
#7524 = DIRECTION('',(0.,0.,1.));
#7525 = ADVANCED_FACE('',(#7526),#7551,.T.);
#7526 = FACE_BOUND('',#7527,.T.);
#7527 = EDGE_LOOP('',(#7528,#7536,#7537,#7545));
#7528 = ORIENTED_EDGE('',*,*,#7529,.F.);
#7529 = EDGE_CURVE('',#6726,#7530,#7532,.T.);
#7530 = VERTEX_POINT('',#7531);
#7531 = CARTESIAN_POINT('',(0.32,-4.76,8.38));
#7532 = LINE('',#7533,#7534);
#7533 = CARTESIAN_POINT('',(0.32,-4.76,-3.));
#7534 = VECTOR('',#7535,1.);
#7535 = DIRECTION('',(0.,0.,1.));
#7536 = ORIENTED_EDGE('',*,*,#6725,.T.);
#7537 = ORIENTED_EDGE('',*,*,#7538,.T.);
#7538 = EDGE_CURVE('',#6728,#7539,#7541,.T.);
#7539 = VERTEX_POINT('',#7540);
#7540 = CARTESIAN_POINT('',(-0.32,-4.76,8.38));
#7541 = LINE('',#7542,#7543);
#7542 = CARTESIAN_POINT('',(-0.32,-4.76,-3.));
#7543 = VECTOR('',#7544,1.);
#7544 = DIRECTION('',(0.,0.,1.));
#7545 = ORIENTED_EDGE('',*,*,#7546,.T.);
#7546 = EDGE_CURVE('',#7539,#7530,#7547,.T.);
#7547 = LINE('',#7548,#7549);
#7548 = CARTESIAN_POINT('',(-0.32,-4.76,8.38));
#7549 = VECTOR('',#7550,1.);
#7550 = DIRECTION('',(1.,0.,0.));
#7551 = PLANE('',#7552);
#7552 = AXIS2_PLACEMENT_3D('',#7553,#7554,#7555);
#7553 = CARTESIAN_POINT('',(-0.32,-4.76,-3.));
#7554 = DIRECTION('',(0.,1.,0.));
#7555 = DIRECTION('',(0.,-0.,1.));
#7556 = ADVANCED_FACE('',(#7557),#7575,.F.);
#7557 = FACE_BOUND('',#7558,.F.);
#7558 = EDGE_LOOP('',(#7559,#7567,#7568,#7569));
#7559 = ORIENTED_EDGE('',*,*,#7560,.F.);
#7560 = EDGE_CURVE('',#6744,#7561,#7563,.T.);
#7561 = VERTEX_POINT('',#7562);
#7562 = CARTESIAN_POINT('',(-0.32,-5.4,8.38));
#7563 = LINE('',#7564,#7565);
#7564 = CARTESIAN_POINT('',(-0.32,-5.4,-3.));
#7565 = VECTOR('',#7566,1.);
#7566 = DIRECTION('',(0.,0.,1.));
#7567 = ORIENTED_EDGE('',*,*,#6751,.T.);
#7568 = ORIENTED_EDGE('',*,*,#7538,.T.);
#7569 = ORIENTED_EDGE('',*,*,#7570,.F.);
#7570 = EDGE_CURVE('',#7561,#7539,#7571,.T.);
#7571 = LINE('',#7572,#7573);
#7572 = CARTESIAN_POINT('',(-0.32,-5.4,8.38));
#7573 = VECTOR('',#7574,1.);
#7574 = DIRECTION('',(0.,1.,0.));
#7575 = PLANE('',#7576);
#7576 = AXIS2_PLACEMENT_3D('',#7577,#7578,#7579);
#7577 = CARTESIAN_POINT('',(-0.32,-5.4,-3.));
#7578 = DIRECTION('',(1.,0.,0.));
#7579 = DIRECTION('',(0.,0.,1.));
#7580 = ADVANCED_FACE('',(#7581),#7599,.F.);
#7581 = FACE_BOUND('',#7582,.F.);
#7582 = EDGE_LOOP('',(#7583,#7591,#7592,#7593));
#7583 = ORIENTED_EDGE('',*,*,#7584,.F.);
#7584 = EDGE_CURVE('',#6736,#7585,#7587,.T.);
#7585 = VERTEX_POINT('',#7586);
#7586 = CARTESIAN_POINT('',(0.32,-5.4,8.38));
#7587 = LINE('',#7588,#7589);
#7588 = CARTESIAN_POINT('',(0.32,-5.4,-3.));
#7589 = VECTOR('',#7590,1.);
#7590 = DIRECTION('',(0.,0.,1.));
#7591 = ORIENTED_EDGE('',*,*,#6743,.T.);
#7592 = ORIENTED_EDGE('',*,*,#7560,.T.);
#7593 = ORIENTED_EDGE('',*,*,#7594,.T.);
#7594 = EDGE_CURVE('',#7561,#7585,#7595,.T.);
#7595 = LINE('',#7596,#7597);
#7596 = CARTESIAN_POINT('',(-0.32,-5.4,8.38));
#7597 = VECTOR('',#7598,1.);
#7598 = DIRECTION('',(1.,0.,0.));
#7599 = PLANE('',#7600);
#7600 = AXIS2_PLACEMENT_3D('',#7601,#7602,#7603);
#7601 = CARTESIAN_POINT('',(-0.32,-5.4,-3.));
#7602 = DIRECTION('',(0.,1.,0.));
#7603 = DIRECTION('',(0.,-0.,1.));
#7604 = ADVANCED_FACE('',(#7605),#7616,.T.);
#7605 = FACE_BOUND('',#7606,.T.);
#7606 = EDGE_LOOP('',(#7607,#7608,#7609,#7610));
#7607 = ORIENTED_EDGE('',*,*,#7584,.F.);
#7608 = ORIENTED_EDGE('',*,*,#6735,.T.);
#7609 = ORIENTED_EDGE('',*,*,#7529,.T.);
#7610 = ORIENTED_EDGE('',*,*,#7611,.F.);
#7611 = EDGE_CURVE('',#7585,#7530,#7612,.T.);
#7612 = LINE('',#7613,#7614);
#7613 = CARTESIAN_POINT('',(0.32,-5.4,8.38));
#7614 = VECTOR('',#7615,1.);
#7615 = DIRECTION('',(0.,1.,0.));
#7616 = PLANE('',#7617);
#7617 = AXIS2_PLACEMENT_3D('',#7618,#7619,#7620);
#7618 = CARTESIAN_POINT('',(0.32,-5.4,-3.));
#7619 = DIRECTION('',(1.,0.,0.));
#7620 = DIRECTION('',(0.,0.,1.));
#7621 = ADVANCED_FACE('',(#7622),#7647,.F.);
#7622 = FACE_BOUND('',#7623,.F.);
#7623 = EDGE_LOOP('',(#7624,#7632,#7633,#7641));
#7624 = ORIENTED_EDGE('',*,*,#7625,.F.);
#7625 = EDGE_CURVE('',#7050,#7626,#7628,.T.);
#7626 = VERTEX_POINT('',#7627);
#7627 = CARTESIAN_POINT('',(0.16,-0.16,-3.));
#7628 = LINE('',#7629,#7630);
#7629 = CARTESIAN_POINT('',(0.16,-0.16,-3.));
#7630 = VECTOR('',#7631,1.);
#7631 = DIRECTION('',(-0.57735026919,0.57735026919,-0.57735026919));
#7632 = ORIENTED_EDGE('',*,*,#7057,.T.);
#7633 = ORIENTED_EDGE('',*,*,#7634,.T.);
#7634 = EDGE_CURVE('',#7058,#7635,#7637,.T.);
#7635 = VERTEX_POINT('',#7636);
#7636 = CARTESIAN_POINT('',(0.16,0.16,-3.));
#7637 = LINE('',#7638,#7639);
#7638 = CARTESIAN_POINT('',(5.333333333333E-02,5.333333333333E-02,
    -3.106666666667));
#7639 = VECTOR('',#7640,1.);
#7640 = DIRECTION('',(-0.57735026919,-0.57735026919,-0.57735026919));
#7641 = ORIENTED_EDGE('',*,*,#7642,.F.);
#7642 = EDGE_CURVE('',#7626,#7635,#7643,.T.);
#7643 = LINE('',#7644,#7645);
#7644 = CARTESIAN_POINT('',(0.16,-0.32,-3.));
#7645 = VECTOR('',#7646,1.);
#7646 = DIRECTION('',(0.,1.,0.));
#7647 = PLANE('',#7648);
#7648 = AXIS2_PLACEMENT_3D('',#7649,#7650,#7651);
#7649 = CARTESIAN_POINT('',(0.24,-0.32,-2.92));
#7650 = DIRECTION('',(-0.707106781187,1.735167508357E-18,0.707106781187)
  );
#7651 = DIRECTION('',(1.226948711654E-18,1.,-1.226948711654E-18));
#7652 = ADVANCED_FACE('',(#7653),#7671,.F.);
#7653 = FACE_BOUND('',#7654,.T.);
#7654 = EDGE_LOOP('',(#7655,#7663,#7664,#7665));
#7655 = ORIENTED_EDGE('',*,*,#7656,.F.);
#7656 = EDGE_CURVE('',#7082,#7657,#7659,.T.);
#7657 = VERTEX_POINT('',#7658);
#7658 = CARTESIAN_POINT('',(-0.16,0.16,-3.));
#7659 = LINE('',#7660,#7661);
#7660 = CARTESIAN_POINT('',(-0.16,0.16,-3.));
#7661 = VECTOR('',#7662,1.);
#7662 = DIRECTION('',(0.57735026919,-0.57735026919,-0.57735026919));
#7663 = ORIENTED_EDGE('',*,*,#7081,.T.);
#7664 = ORIENTED_EDGE('',*,*,#7634,.T.);
#7665 = ORIENTED_EDGE('',*,*,#7666,.F.);
#7666 = EDGE_CURVE('',#7657,#7635,#7667,.T.);
#7667 = LINE('',#7668,#7669);
#7668 = CARTESIAN_POINT('',(-0.32,0.16,-3.));
#7669 = VECTOR('',#7670,1.);
#7670 = DIRECTION('',(1.,0.,0.));
#7671 = PLANE('',#7672);
#7672 = AXIS2_PLACEMENT_3D('',#7673,#7674,#7675);
#7673 = CARTESIAN_POINT('',(-0.32,0.24,-2.92));
#7674 = DIRECTION('',(-1.735167508357E-18,-0.707106781187,0.707106781187
    ));
#7675 = DIRECTION('',(-1.,1.226948711654E-18,-1.226948711654E-18));
#7676 = ADVANCED_FACE('',(#7677),#7695,.T.);
#7677 = FACE_BOUND('',#7678,.T.);
#7678 = EDGE_LOOP('',(#7679,#7687,#7688,#7689));
#7679 = ORIENTED_EDGE('',*,*,#7680,.F.);
#7680 = EDGE_CURVE('',#7105,#7681,#7683,.T.);
#7681 = VERTEX_POINT('',#7682);
#7682 = CARTESIAN_POINT('',(-0.16,-0.16,-3.));
#7683 = LINE('',#7684,#7685);
#7684 = CARTESIAN_POINT('',(-0.266666666667,-0.266666666667,
    -2.893333333333));
#7685 = VECTOR('',#7686,1.);
#7686 = DIRECTION('',(0.57735026919,0.57735026919,-0.57735026919));
#7687 = ORIENTED_EDGE('',*,*,#7112,.T.);
#7688 = ORIENTED_EDGE('',*,*,#7656,.T.);
#7689 = ORIENTED_EDGE('',*,*,#7690,.F.);
#7690 = EDGE_CURVE('',#7681,#7657,#7691,.T.);
#7691 = LINE('',#7692,#7693);
#7692 = CARTESIAN_POINT('',(-0.16,-0.32,-3.));
#7693 = VECTOR('',#7694,1.);
#7694 = DIRECTION('',(0.,1.,0.));
#7695 = PLANE('',#7696);
#7696 = AXIS2_PLACEMENT_3D('',#7697,#7698,#7699);
#7697 = CARTESIAN_POINT('',(-0.24,-0.32,-2.92));
#7698 = DIRECTION('',(-0.707106781187,-1.735167508357E-18,
    -0.707106781187));
#7699 = DIRECTION('',(-1.226948711654E-18,1.,-1.226948711654E-18));
#7700 = ADVANCED_FACE('',(#7701),#7712,.T.);
#7701 = FACE_BOUND('',#7702,.F.);
#7702 = EDGE_LOOP('',(#7703,#7704,#7705,#7706));
#7703 = ORIENTED_EDGE('',*,*,#7680,.F.);
#7704 = ORIENTED_EDGE('',*,*,#7129,.T.);
#7705 = ORIENTED_EDGE('',*,*,#7625,.T.);
#7706 = ORIENTED_EDGE('',*,*,#7707,.F.);
#7707 = EDGE_CURVE('',#7681,#7626,#7708,.T.);
#7708 = LINE('',#7709,#7710);
#7709 = CARTESIAN_POINT('',(-0.32,-0.16,-3.));
#7710 = VECTOR('',#7711,1.);
#7711 = DIRECTION('',(1.,0.,0.));
#7712 = PLANE('',#7713);
#7713 = AXIS2_PLACEMENT_3D('',#7714,#7715,#7716);
#7714 = CARTESIAN_POINT('',(-0.32,-0.24,-2.92));
#7715 = DIRECTION('',(1.735167508357E-18,-0.707106781187,-0.707106781187
    ));
#7716 = DIRECTION('',(-1.,-1.226948711654E-18,-1.226948711654E-18));
#7717 = ADVANCED_FACE('',(#7718),#7743,.T.);
#7718 = FACE_BOUND('',#7719,.F.);
#7719 = EDGE_LOOP('',(#7720,#7728,#7729,#7737));
#7720 = ORIENTED_EDGE('',*,*,#7721,.F.);
#7721 = EDGE_CURVE('',#7154,#7722,#7724,.T.);
#7722 = VERTEX_POINT('',#7723);
#7723 = CARTESIAN_POINT('',(-0.16,-2.7,-3.));
#7724 = LINE('',#7725,#7726);
#7725 = CARTESIAN_POINT('',(-0.266666666667,-2.806666666667,
    -2.893333333333));
#7726 = VECTOR('',#7727,1.);
#7727 = DIRECTION('',(0.57735026919,0.57735026919,-0.57735026919));
#7728 = ORIENTED_EDGE('',*,*,#7153,.T.);
#7729 = ORIENTED_EDGE('',*,*,#7730,.T.);
#7730 = EDGE_CURVE('',#7146,#7731,#7733,.T.);
#7731 = VERTEX_POINT('',#7732);
#7732 = CARTESIAN_POINT('',(0.16,-2.7,-3.));
#7733 = LINE('',#7734,#7735);
#7734 = CARTESIAN_POINT('',(0.16,-2.7,-3.));
#7735 = VECTOR('',#7736,1.);
#7736 = DIRECTION('',(-0.57735026919,0.57735026919,-0.57735026919));
#7737 = ORIENTED_EDGE('',*,*,#7738,.F.);
#7738 = EDGE_CURVE('',#7722,#7731,#7739,.T.);
#7739 = LINE('',#7740,#7741);
#7740 = CARTESIAN_POINT('',(-0.32,-2.7,-3.));
#7741 = VECTOR('',#7742,1.);
#7742 = DIRECTION('',(1.,0.,0.));
#7743 = PLANE('',#7744);
#7744 = AXIS2_PLACEMENT_3D('',#7745,#7746,#7747);
#7745 = CARTESIAN_POINT('',(-0.32,-2.78,-2.92));
#7746 = DIRECTION('',(1.735167508357E-18,-0.707106781187,-0.707106781187
    ));
#7747 = DIRECTION('',(-1.,-1.226948711654E-18,-1.226948711654E-18));
#7748 = ADVANCED_FACE('',(#7749),#7767,.F.);
#7749 = FACE_BOUND('',#7750,.F.);
#7750 = EDGE_LOOP('',(#7751,#7752,#7753,#7761));
#7751 = ORIENTED_EDGE('',*,*,#7730,.F.);
#7752 = ORIENTED_EDGE('',*,*,#7177,.T.);
#7753 = ORIENTED_EDGE('',*,*,#7754,.T.);
#7754 = EDGE_CURVE('',#7178,#7755,#7757,.T.);
#7755 = VERTEX_POINT('',#7756);
#7756 = CARTESIAN_POINT('',(0.16,-2.38,-3.));
#7757 = LINE('',#7758,#7759);
#7758 = CARTESIAN_POINT('',(5.333333333333E-02,-2.486666666667,
    -3.106666666667));
#7759 = VECTOR('',#7760,1.);
#7760 = DIRECTION('',(-0.57735026919,-0.57735026919,-0.57735026919));
#7761 = ORIENTED_EDGE('',*,*,#7762,.F.);
#7762 = EDGE_CURVE('',#7731,#7755,#7763,.T.);
#7763 = LINE('',#7764,#7765);
#7764 = CARTESIAN_POINT('',(0.16,-2.86,-3.));
#7765 = VECTOR('',#7766,1.);
#7766 = DIRECTION('',(0.,1.,0.));
#7767 = PLANE('',#7768);
#7768 = AXIS2_PLACEMENT_3D('',#7769,#7770,#7771);
#7769 = CARTESIAN_POINT('',(0.24,-2.86,-2.92));
#7770 = DIRECTION('',(-0.707106781187,1.735167508357E-18,0.707106781187)
  );
#7771 = DIRECTION('',(1.226948711654E-18,1.,-1.226948711654E-18));
#7772 = ADVANCED_FACE('',(#7773),#7791,.F.);
#7773 = FACE_BOUND('',#7774,.T.);
#7774 = EDGE_LOOP('',(#7775,#7783,#7784,#7785));
#7775 = ORIENTED_EDGE('',*,*,#7776,.F.);
#7776 = EDGE_CURVE('',#7202,#7777,#7779,.T.);
#7777 = VERTEX_POINT('',#7778);
#7778 = CARTESIAN_POINT('',(-0.16,-2.38,-3.));
#7779 = LINE('',#7780,#7781);
#7780 = CARTESIAN_POINT('',(-0.16,-2.38,-3.));
#7781 = VECTOR('',#7782,1.);
#7782 = DIRECTION('',(0.57735026919,-0.57735026919,-0.57735026919));
#7783 = ORIENTED_EDGE('',*,*,#7201,.T.);
#7784 = ORIENTED_EDGE('',*,*,#7754,.T.);
#7785 = ORIENTED_EDGE('',*,*,#7786,.F.);
#7786 = EDGE_CURVE('',#7777,#7755,#7787,.T.);
#7787 = LINE('',#7788,#7789);
#7788 = CARTESIAN_POINT('',(-0.32,-2.38,-3.));
#7789 = VECTOR('',#7790,1.);
#7790 = DIRECTION('',(1.,0.,0.));
#7791 = PLANE('',#7792);
#7792 = AXIS2_PLACEMENT_3D('',#7793,#7794,#7795);
#7793 = CARTESIAN_POINT('',(-0.32,-2.3,-2.92));
#7794 = DIRECTION('',(-1.735167508357E-18,-0.707106781187,0.707106781187
    ));
#7795 = DIRECTION('',(-1.,1.226948711654E-18,-1.226948711654E-18));
#7796 = ADVANCED_FACE('',(#7797),#7808,.T.);
#7797 = FACE_BOUND('',#7798,.T.);
#7798 = EDGE_LOOP('',(#7799,#7800,#7801,#7802));
#7799 = ORIENTED_EDGE('',*,*,#7721,.F.);
#7800 = ORIENTED_EDGE('',*,*,#7225,.T.);
#7801 = ORIENTED_EDGE('',*,*,#7776,.T.);
#7802 = ORIENTED_EDGE('',*,*,#7803,.F.);
#7803 = EDGE_CURVE('',#7722,#7777,#7804,.T.);
#7804 = LINE('',#7805,#7806);
#7805 = CARTESIAN_POINT('',(-0.16,-2.86,-3.));
#7806 = VECTOR('',#7807,1.);
#7807 = DIRECTION('',(0.,1.,0.));
#7808 = PLANE('',#7809);
#7809 = AXIS2_PLACEMENT_3D('',#7810,#7811,#7812);
#7810 = CARTESIAN_POINT('',(-0.24,-2.86,-2.92));
#7811 = DIRECTION('',(-0.707106781187,-1.735167508357E-18,
    -0.707106781187));
#7812 = DIRECTION('',(-1.226948711654E-18,1.,-1.226948711654E-18));
#7813 = ADVANCED_FACE('',(#7814),#7839,.F.);
#7814 = FACE_BOUND('',#7815,.T.);
#7815 = EDGE_LOOP('',(#7816,#7824,#7825,#7833));
#7816 = ORIENTED_EDGE('',*,*,#7817,.F.);
#7817 = EDGE_CURVE('',#7250,#7818,#7820,.T.);
#7818 = VERTEX_POINT('',#7819);
#7819 = CARTESIAN_POINT('',(-0.16,-4.92,-3.));
#7820 = LINE('',#7821,#7822);
#7821 = CARTESIAN_POINT('',(-0.16,-4.92,-3.));
#7822 = VECTOR('',#7823,1.);
#7823 = DIRECTION('',(0.57735026919,-0.57735026919,-0.57735026919));
#7824 = ORIENTED_EDGE('',*,*,#7249,.T.);
#7825 = ORIENTED_EDGE('',*,*,#7826,.T.);
#7826 = EDGE_CURVE('',#7242,#7827,#7829,.T.);
#7827 = VERTEX_POINT('',#7828);
#7828 = CARTESIAN_POINT('',(0.16,-4.92,-3.));
#7829 = LINE('',#7830,#7831);
#7830 = CARTESIAN_POINT('',(5.333333333333E-02,-5.026666666667,
    -3.106666666667));
#7831 = VECTOR('',#7832,1.);
#7832 = DIRECTION('',(-0.57735026919,-0.57735026919,-0.57735026919));
#7833 = ORIENTED_EDGE('',*,*,#7834,.F.);
#7834 = EDGE_CURVE('',#7818,#7827,#7835,.T.);
#7835 = LINE('',#7836,#7837);
#7836 = CARTESIAN_POINT('',(-0.32,-4.92,-3.));
#7837 = VECTOR('',#7838,1.);
#7838 = DIRECTION('',(1.,0.,0.));
#7839 = PLANE('',#7840);
#7840 = AXIS2_PLACEMENT_3D('',#7841,#7842,#7843);
#7841 = CARTESIAN_POINT('',(-0.32,-4.84,-2.92));
#7842 = DIRECTION('',(-1.735167508357E-18,-0.707106781187,0.707106781187
    ));
#7843 = DIRECTION('',(-1.,1.226948711654E-18,-1.226948711654E-18));
#7844 = ADVANCED_FACE('',(#7845),#7863,.T.);
#7845 = FACE_BOUND('',#7846,.T.);
#7846 = EDGE_LOOP('',(#7847,#7855,#7856,#7857));
#7847 = ORIENTED_EDGE('',*,*,#7848,.F.);
#7848 = EDGE_CURVE('',#7273,#7849,#7851,.T.);
#7849 = VERTEX_POINT('',#7850);
#7850 = CARTESIAN_POINT('',(-0.16,-5.24,-3.));
#7851 = LINE('',#7852,#7853);
#7852 = CARTESIAN_POINT('',(-0.266666666667,-5.346666666667,
    -2.893333333333));
#7853 = VECTOR('',#7854,1.);
#7854 = DIRECTION('',(0.57735026919,0.57735026919,-0.57735026919));
#7855 = ORIENTED_EDGE('',*,*,#7280,.T.);
#7856 = ORIENTED_EDGE('',*,*,#7817,.T.);
#7857 = ORIENTED_EDGE('',*,*,#7858,.F.);
#7858 = EDGE_CURVE('',#7849,#7818,#7859,.T.);
#7859 = LINE('',#7860,#7861);
#7860 = CARTESIAN_POINT('',(-0.16,-5.4,-3.));
#7861 = VECTOR('',#7862,1.);
#7862 = DIRECTION('',(0.,1.,0.));
#7863 = PLANE('',#7864);
#7864 = AXIS2_PLACEMENT_3D('',#7865,#7866,#7867);
#7865 = CARTESIAN_POINT('',(-0.24,-5.4,-2.92));
#7866 = DIRECTION('',(-0.707106781187,-1.735167508357E-18,
    -0.707106781187));
#7867 = DIRECTION('',(-1.226948711654E-18,1.,-1.226948711654E-18));
#7868 = ADVANCED_FACE('',(#7869),#7887,.T.);
#7869 = FACE_BOUND('',#7870,.F.);
#7870 = EDGE_LOOP('',(#7871,#7872,#7873,#7881));
#7871 = ORIENTED_EDGE('',*,*,#7848,.F.);
#7872 = ORIENTED_EDGE('',*,*,#7304,.T.);
#7873 = ORIENTED_EDGE('',*,*,#7874,.T.);
#7874 = EDGE_CURVE('',#7297,#7875,#7877,.T.);
#7875 = VERTEX_POINT('',#7876);
#7876 = CARTESIAN_POINT('',(0.16,-5.24,-3.));
#7877 = LINE('',#7878,#7879);
#7878 = CARTESIAN_POINT('',(0.16,-5.24,-3.));
#7879 = VECTOR('',#7880,1.);
#7880 = DIRECTION('',(-0.57735026919,0.57735026919,-0.57735026919));
#7881 = ORIENTED_EDGE('',*,*,#7882,.F.);
#7882 = EDGE_CURVE('',#7849,#7875,#7883,.T.);
#7883 = LINE('',#7884,#7885);
#7884 = CARTESIAN_POINT('',(-0.32,-5.24,-3.));
#7885 = VECTOR('',#7886,1.);
#7886 = DIRECTION('',(1.,0.,0.));
#7887 = PLANE('',#7888);
#7888 = AXIS2_PLACEMENT_3D('',#7889,#7890,#7891);
#7889 = CARTESIAN_POINT('',(-0.32,-5.32,-2.92));
#7890 = DIRECTION('',(1.735167508357E-18,-0.707106781187,-0.707106781187
    ));
#7891 = DIRECTION('',(-1.,-1.226948711654E-18,-1.226948711654E-18));
#7892 = ADVANCED_FACE('',(#7893),#7904,.F.);
#7893 = FACE_BOUND('',#7894,.F.);
#7894 = EDGE_LOOP('',(#7895,#7896,#7897,#7898));
#7895 = ORIENTED_EDGE('',*,*,#7874,.F.);
#7896 = ORIENTED_EDGE('',*,*,#7321,.T.);
#7897 = ORIENTED_EDGE('',*,*,#7826,.T.);
#7898 = ORIENTED_EDGE('',*,*,#7899,.F.);
#7899 = EDGE_CURVE('',#7875,#7827,#7900,.T.);
#7900 = LINE('',#7901,#7902);
#7901 = CARTESIAN_POINT('',(0.16,-5.4,-3.));
#7902 = VECTOR('',#7903,1.);
#7903 = DIRECTION('',(0.,1.,0.));
#7904 = PLANE('',#7905);
#7905 = AXIS2_PLACEMENT_3D('',#7906,#7907,#7908);
#7906 = CARTESIAN_POINT('',(0.24,-5.4,-2.92));
#7907 = DIRECTION('',(-0.707106781187,1.735167508357E-18,0.707106781187)
  );
#7908 = DIRECTION('',(1.226948711654E-18,1.,-1.226948711654E-18));
#7909 = ADVANCED_FACE('',(#7910),#7935,.T.);
#7910 = FACE_BOUND('',#7911,.T.);
#7911 = EDGE_LOOP('',(#7912,#7920,#7921,#7929));
#7912 = ORIENTED_EDGE('',*,*,#7913,.F.);
#7913 = EDGE_CURVE('',#7338,#7914,#7916,.T.);
#7914 = VERTEX_POINT('',#7915);
#7915 = CARTESIAN_POINT('',(0.16,-0.16,8.54));
#7916 = LINE('',#7917,#7918);
#7917 = CARTESIAN_POINT('',(0.16,-0.16,8.54));
#7918 = VECTOR('',#7919,1.);
#7919 = DIRECTION('',(-0.57735026919,0.57735026919,0.57735026919));
#7920 = ORIENTED_EDGE('',*,*,#7354,.T.);
#7921 = ORIENTED_EDGE('',*,*,#7922,.T.);
#7922 = EDGE_CURVE('',#7347,#7923,#7925,.T.);
#7923 = VERTEX_POINT('',#7924);
#7924 = CARTESIAN_POINT('',(0.16,0.16,8.54));
#7925 = LINE('',#7926,#7927);
#7926 = CARTESIAN_POINT('',(5.333333333333E-02,5.333333333333E-02,
    8.646666666667));
#7927 = VECTOR('',#7928,1.);
#7928 = DIRECTION('',(-0.57735026919,-0.57735026919,0.57735026919));
#7929 = ORIENTED_EDGE('',*,*,#7930,.F.);
#7930 = EDGE_CURVE('',#7914,#7923,#7931,.T.);
#7931 = LINE('',#7932,#7933);
#7932 = CARTESIAN_POINT('',(0.16,-0.32,8.54));
#7933 = VECTOR('',#7934,1.);
#7934 = DIRECTION('',(0.,1.,0.));
#7935 = PLANE('',#7936);
#7936 = AXIS2_PLACEMENT_3D('',#7937,#7938,#7939);
#7937 = CARTESIAN_POINT('',(0.24,-0.32,8.46));
#7938 = DIRECTION('',(0.707106781187,-1.735167508357E-18,0.707106781187)
  );
#7939 = DIRECTION('',(1.226948711654E-18,1.,1.226948711654E-18));
#7940 = ADVANCED_FACE('',(#7941),#7959,.T.);
#7941 = FACE_BOUND('',#7942,.F.);
#7942 = EDGE_LOOP('',(#7943,#7951,#7952,#7953));
#7943 = ORIENTED_EDGE('',*,*,#7944,.F.);
#7944 = EDGE_CURVE('',#7371,#7945,#7947,.T.);
#7945 = VERTEX_POINT('',#7946);
#7946 = CARTESIAN_POINT('',(-0.16,0.16,8.54));
#7947 = LINE('',#7948,#7949);
#7948 = CARTESIAN_POINT('',(-0.16,0.16,8.54));
#7949 = VECTOR('',#7950,1.);
#7950 = DIRECTION('',(0.57735026919,-0.57735026919,0.57735026919));
#7951 = ORIENTED_EDGE('',*,*,#7378,.T.);
#7952 = ORIENTED_EDGE('',*,*,#7922,.T.);
#7953 = ORIENTED_EDGE('',*,*,#7954,.F.);
#7954 = EDGE_CURVE('',#7945,#7923,#7955,.T.);
#7955 = LINE('',#7956,#7957);
#7956 = CARTESIAN_POINT('',(-0.32,0.16,8.54));
#7957 = VECTOR('',#7958,1.);
#7958 = DIRECTION('',(1.,0.,0.));
#7959 = PLANE('',#7960);
#7960 = AXIS2_PLACEMENT_3D('',#7961,#7962,#7963);
#7961 = CARTESIAN_POINT('',(-0.32,0.24,8.46));
#7962 = DIRECTION('',(1.735167508357E-18,0.707106781187,0.707106781187)
  );
#7963 = DIRECTION('',(-1.,1.226948711654E-18,1.226948711654E-18));
#7964 = ADVANCED_FACE('',(#7965),#7983,.F.);
#7965 = FACE_BOUND('',#7966,.F.);
#7966 = EDGE_LOOP('',(#7967,#7975,#7976,#7977));
#7967 = ORIENTED_EDGE('',*,*,#7968,.F.);
#7968 = EDGE_CURVE('',#7393,#7969,#7971,.T.);
#7969 = VERTEX_POINT('',#7970);
#7970 = CARTESIAN_POINT('',(-0.16,-0.16,8.54));
#7971 = LINE('',#7972,#7973);
#7972 = CARTESIAN_POINT('',(-0.266666666667,-0.266666666667,
    8.433333333333));
#7973 = VECTOR('',#7974,1.);
#7974 = DIRECTION('',(0.57735026919,0.57735026919,0.57735026919));
#7975 = ORIENTED_EDGE('',*,*,#7402,.T.);
#7976 = ORIENTED_EDGE('',*,*,#7944,.T.);
#7977 = ORIENTED_EDGE('',*,*,#7978,.F.);
#7978 = EDGE_CURVE('',#7969,#7945,#7979,.T.);
#7979 = LINE('',#7980,#7981);
#7980 = CARTESIAN_POINT('',(-0.16,-0.32,8.54));
#7981 = VECTOR('',#7982,1.);
#7982 = DIRECTION('',(0.,1.,0.));
#7983 = PLANE('',#7984);
#7984 = AXIS2_PLACEMENT_3D('',#7985,#7986,#7987);
#7985 = CARTESIAN_POINT('',(-0.24,-0.32,8.46));
#7986 = DIRECTION('',(0.707106781187,1.735167508357E-18,-0.707106781187)
  );
#7987 = DIRECTION('',(-1.226948711654E-18,1.,1.226948711654E-18));
#7988 = ADVANCED_FACE('',(#7989),#8000,.F.);
#7989 = FACE_BOUND('',#7990,.T.);
#7990 = EDGE_LOOP('',(#7991,#7992,#7993,#7994));
#7991 = ORIENTED_EDGE('',*,*,#7968,.F.);
#7992 = ORIENTED_EDGE('',*,*,#7419,.T.);
#7993 = ORIENTED_EDGE('',*,*,#7913,.T.);
#7994 = ORIENTED_EDGE('',*,*,#7995,.F.);
#7995 = EDGE_CURVE('',#7969,#7914,#7996,.T.);
#7996 = LINE('',#7997,#7998);
#7997 = CARTESIAN_POINT('',(-0.32,-0.16,8.54));
#7998 = VECTOR('',#7999,1.);
#7999 = DIRECTION('',(1.,0.,0.));
#8000 = PLANE('',#8001);
#8001 = AXIS2_PLACEMENT_3D('',#8002,#8003,#8004);
#8002 = CARTESIAN_POINT('',(-0.32,-0.24,8.46));
#8003 = DIRECTION('',(-1.735167508357E-18,0.707106781187,-0.707106781187
    ));
#8004 = DIRECTION('',(-1.,-1.226948711654E-18,1.226948711654E-18));
#8005 = ADVANCED_FACE('',(#8006),#8031,.F.);
#8006 = FACE_BOUND('',#8007,.T.);
#8007 = EDGE_LOOP('',(#8008,#8016,#8017,#8025));
#8008 = ORIENTED_EDGE('',*,*,#8009,.F.);
#8009 = EDGE_CURVE('',#7443,#8010,#8012,.T.);
#8010 = VERTEX_POINT('',#8011);
#8011 = CARTESIAN_POINT('',(-0.16,-2.7,8.54));
#8012 = LINE('',#8013,#8014);
#8013 = CARTESIAN_POINT('',(-0.266666666667,-2.806666666667,
    8.433333333333));
#8014 = VECTOR('',#8015,1.);
#8015 = DIRECTION('',(0.57735026919,0.57735026919,0.57735026919));
#8016 = ORIENTED_EDGE('',*,*,#7450,.T.);
#8017 = ORIENTED_EDGE('',*,*,#8018,.T.);
#8018 = EDGE_CURVE('',#7434,#8019,#8021,.T.);
#8019 = VERTEX_POINT('',#8020);
#8020 = CARTESIAN_POINT('',(0.16,-2.7,8.54));
#8021 = LINE('',#8022,#8023);
#8022 = CARTESIAN_POINT('',(0.16,-2.7,8.54));
#8023 = VECTOR('',#8024,1.);
#8024 = DIRECTION('',(-0.57735026919,0.57735026919,0.57735026919));
#8025 = ORIENTED_EDGE('',*,*,#8026,.F.);
#8026 = EDGE_CURVE('',#8010,#8019,#8027,.T.);
#8027 = LINE('',#8028,#8029);
#8028 = CARTESIAN_POINT('',(-0.32,-2.7,8.54));
#8029 = VECTOR('',#8030,1.);
#8030 = DIRECTION('',(1.,0.,0.));
#8031 = PLANE('',#8032);
#8032 = AXIS2_PLACEMENT_3D('',#8033,#8034,#8035);
#8033 = CARTESIAN_POINT('',(-0.32,-2.78,8.46));
#8034 = DIRECTION('',(-1.735167508357E-18,0.707106781187,-0.707106781187
    ));
#8035 = DIRECTION('',(-1.,-1.226948711654E-18,1.226948711654E-18));
#8036 = ADVANCED_FACE('',(#8037),#8055,.T.);
#8037 = FACE_BOUND('',#8038,.T.);
#8038 = EDGE_LOOP('',(#8039,#8040,#8041,#8049));
#8039 = ORIENTED_EDGE('',*,*,#8018,.F.);
#8040 = ORIENTED_EDGE('',*,*,#7474,.T.);
#8041 = ORIENTED_EDGE('',*,*,#8042,.T.);
#8042 = EDGE_CURVE('',#7467,#8043,#8045,.T.);
#8043 = VERTEX_POINT('',#8044);
#8044 = CARTESIAN_POINT('',(0.16,-2.38,8.54));
#8045 = LINE('',#8046,#8047);
#8046 = CARTESIAN_POINT('',(5.333333333333E-02,-2.486666666667,
    8.646666666667));
#8047 = VECTOR('',#8048,1.);
#8048 = DIRECTION('',(-0.57735026919,-0.57735026919,0.57735026919));
#8049 = ORIENTED_EDGE('',*,*,#8050,.F.);
#8050 = EDGE_CURVE('',#8019,#8043,#8051,.T.);
#8051 = LINE('',#8052,#8053);
#8052 = CARTESIAN_POINT('',(0.16,-2.86,8.54));
#8053 = VECTOR('',#8054,1.);
#8054 = DIRECTION('',(0.,1.,0.));
#8055 = PLANE('',#8056);
#8056 = AXIS2_PLACEMENT_3D('',#8057,#8058,#8059);
#8057 = CARTESIAN_POINT('',(0.24,-2.86,8.46));
#8058 = DIRECTION('',(0.707106781187,-1.735167508357E-18,0.707106781187)
  );
#8059 = DIRECTION('',(1.226948711654E-18,1.,1.226948711654E-18));
#8060 = ADVANCED_FACE('',(#8061),#8079,.T.);
#8061 = FACE_BOUND('',#8062,.F.);
#8062 = EDGE_LOOP('',(#8063,#8071,#8072,#8073));
#8063 = ORIENTED_EDGE('',*,*,#8064,.F.);
#8064 = EDGE_CURVE('',#7491,#8065,#8067,.T.);
#8065 = VERTEX_POINT('',#8066);
#8066 = CARTESIAN_POINT('',(-0.16,-2.38,8.54));
#8067 = LINE('',#8068,#8069);
#8068 = CARTESIAN_POINT('',(-0.16,-2.38,8.54));
#8069 = VECTOR('',#8070,1.);
#8070 = DIRECTION('',(0.57735026919,-0.57735026919,0.57735026919));
#8071 = ORIENTED_EDGE('',*,*,#7498,.T.);
#8072 = ORIENTED_EDGE('',*,*,#8042,.T.);
#8073 = ORIENTED_EDGE('',*,*,#8074,.F.);
#8074 = EDGE_CURVE('',#8065,#8043,#8075,.T.);
#8075 = LINE('',#8076,#8077);
#8076 = CARTESIAN_POINT('',(-0.32,-2.38,8.54));
#8077 = VECTOR('',#8078,1.);
#8078 = DIRECTION('',(1.,0.,0.));
#8079 = PLANE('',#8080);
#8080 = AXIS2_PLACEMENT_3D('',#8081,#8082,#8083);
#8081 = CARTESIAN_POINT('',(-0.32,-2.3,8.46));
#8082 = DIRECTION('',(1.735167508357E-18,0.707106781187,0.707106781187)
  );
#8083 = DIRECTION('',(-1.,1.226948711654E-18,1.226948711654E-18));
#8084 = ADVANCED_FACE('',(#8085),#8096,.F.);
#8085 = FACE_BOUND('',#8086,.F.);
#8086 = EDGE_LOOP('',(#8087,#8088,#8089,#8090));
#8087 = ORIENTED_EDGE('',*,*,#8009,.F.);
#8088 = ORIENTED_EDGE('',*,*,#7515,.T.);
#8089 = ORIENTED_EDGE('',*,*,#8064,.T.);
#8090 = ORIENTED_EDGE('',*,*,#8091,.F.);
#8091 = EDGE_CURVE('',#8010,#8065,#8092,.T.);
#8092 = LINE('',#8093,#8094);
#8093 = CARTESIAN_POINT('',(-0.16,-2.86,8.54));
#8094 = VECTOR('',#8095,1.);
#8095 = DIRECTION('',(0.,1.,0.));
#8096 = PLANE('',#8097);
#8097 = AXIS2_PLACEMENT_3D('',#8098,#8099,#8100);
#8098 = CARTESIAN_POINT('',(-0.24,-2.86,8.46));
#8099 = DIRECTION('',(0.707106781187,1.735167508357E-18,-0.707106781187)
  );
#8100 = DIRECTION('',(-1.226948711654E-18,1.,1.226948711654E-18));
#8101 = ADVANCED_FACE('',(#8102),#8127,.T.);
#8102 = FACE_BOUND('',#8103,.F.);
#8103 = EDGE_LOOP('',(#8104,#8112,#8113,#8121));
#8104 = ORIENTED_EDGE('',*,*,#8105,.F.);
#8105 = EDGE_CURVE('',#7539,#8106,#8108,.T.);
#8106 = VERTEX_POINT('',#8107);
#8107 = CARTESIAN_POINT('',(-0.16,-4.92,8.54));
#8108 = LINE('',#8109,#8110);
#8109 = CARTESIAN_POINT('',(-0.16,-4.92,8.54));
#8110 = VECTOR('',#8111,1.);
#8111 = DIRECTION('',(0.57735026919,-0.57735026919,0.57735026919));
#8112 = ORIENTED_EDGE('',*,*,#7546,.T.);
#8113 = ORIENTED_EDGE('',*,*,#8114,.T.);
#8114 = EDGE_CURVE('',#7530,#8115,#8117,.T.);
#8115 = VERTEX_POINT('',#8116);
#8116 = CARTESIAN_POINT('',(0.16,-4.92,8.54));
#8117 = LINE('',#8118,#8119);
#8118 = CARTESIAN_POINT('',(5.333333333333E-02,-5.026666666667,
    8.646666666667));
#8119 = VECTOR('',#8120,1.);
#8120 = DIRECTION('',(-0.57735026919,-0.57735026919,0.57735026919));
#8121 = ORIENTED_EDGE('',*,*,#8122,.F.);
#8122 = EDGE_CURVE('',#8106,#8115,#8123,.T.);
#8123 = LINE('',#8124,#8125);
#8124 = CARTESIAN_POINT('',(-0.32,-4.92,8.54));
#8125 = VECTOR('',#8126,1.);
#8126 = DIRECTION('',(1.,0.,0.));
#8127 = PLANE('',#8128);
#8128 = AXIS2_PLACEMENT_3D('',#8129,#8130,#8131);
#8129 = CARTESIAN_POINT('',(-0.32,-4.84,8.46));
#8130 = DIRECTION('',(1.735167508357E-18,0.707106781187,0.707106781187)
  );
#8131 = DIRECTION('',(-1.,1.226948711654E-18,1.226948711654E-18));
#8132 = ADVANCED_FACE('',(#8133),#8151,.F.);
#8133 = FACE_BOUND('',#8134,.F.);
#8134 = EDGE_LOOP('',(#8135,#8143,#8144,#8145));
#8135 = ORIENTED_EDGE('',*,*,#8136,.F.);
#8136 = EDGE_CURVE('',#7561,#8137,#8139,.T.);
#8137 = VERTEX_POINT('',#8138);
#8138 = CARTESIAN_POINT('',(-0.16,-5.24,8.54));
#8139 = LINE('',#8140,#8141);
#8140 = CARTESIAN_POINT('',(-0.266666666667,-5.346666666667,
    8.433333333333));
#8141 = VECTOR('',#8142,1.);
#8142 = DIRECTION('',(0.57735026919,0.57735026919,0.57735026919));
#8143 = ORIENTED_EDGE('',*,*,#7570,.T.);
#8144 = ORIENTED_EDGE('',*,*,#8105,.T.);
#8145 = ORIENTED_EDGE('',*,*,#8146,.F.);
#8146 = EDGE_CURVE('',#8137,#8106,#8147,.T.);
#8147 = LINE('',#8148,#8149);
#8148 = CARTESIAN_POINT('',(-0.16,-5.4,8.54));
#8149 = VECTOR('',#8150,1.);
#8150 = DIRECTION('',(0.,1.,0.));
#8151 = PLANE('',#8152);
#8152 = AXIS2_PLACEMENT_3D('',#8153,#8154,#8155);
#8153 = CARTESIAN_POINT('',(-0.24,-5.4,8.46));
#8154 = DIRECTION('',(0.707106781187,1.735167508357E-18,-0.707106781187)
  );
#8155 = DIRECTION('',(-1.226948711654E-18,1.,1.226948711654E-18));
#8156 = ADVANCED_FACE('',(#8157),#8175,.F.);
#8157 = FACE_BOUND('',#8158,.T.);
#8158 = EDGE_LOOP('',(#8159,#8160,#8161,#8169));
#8159 = ORIENTED_EDGE('',*,*,#8136,.F.);
#8160 = ORIENTED_EDGE('',*,*,#7594,.T.);
#8161 = ORIENTED_EDGE('',*,*,#8162,.T.);
#8162 = EDGE_CURVE('',#7585,#8163,#8165,.T.);
#8163 = VERTEX_POINT('',#8164);
#8164 = CARTESIAN_POINT('',(0.16,-5.24,8.54));
#8165 = LINE('',#8166,#8167);
#8166 = CARTESIAN_POINT('',(0.16,-5.24,8.54));
#8167 = VECTOR('',#8168,1.);
#8168 = DIRECTION('',(-0.57735026919,0.57735026919,0.57735026919));
#8169 = ORIENTED_EDGE('',*,*,#8170,.F.);
#8170 = EDGE_CURVE('',#8137,#8163,#8171,.T.);
#8171 = LINE('',#8172,#8173);
#8172 = CARTESIAN_POINT('',(-0.32,-5.24,8.54));
#8173 = VECTOR('',#8174,1.);
#8174 = DIRECTION('',(1.,0.,0.));
#8175 = PLANE('',#8176);
#8176 = AXIS2_PLACEMENT_3D('',#8177,#8178,#8179);
#8177 = CARTESIAN_POINT('',(-0.32,-5.32,8.46));
#8178 = DIRECTION('',(-1.735167508357E-18,0.707106781187,-0.707106781187
    ));
#8179 = DIRECTION('',(-1.,-1.226948711654E-18,1.226948711654E-18));
#8180 = ADVANCED_FACE('',(#8181),#8192,.T.);
#8181 = FACE_BOUND('',#8182,.T.);
#8182 = EDGE_LOOP('',(#8183,#8184,#8185,#8186));
#8183 = ORIENTED_EDGE('',*,*,#8162,.F.);
#8184 = ORIENTED_EDGE('',*,*,#7611,.T.);
#8185 = ORIENTED_EDGE('',*,*,#8114,.T.);
#8186 = ORIENTED_EDGE('',*,*,#8187,.F.);
#8187 = EDGE_CURVE('',#8163,#8115,#8188,.T.);
#8188 = LINE('',#8189,#8190);
#8189 = CARTESIAN_POINT('',(0.16,-5.4,8.54));
#8190 = VECTOR('',#8191,1.);
#8191 = DIRECTION('',(0.,1.,0.));
#8192 = PLANE('',#8193);
#8193 = AXIS2_PLACEMENT_3D('',#8194,#8195,#8196);
#8194 = CARTESIAN_POINT('',(0.24,-5.4,8.46));
#8195 = DIRECTION('',(0.707106781187,-1.735167508357E-18,0.707106781187)
  );
#8196 = DIRECTION('',(1.226948711654E-18,1.,1.226948711654E-18));
#8197 = ADVANCED_FACE('',(#8198),#8204,.F.);
#8198 = FACE_BOUND('',#8199,.F.);
#8199 = EDGE_LOOP('',(#8200,#8201,#8202,#8203));
#8200 = ORIENTED_EDGE('',*,*,#7666,.F.);
#8201 = ORIENTED_EDGE('',*,*,#7690,.F.);
#8202 = ORIENTED_EDGE('',*,*,#7707,.T.);
#8203 = ORIENTED_EDGE('',*,*,#7642,.T.);
#8204 = PLANE('',#8205);
#8205 = AXIS2_PLACEMENT_3D('',#8206,#8207,#8208);
#8206 = CARTESIAN_POINT('',(-0.32,-0.32,-3.));
#8207 = DIRECTION('',(0.,0.,1.));
#8208 = DIRECTION('',(1.,0.,-0.));
#8209 = ADVANCED_FACE('',(#8210),#8216,.F.);
#8210 = FACE_BOUND('',#8211,.F.);
#8211 = EDGE_LOOP('',(#8212,#8213,#8214,#8215));
#8212 = ORIENTED_EDGE('',*,*,#7786,.F.);
#8213 = ORIENTED_EDGE('',*,*,#7803,.F.);
#8214 = ORIENTED_EDGE('',*,*,#7738,.T.);
#8215 = ORIENTED_EDGE('',*,*,#7762,.T.);
#8216 = PLANE('',#8217);
#8217 = AXIS2_PLACEMENT_3D('',#8218,#8219,#8220);
#8218 = CARTESIAN_POINT('',(-0.32,-2.86,-3.));
#8219 = DIRECTION('',(0.,0.,1.));
#8220 = DIRECTION('',(1.,0.,-0.));
#8221 = ADVANCED_FACE('',(#8222),#8228,.F.);
#8222 = FACE_BOUND('',#8223,.F.);
#8223 = EDGE_LOOP('',(#8224,#8225,#8226,#8227));
#8224 = ORIENTED_EDGE('',*,*,#7834,.F.);
#8225 = ORIENTED_EDGE('',*,*,#7858,.F.);
#8226 = ORIENTED_EDGE('',*,*,#7882,.T.);
#8227 = ORIENTED_EDGE('',*,*,#7899,.T.);
#8228 = PLANE('',#8229);
#8229 = AXIS2_PLACEMENT_3D('',#8230,#8231,#8232);
#8230 = CARTESIAN_POINT('',(-0.32,-5.4,-3.));
#8231 = DIRECTION('',(0.,0.,1.));
#8232 = DIRECTION('',(1.,0.,-0.));
#8233 = ADVANCED_FACE('',(#8234),#8240,.T.);
#8234 = FACE_BOUND('',#8235,.T.);
#8235 = EDGE_LOOP('',(#8236,#8237,#8238,#8239));
#8236 = ORIENTED_EDGE('',*,*,#7995,.T.);
#8237 = ORIENTED_EDGE('',*,*,#7930,.T.);
#8238 = ORIENTED_EDGE('',*,*,#7954,.F.);
#8239 = ORIENTED_EDGE('',*,*,#7978,.F.);
#8240 = PLANE('',#8241);
#8241 = AXIS2_PLACEMENT_3D('',#8242,#8243,#8244);
#8242 = CARTESIAN_POINT('',(-0.32,-0.32,8.54));
#8243 = DIRECTION('',(0.,0.,1.));
#8244 = DIRECTION('',(1.,0.,-0.));
#8245 = ADVANCED_FACE('',(#8246),#8252,.T.);
#8246 = FACE_BOUND('',#8247,.T.);
#8247 = EDGE_LOOP('',(#8248,#8249,#8250,#8251));
#8248 = ORIENTED_EDGE('',*,*,#8026,.T.);
#8249 = ORIENTED_EDGE('',*,*,#8050,.T.);
#8250 = ORIENTED_EDGE('',*,*,#8074,.F.);
#8251 = ORIENTED_EDGE('',*,*,#8091,.F.);
#8252 = PLANE('',#8253);
#8253 = AXIS2_PLACEMENT_3D('',#8254,#8255,#8256);
#8254 = CARTESIAN_POINT('',(-0.32,-2.86,8.54));
#8255 = DIRECTION('',(0.,0.,1.));
#8256 = DIRECTION('',(1.,0.,-0.));
#8257 = ADVANCED_FACE('',(#8258),#8264,.T.);
#8258 = FACE_BOUND('',#8259,.T.);
#8259 = EDGE_LOOP('',(#8260,#8261,#8262,#8263));
#8260 = ORIENTED_EDGE('',*,*,#8170,.T.);
#8261 = ORIENTED_EDGE('',*,*,#8187,.T.);
#8262 = ORIENTED_EDGE('',*,*,#8122,.F.);
#8263 = ORIENTED_EDGE('',*,*,#8146,.F.);
#8264 = PLANE('',#8265);
#8265 = AXIS2_PLACEMENT_3D('',#8266,#8267,#8268);
#8266 = CARTESIAN_POINT('',(-0.32,-5.4,8.54));
#8267 = DIRECTION('',(0.,0.,1.));
#8268 = DIRECTION('',(1.,0.,-0.));
#8269 = ( GEOMETRIC_REPRESENTATION_CONTEXT(3) 
GLOBAL_UNCERTAINTY_ASSIGNED_CONTEXT((#8273)) 
GLOBAL_UNIT_ASSIGNED_CONTEXT((#8270,#8271,#8272)) REPRESENTATION_CONTEXT
('Context #1','3D Context with UNIT and UNCERTAINTY') );
#8270 = ( LENGTH_UNIT() NAMED_UNIT(*) SI_UNIT(.MILLI.,.METRE.) );
#8271 = ( NAMED_UNIT(*) PLANE_ANGLE_UNIT() SI_UNIT($,.RADIAN.) );
#8272 = ( NAMED_UNIT(*) SI_UNIT($,.STERADIAN.) SOLID_ANGLE_UNIT() );
#8273 = UNCERTAINTY_MEASURE_WITH_UNIT(LENGTH_MEASURE(1.E-07),#8270,
  'distance_accuracy_value','confusion accuracy');
#8274 = CONTEXT_DEPENDENT_SHAPE_REPRESENTATION(#8275,#8277);
#8275 = ( REPRESENTATION_RELATIONSHIP('','',#6162,#6139) 
REPRESENTATION_RELATIONSHIP_WITH_TRANSFORMATION(#8276) 
SHAPE_REPRESENTATION_RELATIONSHIP() );
#8276 = ITEM_DEFINED_TRANSFORMATION('','',#11,#6140);
#8277 = PRODUCT_DEFINITION_SHAPE('Placement','Placement of an item',
  #8278);
#8278 = NEXT_ASSEMBLY_USAGE_OCCURRENCE('5','=>[0:1:1:7]','',#6134,#6157,
  $);
#8279 = PRODUCT_RELATED_PRODUCT_CATEGORY('part',$,(#6159));
#8280 = CONTEXT_DEPENDENT_SHAPE_REPRESENTATION(#8281,#8283);
#8281 = ( REPRESENTATION_RELATIONSHIP('','',#6139,#10) 
REPRESENTATION_RELATIONSHIP_WITH_TRANSFORMATION(#8282) 
SHAPE_REPRESENTATION_RELATIONSHIP() );
#8282 = ITEM_DEFINED_TRANSFORMATION('','',#11,#27);
#8283 = PRODUCT_DEFINITION_SHAPE('Placement','Placement of an item',
  #8284);
#8284 = NEXT_ASSEMBLY_USAGE_OCCURRENCE('7','P1','',#5,#6134,$);
#8285 = SHAPE_DEFINITION_REPRESENTATION(#8286,#8292);
#8286 = PRODUCT_DEFINITION_SHAPE('','',#8287);
#8287 = PRODUCT_DEFINITION('design','',#8288,#8291);
#8288 = PRODUCT_DEFINITION_FORMATION('','',#8289);
#8289 = PRODUCT('pH_silkscreen','pH_silkscreen','',(#8290));
#8290 = PRODUCT_CONTEXT('',#2,'mechanical');
#8291 = PRODUCT_DEFINITION_CONTEXT('part definition',#2,'design');
#8292 = SHAPE_REPRESENTATION('',(#11,#8293,#8387,#8455,#8572,#8674,#8914
    ),#9040);
#8293 = SHELL_BASED_SURFACE_MODEL('',(#8294));
#8294 = OPEN_SHELL('',(#8295));
#8295 = ADVANCED_FACE('',(#8296),#8382,.T.);
#8296 = FACE_BOUND('',#8297,.F.);
#8297 = EDGE_LOOP('',(#8298,#8309,#8317,#8326,#8334,#8342,#8350,#8359,
    #8367,#8376));
#8298 = ORIENTED_EDGE('',*,*,#8299,.T.);
#8299 = EDGE_CURVE('',#8300,#8302,#8304,.T.);
#8300 = VERTEX_POINT('',#8301);
#8301 = CARTESIAN_POINT('',(2.755,-6.265,1.585));
#8302 = VERTEX_POINT('',#8303);
#8303 = CARTESIAN_POINT('',(2.815,-6.205,1.585));
#8304 = CIRCLE('',#8305,5.99993201626E-02);
#8305 = AXIS2_PLACEMENT_3D('',#8306,#8307,#8308);
#8306 = CARTESIAN_POINT('',(2.814999320159,-6.264999320159,1.585));
#8307 = DIRECTION('',(0.,0.,-1.));
#8308 = DIRECTION('',(-0.999999999936,-1.133081591418E-05,-0.));
#8309 = ORIENTED_EDGE('',*,*,#8310,.T.);
#8310 = EDGE_CURVE('',#8302,#8311,#8313,.T.);
#8311 = VERTEX_POINT('',#8312);
#8312 = CARTESIAN_POINT('',(5.1,-6.205,1.585));
#8313 = LINE('',#8314,#8315);
#8314 = CARTESIAN_POINT('',(2.815,-6.205,1.585));
#8315 = VECTOR('',#8316,1.);
#8316 = DIRECTION('',(1.,0.,0.));
#8317 = ORIENTED_EDGE('',*,*,#8318,.T.);
#8318 = EDGE_CURVE('',#8311,#8319,#8321,.T.);
#8319 = VERTEX_POINT('',#8320);
#8320 = CARTESIAN_POINT('',(5.1,-6.325,1.585));
#8321 = CIRCLE('',#8322,6.000000000042E-02);
#8322 = AXIS2_PLACEMENT_3D('',#8323,#8324,#8325);
#8323 = CARTESIAN_POINT('',(5.100000225588,-6.265,1.585));
#8324 = DIRECTION('',(0.,0.,-1.));
#8325 = DIRECTION('',(-3.759794120457E-06,0.999999999993,-0.));
#8326 = ORIENTED_EDGE('',*,*,#8327,.T.);
#8327 = EDGE_CURVE('',#8319,#8328,#8330,.T.);
#8328 = VERTEX_POINT('',#8329);
#8329 = CARTESIAN_POINT('',(2.875,-6.325,1.585));
#8330 = LINE('',#8331,#8332);
#8331 = CARTESIAN_POINT('',(5.1,-6.325,1.585));
#8332 = VECTOR('',#8333,1.);
#8333 = DIRECTION('',(-1.,0.,0.));
#8334 = ORIENTED_EDGE('',*,*,#8335,.T.);
#8335 = EDGE_CURVE('',#8328,#8336,#8338,.T.);
#8336 = VERTEX_POINT('',#8337);
#8337 = CARTESIAN_POINT('',(2.875,-7.675,1.585));
#8338 = LINE('',#8339,#8340);
#8339 = CARTESIAN_POINT('',(2.875,-6.325,1.585));
#8340 = VECTOR('',#8341,1.);
#8341 = DIRECTION('',(0.,-1.,0.));
#8342 = ORIENTED_EDGE('',*,*,#8343,.T.);
#8343 = EDGE_CURVE('',#8336,#8344,#8346,.T.);
#8344 = VERTEX_POINT('',#8345);
#8345 = CARTESIAN_POINT('',(5.1,-7.675,1.585));
#8346 = LINE('',#8347,#8348);
#8347 = CARTESIAN_POINT('',(2.875,-7.675,1.585));
#8348 = VECTOR('',#8349,1.);
#8349 = DIRECTION('',(1.,0.,0.));
#8350 = ORIENTED_EDGE('',*,*,#8351,.T.);
#8351 = EDGE_CURVE('',#8344,#8352,#8354,.T.);
#8352 = VERTEX_POINT('',#8353);
#8353 = CARTESIAN_POINT('',(5.1,-7.795,1.585));
#8354 = CIRCLE('',#8355,6.000000000042E-02);
#8355 = AXIS2_PLACEMENT_3D('',#8356,#8357,#8358);
#8356 = CARTESIAN_POINT('',(5.100000225588,-7.735,1.585));
#8357 = DIRECTION('',(0.,0.,-1.));
#8358 = DIRECTION('',(-3.759794120457E-06,0.999999999993,-0.));
#8359 = ORIENTED_EDGE('',*,*,#8360,.T.);
#8360 = EDGE_CURVE('',#8352,#8361,#8363,.T.);
#8361 = VERTEX_POINT('',#8362);
#8362 = CARTESIAN_POINT('',(2.815,-7.795,1.585));
#8363 = LINE('',#8364,#8365);
#8364 = CARTESIAN_POINT('',(5.1,-7.795,1.585));
#8365 = VECTOR('',#8366,1.);
#8366 = DIRECTION('',(-1.,0.,0.));
#8367 = ORIENTED_EDGE('',*,*,#8368,.T.);
#8368 = EDGE_CURVE('',#8361,#8369,#8371,.T.);
#8369 = VERTEX_POINT('',#8370);
#8370 = CARTESIAN_POINT('',(2.755,-7.735,1.585));
#8371 = CIRCLE('',#8372,5.99993201626E-02);
#8372 = AXIS2_PLACEMENT_3D('',#8373,#8374,#8375);
#8373 = CARTESIAN_POINT('',(2.814999320159,-7.735000679841,1.585));
#8374 = DIRECTION('',(0.,0.,-1.));
#8375 = DIRECTION('',(1.133081593638E-05,-0.999999999936,0.));
#8376 = ORIENTED_EDGE('',*,*,#8377,.T.);
#8377 = EDGE_CURVE('',#8369,#8300,#8378,.T.);
#8378 = LINE('',#8379,#8380);
#8379 = CARTESIAN_POINT('',(2.755,-7.735,1.585));
#8380 = VECTOR('',#8381,1.);
#8381 = DIRECTION('',(0.,1.,0.));
#8382 = PLANE('',#8383);
#8383 = AXIS2_PLACEMENT_3D('',#8384,#8385,#8386);
#8384 = CARTESIAN_POINT('',(0.,0.,1.585));
#8385 = DIRECTION('',(0.,0.,1.));
#8386 = DIRECTION('',(1.,0.,-0.));
#8387 = SHELL_BASED_SURFACE_MODEL('',(#8388));
#8388 = OPEN_SHELL('',(#8389));
#8389 = ADVANCED_FACE('',(#8390),#8450,.T.);
#8390 = FACE_BOUND('',#8391,.F.);
#8391 = EDGE_LOOP('',(#8392,#8403,#8411,#8419,#8427,#8435,#8444));
#8392 = ORIENTED_EDGE('',*,*,#8393,.T.);
#8393 = EDGE_CURVE('',#8394,#8396,#8398,.T.);
#8394 = VERTEX_POINT('',#8395);
#8395 = CARTESIAN_POINT('',(-2.86,-4.96,1.585));
#8396 = VERTEX_POINT('',#8397);
#8397 = CARTESIAN_POINT('',(-2.76471,-4.911476,1.585));
#8398 = CIRCLE('',#8399,5.999960095073E-02);
#8399 = AXIS2_PLACEMENT_3D('',#8400,#8401,#8402);
#8400 = CARTESIAN_POINT('',(-2.800000399051,-4.959999600949,1.585));
#8401 = DIRECTION('',(0.,0.,-1.));
#8402 = DIRECTION('',(-0.999999999978,-6.650887443362E-06,-0.));
#8403 = ORIENTED_EDGE('',*,*,#8404,.T.);
#8404 = EDGE_CURVE('',#8396,#8405,#8407,.T.);
#8405 = VERTEX_POINT('',#8406);
#8406 = CARTESIAN_POINT('',(-2.43471,-5.151476,1.585));
#8407 = LINE('',#8408,#8409);
#8408 = CARTESIAN_POINT('',(-2.76471,-4.911476,1.585));
#8409 = VECTOR('',#8410,1.);
#8410 = DIRECTION('',(0.808736084303,-0.588171697675,0.));
#8411 = ORIENTED_EDGE('',*,*,#8412,.T.);
#8412 = EDGE_CURVE('',#8405,#8413,#8415,.T.);
#8413 = VERTEX_POINT('',#8414);
#8414 = CARTESIAN_POINT('',(-2.410734,-5.190642,1.585));
#8415 = LINE('',#8416,#8417);
#8416 = CARTESIAN_POINT('',(-2.43471,-5.151476,1.585));
#8417 = VECTOR('',#8418,1.);
#8418 = DIRECTION('',(0.522103432673,-0.852882175679,0.));
#8419 = ORIENTED_EDGE('',*,*,#8420,.T.);
#8420 = EDGE_CURVE('',#8413,#8421,#8423,.T.);
#8421 = VERTEX_POINT('',#8422);
#8422 = CARTESIAN_POINT('',(-2.421476,-5.23529,1.585));
#8423 = LINE('',#8424,#8425);
#8424 = CARTESIAN_POINT('',(-2.410734,-5.190642,1.585));
#8425 = VECTOR('',#8426,1.);
#8426 = DIRECTION('',(-0.233918140202,-0.972256295266,0.));
#8427 = ORIENTED_EDGE('',*,*,#8428,.T.);
#8428 = EDGE_CURVE('',#8421,#8429,#8431,.T.);
#8429 = VERTEX_POINT('',#8430);
#8430 = CARTESIAN_POINT('',(-2.76471,-5.488524,1.585));
#8431 = LINE('',#8432,#8433);
#8432 = CARTESIAN_POINT('',(-2.421476,-5.23529,1.585));
#8433 = VECTOR('',#8434,1.);
#8434 = DIRECTION('',(-0.804692108267,-0.593692353743,0.));
#8435 = ORIENTED_EDGE('',*,*,#8436,.T.);
#8436 = EDGE_CURVE('',#8429,#8437,#8439,.T.);
#8437 = VERTEX_POINT('',#8438);
#8438 = CARTESIAN_POINT('',(-2.86,-5.44,1.585));
#8439 = CIRCLE('',#8440,5.999941814203E-02);
#8440 = AXIS2_PLACEMENT_3D('',#8441,#8442,#8443);
#8441 = CARTESIAN_POINT('',(-2.800000581863,-5.440000758052,1.585));
#8442 = DIRECTION('',(-0.,0.,-1.));
#8443 = DIRECTION('',(0.588182068353,-0.80872854189,-0.));
#8444 = ORIENTED_EDGE('',*,*,#8445,.T.);
#8445 = EDGE_CURVE('',#8437,#8394,#8446,.T.);
#8446 = LINE('',#8447,#8448);
#8447 = CARTESIAN_POINT('',(-2.86,-5.44,1.585));
#8448 = VECTOR('',#8449,1.);
#8449 = DIRECTION('',(0.,1.,0.));
#8450 = PLANE('',#8451);
#8451 = AXIS2_PLACEMENT_3D('',#8452,#8453,#8454);
#8452 = CARTESIAN_POINT('',(0.,0.,1.585));
#8453 = DIRECTION('',(0.,0.,1.));
#8454 = DIRECTION('',(1.,0.,-0.));
#8455 = SHELL_BASED_SURFACE_MODEL('',(#8456));
#8456 = OPEN_SHELL('',(#8457));
#8457 = ADVANCED_FACE('',(#8458),#8567,.T.);
#8458 = FACE_BOUND('',#8459,.F.);
#8459 = EDGE_LOOP('',(#8460,#8471,#8479,#8487,#8495,#8503,#8511,#8519,
    #8528,#8536,#8545,#8553,#8561));
#8460 = ORIENTED_EDGE('',*,*,#8461,.T.);
#8461 = EDGE_CURVE('',#8462,#8464,#8466,.T.);
#8462 = VERTEX_POINT('',#8463);
#8463 = CARTESIAN_POINT('',(-2.582961,-0.484567,1.585));
#8464 = VERTEX_POINT('',#8465);
#8465 = CARTESIAN_POINT('',(-2.442039,-0.484567,1.585));
#8466 = CIRCLE('',#8467,0.302565024872);
#8467 = AXIS2_PLACEMENT_3D('',#8468,#8469,#8470);
#8468 = CARTESIAN_POINT('',(-2.5125,-0.778813226407,1.585));
#8469 = DIRECTION('',(0.,0.,-1.));
#8470 = DIRECTION('',(-0.232878866385,0.972505749901,0.));
#8471 = ORIENTED_EDGE('',*,*,#8472,.T.);
#8472 = EDGE_CURVE('',#8464,#8473,#8475,.T.);
#8473 = VERTEX_POINT('',#8474);
#8474 = CARTESIAN_POINT('',(-2.409567,-0.517039,1.585));
#8475 = LINE('',#8476,#8477);
#8476 = CARTESIAN_POINT('',(-2.442039,-0.484567,1.585));
#8477 = VECTOR('',#8478,1.);
#8478 = DIRECTION('',(0.707106781187,-0.707106781187,0.));
#8479 = ORIENTED_EDGE('',*,*,#8480,.T.);
#8480 = EDGE_CURVE('',#8473,#8481,#8483,.T.);
#8481 = VERTEX_POINT('',#8482);
#8482 = CARTESIAN_POINT('',(-2.409567,-0.562961,1.585));
#8483 = LINE('',#8484,#8485);
#8484 = CARTESIAN_POINT('',(-2.409567,-0.517039,1.585));
#8485 = VECTOR('',#8486,1.);
#8486 = DIRECTION('',(0.,-1.,0.));
#8487 = ORIENTED_EDGE('',*,*,#8488,.T.);
#8488 = EDGE_CURVE('',#8481,#8489,#8491,.T.);
#8489 = VERTEX_POINT('',#8490);
#8490 = CARTESIAN_POINT('',(-2.442039,-0.595433,1.585));
#8491 = LINE('',#8492,#8493);
#8492 = CARTESIAN_POINT('',(-2.409567,-0.562961,1.585));
#8493 = VECTOR('',#8494,1.);
#8494 = DIRECTION('',(-0.707106781187,-0.707106781187,0.));
#8495 = ORIENTED_EDGE('',*,*,#8496,.T.);
#8496 = EDGE_CURVE('',#8489,#8497,#8499,.T.);
#8497 = VERTEX_POINT('',#8498);
#8498 = CARTESIAN_POINT('',(-2.5,-0.6,1.585));
#8499 = LINE('',#8500,#8501);
#8500 = CARTESIAN_POINT('',(-2.442039,-0.595433,1.585));
#8501 = VECTOR('',#8502,1.);
#8502 = DIRECTION('',(-0.99691010469,-7.855089539721E-02,0.));
#8503 = ORIENTED_EDGE('',*,*,#8504,.T.);
#8504 = EDGE_CURVE('',#8497,#8505,#8507,.T.);
#8505 = VERTEX_POINT('',#8506);
#8506 = CARTESIAN_POINT('',(-2.5,-4.6,1.585));
#8507 = LINE('',#8508,#8509);
#8508 = CARTESIAN_POINT('',(-2.5,-0.6,1.585));
#8509 = VECTOR('',#8510,1.);
#8510 = DIRECTION('',(0.,-1.,0.));
#8511 = ORIENTED_EDGE('',*,*,#8512,.T.);
#8512 = EDGE_CURVE('',#8505,#8513,#8515,.T.);
#8513 = VERTEX_POINT('',#8514);
#8514 = CARTESIAN_POINT('',(-2.442039,-4.604567,1.585));
#8515 = LINE('',#8516,#8517);
#8516 = CARTESIAN_POINT('',(-2.5,-4.6,1.585));
#8517 = VECTOR('',#8518,1.);
#8518 = DIRECTION('',(0.99691010469,-7.855089539722E-02,0.));
#8519 = ORIENTED_EDGE('',*,*,#8520,.T.);
#8520 = EDGE_CURVE('',#8513,#8521,#8523,.T.);
#8521 = VERTEX_POINT('',#8522);
#8522 = CARTESIAN_POINT('',(-2.465,-4.72,1.585));
#8523 = CIRCLE('',#8524,6.000007318647E-02);
#8524 = AXIS2_PLACEMENT_3D('',#8525,#8526,#8527);
#8525 = CARTESIAN_POINT('',(-2.464999823314,-4.659999926814,1.585));
#8526 = DIRECTION('',(0.,0.,-1.));
#8527 = DIRECTION('',(0.382679921777,0.923880986637,0.));
#8528 = ORIENTED_EDGE('',*,*,#8529,.T.);
#8529 = EDGE_CURVE('',#8521,#8530,#8532,.T.);
#8530 = VERTEX_POINT('',#8531);
#8531 = CARTESIAN_POINT('',(-2.56,-4.72,1.585));
#8532 = LINE('',#8533,#8534);
#8533 = CARTESIAN_POINT('',(-2.465,-4.72,1.585));
#8534 = VECTOR('',#8535,1.);
#8535 = DIRECTION('',(-1.,0.,0.));
#8536 = ORIENTED_EDGE('',*,*,#8537,.T.);
#8537 = EDGE_CURVE('',#8530,#8538,#8540,.T.);
#8538 = VERTEX_POINT('',#8539);
#8539 = CARTESIAN_POINT('',(-2.62,-4.66,1.585));
#8540 = CIRCLE('',#8541,5.99993201626E-02);
#8541 = AXIS2_PLACEMENT_3D('',#8542,#8543,#8544);
#8542 = CARTESIAN_POINT('',(-2.560000679841,-4.660000679841,1.585));
#8543 = DIRECTION('',(0.,0.,-1.));
#8544 = DIRECTION('',(1.133081593639E-05,-0.999999999936,0.));
#8545 = ORIENTED_EDGE('',*,*,#8546,.T.);
#8546 = EDGE_CURVE('',#8538,#8547,#8549,.T.);
#8547 = VERTEX_POINT('',#8548);
#8548 = CARTESIAN_POINT('',(-2.62,-0.54,1.585));
#8549 = LINE('',#8550,#8551);
#8550 = CARTESIAN_POINT('',(-2.62,-4.66,1.585));
#8551 = VECTOR('',#8552,1.);
#8552 = DIRECTION('',(0.,1.,0.));
#8553 = ORIENTED_EDGE('',*,*,#8554,.T.);
#8554 = EDGE_CURVE('',#8547,#8555,#8557,.T.);
#8555 = VERTEX_POINT('',#8556);
#8556 = CARTESIAN_POINT('',(-2.615433,-0.517039,1.585));
#8557 = LINE('',#8558,#8559);
#8558 = CARTESIAN_POINT('',(-2.62,-0.54,1.585));
#8559 = VECTOR('',#8560,1.);
#8560 = DIRECTION('',(0.195081000118,0.980787134598,0.));
#8561 = ORIENTED_EDGE('',*,*,#8562,.T.);
#8562 = EDGE_CURVE('',#8555,#8462,#8563,.T.);
#8563 = LINE('',#8564,#8565);
#8564 = CARTESIAN_POINT('',(-2.615433,-0.517039,1.585));
#8565 = VECTOR('',#8566,1.);
#8566 = DIRECTION('',(0.707106781187,0.707106781187,0.));
#8567 = PLANE('',#8568);
#8568 = AXIS2_PLACEMENT_3D('',#8569,#8570,#8571);
#8569 = CARTESIAN_POINT('',(0.,0.,1.585));
#8570 = DIRECTION('',(0.,0.,1.));
#8571 = DIRECTION('',(1.,0.,-0.));
#8572 = SHELL_BASED_SURFACE_MODEL('',(#8573));
#8573 = OPEN_SHELL('',(#8574));
#8574 = ADVANCED_FACE('',(#8575),#8669,.T.);
#8575 = FACE_BOUND('',#8576,.F.);
#8576 = EDGE_LOOP('',(#8577,#8588,#8596,#8604,#8612,#8621,#8629,#8638,
    #8646,#8654,#8662));
#8577 = ORIENTED_EDGE('',*,*,#8578,.T.);
#8578 = EDGE_CURVE('',#8579,#8581,#8583,.T.);
#8579 = VERTEX_POINT('',#8580);
#8580 = CARTESIAN_POINT('',(2.442039,-0.484567,1.585));
#8581 = VERTEX_POINT('',#8582);
#8582 = CARTESIAN_POINT('',(2.582961,-0.484567,1.585));
#8583 = CIRCLE('',#8584,0.302565024872);
#8584 = AXIS2_PLACEMENT_3D('',#8585,#8586,#8587);
#8585 = CARTESIAN_POINT('',(2.5125,-0.778813226407,1.585));
#8586 = DIRECTION('',(0.,0.,-1.));
#8587 = DIRECTION('',(-0.232878866385,0.972505749901,0.));
#8588 = ORIENTED_EDGE('',*,*,#8589,.T.);
#8589 = EDGE_CURVE('',#8581,#8590,#8592,.T.);
#8590 = VERTEX_POINT('',#8591);
#8591 = CARTESIAN_POINT('',(2.615433,-0.517039,1.585));
#8592 = LINE('',#8593,#8594);
#8593 = CARTESIAN_POINT('',(2.582961,-0.484567,1.585));
#8594 = VECTOR('',#8595,1.);
#8595 = DIRECTION('',(0.707106781187,-0.707106781187,0.));
#8596 = ORIENTED_EDGE('',*,*,#8597,.T.);
#8597 = EDGE_CURVE('',#8590,#8598,#8600,.T.);
#8598 = VERTEX_POINT('',#8599);
#8599 = CARTESIAN_POINT('',(2.62,-0.54,1.585));
#8600 = LINE('',#8601,#8602);
#8601 = CARTESIAN_POINT('',(2.615433,-0.517039,1.585));
#8602 = VECTOR('',#8603,1.);
#8603 = DIRECTION('',(0.195081000118,-0.980787134598,0.));
#8604 = ORIENTED_EDGE('',*,*,#8605,.T.);
#8605 = EDGE_CURVE('',#8598,#8606,#8608,.T.);
#8606 = VERTEX_POINT('',#8607);
#8607 = CARTESIAN_POINT('',(2.62,-4.66,1.585));
#8608 = LINE('',#8609,#8610);
#8609 = CARTESIAN_POINT('',(2.62,-0.54,1.585));
#8610 = VECTOR('',#8611,1.);
#8611 = DIRECTION('',(0.,-1.,0.));
#8612 = ORIENTED_EDGE('',*,*,#8613,.T.);
#8613 = EDGE_CURVE('',#8606,#8614,#8616,.T.);
#8614 = VERTEX_POINT('',#8615);
#8615 = CARTESIAN_POINT('',(2.56,-4.72,1.585));
#8616 = CIRCLE('',#8617,5.99993201626E-02);
#8617 = AXIS2_PLACEMENT_3D('',#8618,#8619,#8620);
#8618 = CARTESIAN_POINT('',(2.560000679841,-4.660000679841,1.585));
#8619 = DIRECTION('',(0.,0.,-1.));
#8620 = DIRECTION('',(0.999999999936,1.133081589938E-05,0.));
#8621 = ORIENTED_EDGE('',*,*,#8622,.T.);
#8622 = EDGE_CURVE('',#8614,#8623,#8625,.T.);
#8623 = VERTEX_POINT('',#8624);
#8624 = CARTESIAN_POINT('',(2.465,-4.72,1.585));
#8625 = LINE('',#8626,#8627);
#8626 = CARTESIAN_POINT('',(2.56,-4.72,1.585));
#8627 = VECTOR('',#8628,1.);
#8628 = DIRECTION('',(-1.,0.,0.));
#8629 = ORIENTED_EDGE('',*,*,#8630,.T.);
#8630 = EDGE_CURVE('',#8623,#8631,#8633,.T.);
#8631 = VERTEX_POINT('',#8632);
#8632 = CARTESIAN_POINT('',(2.442039,-4.604567,1.585));
#8633 = CIRCLE('',#8634,6.000007318647E-02);
#8634 = AXIS2_PLACEMENT_3D('',#8635,#8636,#8637);
#8635 = CARTESIAN_POINT('',(2.464999823314,-4.659999926814,1.585));
#8636 = DIRECTION('',(0.,0.,-1.));
#8637 = DIRECTION('',(2.944769329851E-06,-0.999999999996,0.));
#8638 = ORIENTED_EDGE('',*,*,#8639,.T.);
#8639 = EDGE_CURVE('',#8631,#8640,#8642,.T.);
#8640 = VERTEX_POINT('',#8641);
#8641 = CARTESIAN_POINT('',(2.5,-4.6,1.585));
#8642 = LINE('',#8643,#8644);
#8643 = CARTESIAN_POINT('',(2.442039,-4.604567,1.585));
#8644 = VECTOR('',#8645,1.);
#8645 = DIRECTION('',(0.99691010469,7.855089539722E-02,0.));
#8646 = ORIENTED_EDGE('',*,*,#8647,.T.);
#8647 = EDGE_CURVE('',#8640,#8648,#8650,.T.);
#8648 = VERTEX_POINT('',#8649);
#8649 = CARTESIAN_POINT('',(2.5,-0.6,1.585));
#8650 = LINE('',#8651,#8652);
#8651 = CARTESIAN_POINT('',(2.5,-4.6,1.585));
#8652 = VECTOR('',#8653,1.);
#8653 = DIRECTION('',(0.,1.,0.));
#8654 = ORIENTED_EDGE('',*,*,#8655,.T.);
#8655 = EDGE_CURVE('',#8648,#8656,#8658,.T.);
#8656 = VERTEX_POINT('',#8657);
#8657 = CARTESIAN_POINT('',(2.442039,-0.595433,1.585));
#8658 = LINE('',#8659,#8660);
#8659 = CARTESIAN_POINT('',(2.5,-0.6,1.585));
#8660 = VECTOR('',#8661,1.);
#8661 = DIRECTION('',(-0.99691010469,7.855089539721E-02,0.));
#8662 = ORIENTED_EDGE('',*,*,#8663,.T.);
#8663 = EDGE_CURVE('',#8656,#8579,#8664,.T.);
#8664 = CIRCLE('',#8665,6.00002084163E-02);
#8665 = AXIS2_PLACEMENT_3D('',#8666,#8667,#8668);
#8666 = CARTESIAN_POINT('',(2.465,-0.54,1.585));
#8667 = DIRECTION('',(0.,0.,-1.));
#8668 = DIRECTION('',(-0.382682004047,-0.923880124139,-0.));
#8669 = PLANE('',#8670);
#8670 = AXIS2_PLACEMENT_3D('',#8671,#8672,#8673);
#8671 = CARTESIAN_POINT('',(0.,0.,1.585));
#8672 = DIRECTION('',(0.,0.,1.));
#8673 = DIRECTION('',(1.,0.,-0.));
#8674 = SHELL_BASED_SURFACE_MODEL('',(#8675));
#8675 = OPEN_SHELL('',(#8676));
#8676 = ADVANCED_FACE('',(#8677,#8841),#8909,.T.);
#8677 = FACE_BOUND('',#8678,.F.);
#8678 = EDGE_LOOP('',(#8679,#8690,#8698,#8706,#8714,#8722,#8730,#8738,
    #8746,#8754,#8762,#8770,#8778,#8786,#8794,#8802,#8810,#8819,#8827,
    #8835));
#8679 = ORIENTED_EDGE('',*,*,#8680,.T.);
#8680 = EDGE_CURVE('',#8681,#8683,#8685,.T.);
#8681 = VERTEX_POINT('',#8682);
#8682 = CARTESIAN_POINT('',(-1.411906,7.207605,1.585));
#8683 = VERTEX_POINT('',#8684);
#8684 = CARTESIAN_POINT('',(-1.244526,7.206897,1.585));
#8685 = CIRCLE('',#8686,0.149200267702);
#8686 = AXIS2_PLACEMENT_3D('',#8687,#8688,#8689);
#8687 = CARTESIAN_POINT('',(-1.328738461608,7.083734582062,1.585));
#8688 = DIRECTION('',(0.,0.,-1.));
#8689 = DIRECTION('',(-0.557422179419,0.830229193592,0.));
#8690 = ORIENTED_EDGE('',*,*,#8691,.T.);
#8691 = EDGE_CURVE('',#8683,#8692,#8694,.T.);
#8692 = VERTEX_POINT('',#8693);
#8693 = CARTESIAN_POINT('',(-1.186406,7.230003,1.585));
#8694 = LINE('',#8695,#8696);
#8695 = CARTESIAN_POINT('',(-1.244526,7.206897,1.585));
#8696 = VECTOR('',#8697,1.);
#8697 = DIRECTION('',(0.929257518113,0.369432625835,0.));
#8698 = ORIENTED_EDGE('',*,*,#8699,.T.);
#8699 = EDGE_CURVE('',#8692,#8700,#8702,.T.);
#8700 = VERTEX_POINT('',#8701);
#8701 = CARTESIAN_POINT('',(-0.78502,7.230003,1.585));
#8702 = LINE('',#8703,#8704);
#8703 = CARTESIAN_POINT('',(-1.186406,7.230003,1.585));
#8704 = VECTOR('',#8705,1.);
#8705 = DIRECTION('',(1.,0.,0.));
#8706 = ORIENTED_EDGE('',*,*,#8707,.T.);
#8707 = EDGE_CURVE('',#8700,#8708,#8710,.T.);
#8708 = VERTEX_POINT('',#8709);
#8709 = CARTESIAN_POINT('',(-0.747202,7.217049,1.585));
#8710 = LINE('',#8711,#8712);
#8711 = CARTESIAN_POINT('',(-0.78502,7.230003,1.585));
#8712 = VECTOR('',#8713,1.);
#8713 = DIRECTION('',(0.946039317712,-0.32405186212,0.));
#8714 = ORIENTED_EDGE('',*,*,#8715,.T.);
#8715 = EDGE_CURVE('',#8708,#8716,#8718,.T.);
#8716 = VERTEX_POINT('',#8717);
#8717 = CARTESIAN_POINT('',(-0.550889,7.11567,1.585));
#8718 = LINE('',#8719,#8720);
#8719 = CARTESIAN_POINT('',(-0.747202,7.217049,1.585));
#8720 = VECTOR('',#8721,1.);
#8721 = DIRECTION('',(0.888517037936,-0.458843626193,0.));
#8722 = ORIENTED_EDGE('',*,*,#8723,.T.);
#8723 = EDGE_CURVE('',#8716,#8724,#8726,.T.);
#8724 = VERTEX_POINT('',#8725);
#8725 = CARTESIAN_POINT('',(-0.432421,6.994792,1.585));
#8726 = LINE('',#8727,#8728);
#8727 = CARTESIAN_POINT('',(-0.550889,7.11567,1.585));
#8728 = VECTOR('',#8729,1.);
#8729 = DIRECTION('',(0.699951366735,-0.714190509742,0.));
#8730 = ORIENTED_EDGE('',*,*,#8731,.T.);
#8731 = EDGE_CURVE('',#8724,#8732,#8734,.T.);
#8732 = VERTEX_POINT('',#8733);
#8733 = CARTESIAN_POINT('',(-0.326753,6.779647,1.585));
#8734 = LINE('',#8735,#8736);
#8735 = CARTESIAN_POINT('',(-0.432421,6.994792,1.585));
#8736 = VECTOR('',#8737,1.);
#8737 = DIRECTION('',(0.440845857759,-0.897582826093,0.));
#8738 = ORIENTED_EDGE('',*,*,#8739,.T.);
#8739 = EDGE_CURVE('',#8732,#8740,#8742,.T.);
#8740 = VERTEX_POINT('',#8741);
#8741 = CARTESIAN_POINT('',(-0.321427,6.740028,1.585));
#8742 = LINE('',#8743,#8744);
#8743 = CARTESIAN_POINT('',(-0.326753,6.779647,1.585));
#8744 = VECTOR('',#8745,1.);
#8745 = DIRECTION('',(0.133231986338,-0.991084879219,0.));
#8746 = ORIENTED_EDGE('',*,*,#8747,.T.);
#8747 = EDGE_CURVE('',#8740,#8748,#8750,.T.);
#8748 = VERTEX_POINT('',#8749);
#8749 = CARTESIAN_POINT('',(-0.324309,6.196478,1.585));
#8750 = LINE('',#8751,#8752);
#8751 = CARTESIAN_POINT('',(-0.321427,6.740028,1.585));
#8752 = VECTOR('',#8753,1.);
#8753 = DIRECTION('',(-5.3021055834E-03,-0.999985943739,0.));
#8754 = ORIENTED_EDGE('',*,*,#8755,.T.);
#8755 = EDGE_CURVE('',#8748,#8756,#8758,.T.);
#8756 = VERTEX_POINT('',#8757);
#8757 = CARTESIAN_POINT('',(-0.337263,6.15866,1.585));
#8758 = LINE('',#8759,#8760);
#8759 = CARTESIAN_POINT('',(-0.324309,6.196478,1.585));
#8760 = VECTOR('',#8761,1.);
#8761 = DIRECTION('',(-0.32405186212,-0.946039317712,0.));
#8762 = ORIENTED_EDGE('',*,*,#8763,.T.);
#8763 = EDGE_CURVE('',#8756,#8764,#8766,.T.);
#8764 = VERTEX_POINT('',#8765);
#8765 = CARTESIAN_POINT('',(-0.438643,5.962346,1.585));
#8766 = LINE('',#8767,#8768);
#8767 = CARTESIAN_POINT('',(-0.337263,6.15866,1.585));
#8768 = VECTOR('',#8769,1.);
#8769 = DIRECTION('',(-0.458845354091,-0.888516145621,0.));
#8770 = ORIENTED_EDGE('',*,*,#8771,.T.);
#8771 = EDGE_CURVE('',#8764,#8772,#8774,.T.);
#8772 = VERTEX_POINT('',#8773);
#8773 = CARTESIAN_POINT('',(-0.559521,5.843879,1.585));
#8774 = LINE('',#8775,#8776);
#8775 = CARTESIAN_POINT('',(-0.438643,5.962346,1.585));
#8776 = VECTOR('',#8777,1.);
#8777 = DIRECTION('',(-0.714193463328,-0.699948353051,0.));
#8778 = ORIENTED_EDGE('',*,*,#8779,.T.);
#8779 = EDGE_CURVE('',#8772,#8780,#8782,.T.);
#8780 = VERTEX_POINT('',#8781);
#8781 = CARTESIAN_POINT('',(-0.774665,5.738212,1.585));
#8782 = LINE('',#8783,#8784);
#8783 = CARTESIAN_POINT('',(-0.559521,5.843879,1.585));
#8784 = VECTOR('',#8785,1.);
#8785 = DIRECTION('',(-0.897583666129,-0.440844147403,0.));
#8786 = ORIENTED_EDGE('',*,*,#8787,.T.);
#8787 = EDGE_CURVE('',#8780,#8788,#8790,.T.);
#8788 = VERTEX_POINT('',#8789);
#8789 = CARTESIAN_POINT('',(-0.814284,5.732885,1.585));
#8790 = LINE('',#8791,#8792);
#8791 = CARTESIAN_POINT('',(-0.774665,5.738212,1.585));
#8792 = VECTOR('',#8793,1.);
#8793 = DIRECTION('',(-0.991081575788,-0.133256557566,0.));
#8794 = ORIENTED_EDGE('',*,*,#8795,.T.);
#8795 = EDGE_CURVE('',#8788,#8796,#8798,.T.);
#8796 = VERTEX_POINT('',#8797);
#8797 = CARTESIAN_POINT('',(-1.17857,5.734995,1.585));
#8798 = LINE('',#8799,#8800);
#8799 = CARTESIAN_POINT('',(-0.814284,5.732885,1.585));
#8800 = VECTOR('',#8801,1.);
#8801 = DIRECTION('',(-0.999983225908,5.792055161784E-03,0.));
#8802 = ORIENTED_EDGE('',*,*,#8803,.T.);
#8803 = EDGE_CURVE('',#8796,#8804,#8806,.T.);
#8804 = VERTEX_POINT('',#8805);
#8805 = CARTESIAN_POINT('',(-1.181452,5.253621,1.585));
#8806 = LINE('',#8807,#8808);
#8807 = CARTESIAN_POINT('',(-1.17857,5.734995,1.585));
#8808 = VECTOR('',#8809,1.);
#8809 = DIRECTION('',(-5.986921498552E-03,-0.999982078225,0.));
#8810 = ORIENTED_EDGE('',*,*,#8811,.T.);
#8811 = EDGE_CURVE('',#8804,#8812,#8814,.T.);
#8812 = VERTEX_POINT('',#8813);
#8813 = CARTESIAN_POINT('',(-1.475688,5.253621,1.585));
#8814 = CIRCLE('',#8815,0.150000292066);
#8815 = AXIS2_PLACEMENT_3D('',#8816,#8817,#8818);
#8816 = CARTESIAN_POINT('',(-1.32857,5.282885,1.585));
#8817 = DIRECTION('',(-0.,0.,-1.));
#8818 = DIRECTION('',(0.980784756972,-0.195092953466,-0.));
#8819 = ORIENTED_EDGE('',*,*,#8820,.T.);
#8820 = EDGE_CURVE('',#8812,#8821,#8823,.T.);
#8821 = VERTEX_POINT('',#8822);
#8822 = CARTESIAN_POINT('',(-1.475688,7.112149,1.585));
#8823 = LINE('',#8824,#8825);
#8824 = CARTESIAN_POINT('',(-1.475688,5.253621,1.585));
#8825 = VECTOR('',#8826,1.);
#8826 = DIRECTION('',(0.,1.,0.));
#8827 = ORIENTED_EDGE('',*,*,#8828,.T.);
#8828 = EDGE_CURVE('',#8821,#8829,#8831,.T.);
#8829 = VERTEX_POINT('',#8830);
#8830 = CARTESIAN_POINT('',(-1.45329,7.166221,1.585));
#8831 = LINE('',#8832,#8833);
#8832 = CARTESIAN_POINT('',(-1.475688,7.112149,1.585));
#8833 = VECTOR('',#8834,1.);
#8834 = DIRECTION('',(0.38269282806,0.923875640631,0.));
#8835 = ORIENTED_EDGE('',*,*,#8836,.T.);
#8836 = EDGE_CURVE('',#8829,#8681,#8837,.T.);
#8837 = LINE('',#8838,#8839);
#8838 = CARTESIAN_POINT('',(-1.45329,7.166221,1.585));
#8839 = VECTOR('',#8840,1.);
#8840 = DIRECTION('',(0.707106781187,0.707106781187,0.));
#8841 = FACE_BOUND('',#8842,.F.);
#8842 = EDGE_LOOP('',(#8843,#8854,#8862,#8870,#8878,#8886,#8894,#8903));
#8843 = ORIENTED_EDGE('',*,*,#8844,.T.);
#8844 = EDGE_CURVE('',#8845,#8847,#8849,.T.);
#8845 = VERTEX_POINT('',#8846);
#8846 = CARTESIAN_POINT('',(-0.621427,6.704617,1.585));
#8847 = VERTEX_POINT('',#8848);
#8848 = CARTESIAN_POINT('',(-0.849694,6.932885,1.585));
#8849 = CIRCLE('',#8850,0.319438347049);
#8850 = AXIS2_PLACEMENT_3D('',#8851,#8852,#8853);
#8851 = CARTESIAN_POINT('',(-0.930481207823,6.623831146088,1.585));
#8852 = DIRECTION('',(0.,0.,1.));
#8853 = DIRECTION('',(0.967492508893,0.25289967425,-0.));
#8854 = ORIENTED_EDGE('',*,*,#8855,.T.);
#8855 = EDGE_CURVE('',#8847,#8856,#8858,.T.);
#8856 = VERTEX_POINT('',#8857);
#8857 = CARTESIAN_POINT('',(-1.121732,6.932885,1.585));
#8858 = LINE('',#8859,#8860);
#8859 = CARTESIAN_POINT('',(-0.849694,6.932885,1.585));
#8860 = VECTOR('',#8861,1.);
#8861 = DIRECTION('',(-1.,0.,0.));
#8862 = ORIENTED_EDGE('',*,*,#8863,.T.);
#8863 = EDGE_CURVE('',#8856,#8864,#8866,.T.);
#8864 = VERTEX_POINT('',#8865);
#8865 = CARTESIAN_POINT('',(-1.17857,6.904466,1.585));
#8866 = LINE('',#8867,#8868);
#8867 = CARTESIAN_POINT('',(-1.121732,6.932885,1.585));
#8868 = VECTOR('',#8869,1.);
#8869 = DIRECTION('',(-0.894427191,-0.4472135955,0.));
#8870 = ORIENTED_EDGE('',*,*,#8871,.T.);
#8871 = EDGE_CURVE('',#8864,#8872,#8874,.T.);
#8872 = VERTEX_POINT('',#8873);
#8873 = CARTESIAN_POINT('',(-1.17857,6.061305,1.585));
#8874 = LINE('',#8875,#8876);
#8875 = CARTESIAN_POINT('',(-1.17857,6.904466,1.585));
#8876 = VECTOR('',#8877,1.);
#8877 = DIRECTION('',(0.,-1.,0.));
#8878 = ORIENTED_EDGE('',*,*,#8879,.T.);
#8879 = EDGE_CURVE('',#8872,#8880,#8882,.T.);
#8880 = VERTEX_POINT('',#8881);
#8881 = CARTESIAN_POINT('',(-1.121731,6.032885,1.585));
#8882 = LINE('',#8883,#8884);
#8883 = CARTESIAN_POINT('',(-1.17857,6.061305,1.585));
#8884 = VECTOR('',#8885,1.);
#8885 = DIRECTION('',(0.894424043758,-0.447219889928,0.));
#8886 = ORIENTED_EDGE('',*,*,#8887,.T.);
#8887 = EDGE_CURVE('',#8880,#8888,#8890,.T.);
#8888 = VERTEX_POINT('',#8889);
#8889 = CARTESIAN_POINT('',(-0.849695,6.032885,1.585));
#8890 = LINE('',#8891,#8892);
#8891 = CARTESIAN_POINT('',(-1.121731,6.032885,1.585));
#8892 = VECTOR('',#8893,1.);
#8893 = DIRECTION('',(1.,0.,0.));
#8894 = ORIENTED_EDGE('',*,*,#8895,.T.);
#8895 = EDGE_CURVE('',#8888,#8896,#8898,.T.);
#8896 = VERTEX_POINT('',#8897);
#8897 = CARTESIAN_POINT('',(-0.621427,6.261153,1.585));
#8898 = CIRCLE('',#8899,0.319436511693);
#8899 = AXIS2_PLACEMENT_3D('',#8900,#8901,#8902);
#8900 = CARTESIAN_POINT('',(-0.930479630575,6.341937630575,1.585));
#8901 = DIRECTION('',(0.,0.,1.));
#8902 = DIRECTION('',(0.252897297641,-0.967493130129,0.));
#8903 = ORIENTED_EDGE('',*,*,#8904,.T.);
#8904 = EDGE_CURVE('',#8896,#8845,#8905,.T.);
#8905 = LINE('',#8906,#8907);
#8906 = CARTESIAN_POINT('',(-0.621427,6.261153,1.585));
#8907 = VECTOR('',#8908,1.);
#8908 = DIRECTION('',(0.,1.,0.));
#8909 = PLANE('',#8910);
#8910 = AXIS2_PLACEMENT_3D('',#8911,#8912,#8913);
#8911 = CARTESIAN_POINT('',(0.,0.,1.585));
#8912 = DIRECTION('',(0.,0.,1.));
#8913 = DIRECTION('',(1.,0.,-0.));
#8914 = SHELL_BASED_SURFACE_MODEL('',(#8915));
#8915 = OPEN_SHELL('',(#8916));
#8916 = ADVANCED_FACE('',(#8917),#9035,.T.);
#8917 = FACE_BOUND('',#8918,.F.);
#8918 = EDGE_LOOP('',(#8919,#8930,#8938,#8946,#8954,#8963,#8971,#8980,
    #8988,#8996,#9004,#9013,#9021,#9029));
#8919 = ORIENTED_EDGE('',*,*,#8920,.T.);
#8920 = EDGE_CURVE('',#8921,#8923,#8925,.T.);
#8921 = VERTEX_POINT('',#8922);
#8922 = CARTESIAN_POINT('',(0.216664,7.807605,1.585));
#8923 = VERTEX_POINT('',#8924);
#8924 = CARTESIAN_POINT('',(0.447118,7.712149,1.585));
#8925 = CIRCLE('',#8926,0.150000415027);
#8926 = AXIS2_PLACEMENT_3D('',#8927,#8928,#8929);
#8927 = CARTESIAN_POINT('',(0.3,7.682884369741,1.585));
#8928 = DIRECTION('',(0.,0.,-1.));
#8929 = DIRECTION('',(-0.555571796152,0.831468567849,0.));
#8930 = ORIENTED_EDGE('',*,*,#8931,.T.);
#8931 = EDGE_CURVE('',#8923,#8932,#8934,.T.);
#8932 = VERTEX_POINT('',#8933);
#8933 = CARTESIAN_POINT('',(0.45,6.975742,1.585));
#8934 = LINE('',#8935,#8936);
#8935 = CARTESIAN_POINT('',(0.447118,7.712149,1.585));
#8936 = VECTOR('',#8937,1.);
#8937 = DIRECTION('',(3.913566722686E-03,-0.999992341968,0.));
#8938 = ORIENTED_EDGE('',*,*,#8939,.T.);
#8939 = EDGE_CURVE('',#8932,#8940,#8942,.T.);
#8940 = VERTEX_POINT('',#8941);
#8941 = CARTESIAN_POINT('',(1.178571,6.975742,1.585));
#8942 = LINE('',#8943,#8944);
#8943 = CARTESIAN_POINT('',(0.45,6.975742,1.585));
#8944 = VECTOR('',#8945,1.);
#8945 = DIRECTION('',(1.,0.,0.));
#8946 = ORIENTED_EDGE('',*,*,#8947,.T.);
#8947 = EDGE_CURVE('',#8940,#8948,#8950,.T.);
#8948 = VERTEX_POINT('',#8949);
#8949 = CARTESIAN_POINT('',(1.181453,7.712149,1.585));
#8950 = LINE('',#8951,#8952);
#8951 = CARTESIAN_POINT('',(1.178571,6.975742,1.585));
#8952 = VECTOR('',#8953,1.);
#8953 = DIRECTION('',(3.913566722686E-03,0.999992341968,0.));
#8954 = ORIENTED_EDGE('',*,*,#8955,.T.);
#8955 = EDGE_CURVE('',#8948,#8956,#8958,.T.);
#8956 = VERTEX_POINT('',#8957);
#8957 = CARTESIAN_POINT('',(1.475689,7.712149,1.585));
#8958 = CIRCLE('',#8959,0.150000292066);
#8959 = AXIS2_PLACEMENT_3D('',#8960,#8961,#8962);
#8960 = CARTESIAN_POINT('',(1.328571,7.682885,1.585));
#8961 = DIRECTION('',(0.,0.,-1.));
#8962 = DIRECTION('',(-0.980784756972,0.195092953466,0.));
#8963 = ORIENTED_EDGE('',*,*,#8964,.T.);
#8964 = EDGE_CURVE('',#8956,#8965,#8967,.T.);
#8965 = VERTEX_POINT('',#8966);
#8966 = CARTESIAN_POINT('',(1.475689,5.853621,1.585));
#8967 = LINE('',#8968,#8969);
#8968 = CARTESIAN_POINT('',(1.475689,7.712149,1.585));
#8969 = VECTOR('',#8970,1.);
#8970 = DIRECTION('',(0.,-1.,0.));
#8971 = ORIENTED_EDGE('',*,*,#8972,.T.);
#8972 = EDGE_CURVE('',#8965,#8973,#8975,.T.);
#8973 = VERTEX_POINT('',#8974);
#8974 = CARTESIAN_POINT('',(1.181453,5.853621,1.585));
#8975 = CIRCLE('',#8976,0.150000292066);
#8976 = AXIS2_PLACEMENT_3D('',#8977,#8978,#8979);
#8977 = CARTESIAN_POINT('',(1.328571,5.882885,1.585));
#8978 = DIRECTION('',(-0.,0.,-1.));
#8979 = DIRECTION('',(0.980784756972,-0.195092953466,-0.));
#8980 = ORIENTED_EDGE('',*,*,#8981,.T.);
#8981 = EDGE_CURVE('',#8973,#8982,#8984,.T.);
#8982 = VERTEX_POINT('',#8983);
#8983 = CARTESIAN_POINT('',(1.178571,6.675742,1.585));
#8984 = LINE('',#8985,#8986);
#8985 = CARTESIAN_POINT('',(1.181453,5.853621,1.585));
#8986 = VECTOR('',#8987,1.);
#8987 = DIRECTION('',(-3.505545159067E-03,0.999993855558,0.));
#8988 = ORIENTED_EDGE('',*,*,#8989,.T.);
#8989 = EDGE_CURVE('',#8982,#8990,#8992,.T.);
#8990 = VERTEX_POINT('',#8991);
#8991 = CARTESIAN_POINT('',(0.45,6.675742,1.585));
#8992 = LINE('',#8993,#8994);
#8993 = CARTESIAN_POINT('',(1.178571,6.675742,1.585));
#8994 = VECTOR('',#8995,1.);
#8995 = DIRECTION('',(-1.,0.,0.));
#8996 = ORIENTED_EDGE('',*,*,#8997,.T.);
#8997 = EDGE_CURVE('',#8990,#8998,#9000,.T.);
#8998 = VERTEX_POINT('',#8999);
#8999 = CARTESIAN_POINT('',(0.447118,5.853621,1.585));
#9000 = LINE('',#9001,#9002);
#9001 = CARTESIAN_POINT('',(0.45,6.675742,1.585));
#9002 = VECTOR('',#9003,1.);
#9003 = DIRECTION('',(-3.505545159067E-03,-0.999993855558,0.));
#9004 = ORIENTED_EDGE('',*,*,#9005,.T.);
#9005 = EDGE_CURVE('',#8998,#9006,#9008,.T.);
#9006 = VERTEX_POINT('',#9007);
#9007 = CARTESIAN_POINT('',(0.152882,5.853621,1.585));
#9008 = CIRCLE('',#9009,0.150000292066);
#9009 = AXIS2_PLACEMENT_3D('',#9010,#9011,#9012);
#9010 = CARTESIAN_POINT('',(0.3,5.882885,1.585));
#9011 = DIRECTION('',(-0.,0.,-1.));
#9012 = DIRECTION('',(0.980784756972,-0.195092953466,-0.));
#9013 = ORIENTED_EDGE('',*,*,#9014,.T.);
#9014 = EDGE_CURVE('',#9006,#9015,#9017,.T.);
#9015 = VERTEX_POINT('',#9016);
#9016 = CARTESIAN_POINT('',(0.152882,7.712149,1.585));
#9017 = LINE('',#9018,#9019);
#9018 = CARTESIAN_POINT('',(0.152882,5.853621,1.585));
#9019 = VECTOR('',#9020,1.);
#9020 = DIRECTION('',(0.,1.,0.));
#9021 = ORIENTED_EDGE('',*,*,#9022,.T.);
#9022 = EDGE_CURVE('',#9015,#9023,#9025,.T.);
#9023 = VERTEX_POINT('',#9024);
#9024 = CARTESIAN_POINT('',(0.17528,7.766221,1.585));
#9025 = LINE('',#9026,#9027);
#9026 = CARTESIAN_POINT('',(0.152882,7.712149,1.585));
#9027 = VECTOR('',#9028,1.);
#9028 = DIRECTION('',(0.38269282806,0.923875640631,0.));
#9029 = ORIENTED_EDGE('',*,*,#9030,.T.);
#9030 = EDGE_CURVE('',#9023,#8921,#9031,.T.);
#9031 = LINE('',#9032,#9033);
#9032 = CARTESIAN_POINT('',(0.17528,7.766221,1.585));
#9033 = VECTOR('',#9034,1.);
#9034 = DIRECTION('',(0.707106781187,0.707106781187,0.));
#9035 = PLANE('',#9036);
#9036 = AXIS2_PLACEMENT_3D('',#9037,#9038,#9039);
#9037 = CARTESIAN_POINT('',(0.,0.,1.585));
#9038 = DIRECTION('',(0.,0.,1.));
#9039 = DIRECTION('',(1.,0.,-0.));
#9040 = ( GEOMETRIC_REPRESENTATION_CONTEXT(3) 
GLOBAL_UNCERTAINTY_ASSIGNED_CONTEXT((#9044)) 
GLOBAL_UNIT_ASSIGNED_CONTEXT((#9041,#9042,#9043)) REPRESENTATION_CONTEXT
('Context #1','3D Context with UNIT and UNCERTAINTY') );
#9041 = ( LENGTH_UNIT() NAMED_UNIT(*) SI_UNIT(.MILLI.,.METRE.) );
#9042 = ( NAMED_UNIT(*) PLANE_ANGLE_UNIT() SI_UNIT($,.RADIAN.) );
#9043 = ( NAMED_UNIT(*) SI_UNIT($,.STERADIAN.) SOLID_ANGLE_UNIT() );
#9044 = UNCERTAINTY_MEASURE_WITH_UNIT(LENGTH_MEASURE(1.E-07),#9041,
  'distance_accuracy_value','confusion accuracy');
#9045 = CONTEXT_DEPENDENT_SHAPE_REPRESENTATION(#9046,#9048);
#9046 = ( REPRESENTATION_RELATIONSHIP('','',#8292,#10) 
REPRESENTATION_RELATIONSHIP_WITH_TRANSFORMATION(#9047) 
SHAPE_REPRESENTATION_RELATIONSHIP() );
#9047 = ITEM_DEFINED_TRANSFORMATION('','',#11,#31);
#9048 = PRODUCT_DEFINITION_SHAPE('Placement','Placement of an item',
  #9049);
#9049 = NEXT_ASSEMBLY_USAGE_OCCURRENCE('8','=>[0:1:1:8]','',#5,#8287,$);
#9050 = PRODUCT_RELATED_PRODUCT_CATEGORY('part',$,(#8289));
#9051 = SHAPE_DEFINITION_REPRESENTATION(#9052,#9058);
#9052 = PRODUCT_DEFINITION_SHAPE('','',#9053);
#9053 = PRODUCT_DEFINITION('design','',#9054,#9057);
#9054 = PRODUCT_DEFINITION_FORMATION('','',#9055);
#9055 = PRODUCT('pH_silkscreen','pH_silkscreen','',(#9056));
#9056 = PRODUCT_CONTEXT('',#2,'mechanical');
#9057 = PRODUCT_DEFINITION_CONTEXT('part definition',#2,'design');
#9058 = SHAPE_REPRESENTATION('',(#11,#9059,#9151,#9220,#9312),#9355);
#9059 = SHELL_BASED_SURFACE_MODEL('',(#9060));
#9060 = OPEN_SHELL('',(#9061));
#9061 = ADVANCED_FACE('',(#9062),#9146,.T.);
#9062 = FACE_BOUND('',#9063,.T.);
#9063 = EDGE_LOOP('',(#9064,#9075,#9083,#9092,#9100,#9108,#9116,#9124,
    #9132,#9140));
#9064 = ORIENTED_EDGE('',*,*,#9065,.T.);
#9065 = EDGE_CURVE('',#9066,#9068,#9070,.T.);
#9066 = VERTEX_POINT('',#9067);
#9067 = CARTESIAN_POINT('',(-1.33,-7.51,-7.5E-02));
#9068 = VERTEX_POINT('',#9069);
#9069 = CARTESIAN_POINT('',(-1.27,-7.45,-7.5E-02));
#9070 = CIRCLE('',#9071,5.99993201626E-02);
#9071 = AXIS2_PLACEMENT_3D('',#9072,#9073,#9074);
#9072 = CARTESIAN_POINT('',(-1.270000679841,-7.509999320159,-7.5E-02));
#9073 = DIRECTION('',(0.,0.,-1.));
#9074 = DIRECTION('',(-0.999999999936,-1.133081591418E-05,-0.));
#9075 = ORIENTED_EDGE('',*,*,#9076,.T.);
#9076 = EDGE_CURVE('',#9068,#9077,#9079,.T.);
#9077 = VERTEX_POINT('',#9078);
#9078 = CARTESIAN_POINT('',(3.92,-7.45,-7.5E-02));
#9079 = LINE('',#9080,#9081);
#9080 = CARTESIAN_POINT('',(-1.27,-7.45,-7.5E-02));
#9081 = VECTOR('',#9082,1.);
#9082 = DIRECTION('',(1.,0.,0.));
#9083 = ORIENTED_EDGE('',*,*,#9084,.T.);
#9084 = EDGE_CURVE('',#9077,#9085,#9087,.T.);
#9085 = VERTEX_POINT('',#9086);
#9086 = CARTESIAN_POINT('',(3.98,-7.51,-7.5E-02));
#9087 = CIRCLE('',#9088,5.99993201626E-02);
#9088 = AXIS2_PLACEMENT_3D('',#9089,#9090,#9091);
#9089 = CARTESIAN_POINT('',(3.920000679841,-7.509999320159,-7.5E-02));
#9090 = DIRECTION('',(0.,0.,-1.));
#9091 = DIRECTION('',(-1.133081594379E-05,0.999999999936,0.));
#9092 = ORIENTED_EDGE('',*,*,#9093,.T.);
#9093 = EDGE_CURVE('',#9085,#9094,#9096,.T.);
#9094 = VERTEX_POINT('',#9095);
#9095 = CARTESIAN_POINT('',(3.98,-10.08,-7.5E-02));
#9096 = LINE('',#9097,#9098);
#9097 = CARTESIAN_POINT('',(3.98,-7.51,-7.5E-02));
#9098 = VECTOR('',#9099,1.);
#9099 = DIRECTION('',(0.,-1.,0.));
#9100 = ORIENTED_EDGE('',*,*,#9101,.T.);
#9101 = EDGE_CURVE('',#9094,#9102,#9104,.T.);
#9102 = VERTEX_POINT('',#9103);
#9103 = CARTESIAN_POINT('',(3.86,-10.08,-7.5E-02));
#9104 = LINE('',#9105,#9106);
#9105 = CARTESIAN_POINT('',(3.98,-10.08,-7.5E-02));
#9106 = VECTOR('',#9107,1.);
#9107 = DIRECTION('',(-1.,0.,0.));
#9108 = ORIENTED_EDGE('',*,*,#9109,.T.);
#9109 = EDGE_CURVE('',#9102,#9110,#9112,.T.);
#9110 = VERTEX_POINT('',#9111);
#9111 = CARTESIAN_POINT('',(3.86,-7.57,-7.5E-02));
#9112 = LINE('',#9113,#9114);
#9113 = CARTESIAN_POINT('',(3.86,-10.08,-7.5E-02));
#9114 = VECTOR('',#9115,1.);
#9115 = DIRECTION('',(0.,1.,0.));
#9116 = ORIENTED_EDGE('',*,*,#9117,.T.);
#9117 = EDGE_CURVE('',#9110,#9118,#9120,.T.);
#9118 = VERTEX_POINT('',#9119);
#9119 = CARTESIAN_POINT('',(-1.21,-7.57,-7.5E-02));
#9120 = LINE('',#9121,#9122);
#9121 = CARTESIAN_POINT('',(3.86,-7.57,-7.5E-02));
#9122 = VECTOR('',#9123,1.);
#9123 = DIRECTION('',(-1.,0.,0.));
#9124 = ORIENTED_EDGE('',*,*,#9125,.T.);
#9125 = EDGE_CURVE('',#9118,#9126,#9128,.T.);
#9126 = VERTEX_POINT('',#9127);
#9127 = CARTESIAN_POINT('',(-1.21,-10.08,-7.5E-02));
#9128 = LINE('',#9129,#9130);
#9129 = CARTESIAN_POINT('',(-1.21,-7.57,-7.5E-02));
#9130 = VECTOR('',#9131,1.);
#9131 = DIRECTION('',(0.,-1.,0.));
#9132 = ORIENTED_EDGE('',*,*,#9133,.T.);
#9133 = EDGE_CURVE('',#9126,#9134,#9136,.T.);
#9134 = VERTEX_POINT('',#9135);
#9135 = CARTESIAN_POINT('',(-1.33,-10.08,-7.5E-02));
#9136 = LINE('',#9137,#9138);
#9137 = CARTESIAN_POINT('',(-1.21,-10.08,-7.5E-02));
#9138 = VECTOR('',#9139,1.);
#9139 = DIRECTION('',(-1.,0.,0.));
#9140 = ORIENTED_EDGE('',*,*,#9141,.T.);
#9141 = EDGE_CURVE('',#9134,#9066,#9142,.T.);
#9142 = LINE('',#9143,#9144);
#9143 = CARTESIAN_POINT('',(-1.33,-10.08,-7.5E-02));
#9144 = VECTOR('',#9145,1.);
#9145 = DIRECTION('',(0.,1.,0.));
#9146 = PLANE('',#9147);
#9147 = AXIS2_PLACEMENT_3D('',#9148,#9149,#9150);
#9148 = CARTESIAN_POINT('',(0.,0.,-7.5E-02));
#9149 = DIRECTION('',(-0.,-0.,-1.));
#9150 = DIRECTION('',(-1.,0.,0.));
#9151 = SHELL_BASED_SURFACE_MODEL('',(#9152));
#9152 = OPEN_SHELL('',(#9153));
#9153 = ADVANCED_FACE('',(#9154),#9215,.T.);
#9154 = FACE_BOUND('',#9155,.T.);
#9155 = EDGE_LOOP('',(#9156,#9167,#9175,#9184,#9192,#9200,#9209));
#9156 = ORIENTED_EDGE('',*,*,#9157,.T.);
#9157 = EDGE_CURVE('',#9158,#9160,#9162,.T.);
#9158 = VERTEX_POINT('',#9159);
#9159 = CARTESIAN_POINT('',(-3.98,-7.51,-7.5E-02));
#9160 = VERTEX_POINT('',#9161);
#9161 = CARTESIAN_POINT('',(-3.92,-7.45,-7.5E-02));
#9162 = CIRCLE('',#9163,5.99993201626E-02);
#9163 = AXIS2_PLACEMENT_3D('',#9164,#9165,#9166);
#9164 = CARTESIAN_POINT('',(-3.920000679841,-7.509999320159,-7.5E-02));
#9165 = DIRECTION('',(0.,0.,-1.));
#9166 = DIRECTION('',(-0.999999999936,-1.133081592898E-05,-0.));
#9167 = ORIENTED_EDGE('',*,*,#9168,.T.);
#9168 = EDGE_CURVE('',#9160,#9169,#9171,.T.);
#9169 = VERTEX_POINT('',#9170);
#9170 = CARTESIAN_POINT('',(-2.54,-7.45,-7.5E-02));
#9171 = LINE('',#9172,#9173);
#9172 = CARTESIAN_POINT('',(-3.92,-7.45,-7.5E-02));
#9173 = VECTOR('',#9174,1.);
#9174 = DIRECTION('',(1.,0.,0.));
#9175 = ORIENTED_EDGE('',*,*,#9176,.T.);
#9176 = EDGE_CURVE('',#9169,#9177,#9179,.T.);
#9177 = VERTEX_POINT('',#9178);
#9178 = CARTESIAN_POINT('',(-2.54,-7.57,-7.5E-02));
#9179 = CIRCLE('',#9180,6.000000000042E-02);
#9180 = AXIS2_PLACEMENT_3D('',#9181,#9182,#9183);
#9181 = CARTESIAN_POINT('',(-2.539999774412,-7.51,-7.5E-02));
#9182 = DIRECTION('',(0.,0.,-1.));
#9183 = DIRECTION('',(-3.759794105654E-06,0.999999999993,-0.));
#9184 = ORIENTED_EDGE('',*,*,#9185,.T.);
#9185 = EDGE_CURVE('',#9177,#9186,#9188,.T.);
#9186 = VERTEX_POINT('',#9187);
#9187 = CARTESIAN_POINT('',(-3.86,-7.57,-7.5E-02));
#9188 = LINE('',#9189,#9190);
#9189 = CARTESIAN_POINT('',(-2.54,-7.57,-7.5E-02));
#9190 = VECTOR('',#9191,1.);
#9191 = DIRECTION('',(-1.,0.,0.));
#9192 = ORIENTED_EDGE('',*,*,#9193,.T.);
#9193 = EDGE_CURVE('',#9186,#9194,#9196,.T.);
#9194 = VERTEX_POINT('',#9195);
#9195 = CARTESIAN_POINT('',(-3.86,-8.89,-7.5E-02));
#9196 = LINE('',#9197,#9198);
#9197 = CARTESIAN_POINT('',(-3.86,-7.57,-7.5E-02));
#9198 = VECTOR('',#9199,1.);
#9199 = DIRECTION('',(0.,-1.,0.));
#9200 = ORIENTED_EDGE('',*,*,#9201,.T.);
#9201 = EDGE_CURVE('',#9194,#9202,#9204,.T.);
#9202 = VERTEX_POINT('',#9203);
#9203 = CARTESIAN_POINT('',(-3.98,-8.89,-7.5E-02));
#9204 = CIRCLE('',#9205,6.000000000042E-02);
#9205 = AXIS2_PLACEMENT_3D('',#9206,#9207,#9208);
#9206 = CARTESIAN_POINT('',(-3.92,-8.890000225588,-7.5E-02));
#9207 = DIRECTION('',(0.,0.,-1.));
#9208 = DIRECTION('',(0.999999999993,3.759794105654E-06,0.));
#9209 = ORIENTED_EDGE('',*,*,#9210,.T.);
#9210 = EDGE_CURVE('',#9202,#9158,#9211,.T.);
#9211 = LINE('',#9212,#9213);
#9212 = CARTESIAN_POINT('',(-3.98,-8.89,-7.5E-02));
#9213 = VECTOR('',#9214,1.);
#9214 = DIRECTION('',(0.,1.,0.));
#9215 = PLANE('',#9216);
#9216 = AXIS2_PLACEMENT_3D('',#9217,#9218,#9219);
#9217 = CARTESIAN_POINT('',(0.,0.,-7.5E-02));
#9218 = DIRECTION('',(-0.,-0.,-1.));
#9219 = DIRECTION('',(-1.,0.,0.));
#9220 = SHELL_BASED_SURFACE_MODEL('',(#9221));
#9221 = OPEN_SHELL('',(#9222));
#9222 = ADVANCED_FACE('',(#9223),#9307,.T.);
#9223 = FACE_BOUND('',#9224,.T.);
#9224 = EDGE_LOOP('',(#9225,#9236,#9244,#9252,#9260,#9268,#9276,#9284,
    #9292,#9301));
#9225 = ORIENTED_EDGE('',*,*,#9226,.T.);
#9226 = EDGE_CURVE('',#9227,#9229,#9231,.T.);
#9227 = VERTEX_POINT('',#9228);
#9228 = CARTESIAN_POINT('',(-1.27,7.45,-7.5E-02));
#9229 = VERTEX_POINT('',#9230);
#9230 = CARTESIAN_POINT('',(-1.33,7.51,-7.5E-02));
#9231 = CIRCLE('',#9232,5.99993201626E-02);
#9232 = AXIS2_PLACEMENT_3D('',#9233,#9234,#9235);
#9233 = CARTESIAN_POINT('',(-1.270000679841,7.509999320159,-7.5E-02));
#9234 = DIRECTION('',(0.,0.,-1.));
#9235 = DIRECTION('',(1.133081594009E-05,-0.999999999936,0.));
#9236 = ORIENTED_EDGE('',*,*,#9237,.T.);
#9237 = EDGE_CURVE('',#9229,#9238,#9240,.T.);
#9238 = VERTEX_POINT('',#9239);
#9239 = CARTESIAN_POINT('',(-1.33,10.08,-7.5E-02));
#9240 = LINE('',#9241,#9242);
#9241 = CARTESIAN_POINT('',(-1.33,7.51,-7.5E-02));
#9242 = VECTOR('',#9243,1.);
#9243 = DIRECTION('',(0.,1.,0.));
#9244 = ORIENTED_EDGE('',*,*,#9245,.T.);
#9245 = EDGE_CURVE('',#9238,#9246,#9248,.T.);
#9246 = VERTEX_POINT('',#9247);
#9247 = CARTESIAN_POINT('',(-1.21,10.08,-7.5E-02));
#9248 = LINE('',#9249,#9250);
#9249 = CARTESIAN_POINT('',(-1.33,10.08,-7.5E-02));
#9250 = VECTOR('',#9251,1.);
#9251 = DIRECTION('',(1.,0.,0.));
#9252 = ORIENTED_EDGE('',*,*,#9253,.T.);
#9253 = EDGE_CURVE('',#9246,#9254,#9256,.T.);
#9254 = VERTEX_POINT('',#9255);
#9255 = CARTESIAN_POINT('',(-1.21,7.57,-7.5E-02));
#9256 = LINE('',#9257,#9258);
#9257 = CARTESIAN_POINT('',(-1.21,10.08,-7.5E-02));
#9258 = VECTOR('',#9259,1.);
#9259 = DIRECTION('',(0.,-1.,0.));
#9260 = ORIENTED_EDGE('',*,*,#9261,.T.);
#9261 = EDGE_CURVE('',#9254,#9262,#9264,.T.);
#9262 = VERTEX_POINT('',#9263);
#9263 = CARTESIAN_POINT('',(3.86,7.57,-7.5E-02));
#9264 = LINE('',#9265,#9266);
#9265 = CARTESIAN_POINT('',(-1.21,7.57,-7.5E-02));
#9266 = VECTOR('',#9267,1.);
#9267 = DIRECTION('',(1.,0.,0.));
#9268 = ORIENTED_EDGE('',*,*,#9269,.T.);
#9269 = EDGE_CURVE('',#9262,#9270,#9272,.T.);
#9270 = VERTEX_POINT('',#9271);
#9271 = CARTESIAN_POINT('',(3.86,10.08,-7.5E-02));
#9272 = LINE('',#9273,#9274);
#9273 = CARTESIAN_POINT('',(3.86,7.57,-7.5E-02));
#9274 = VECTOR('',#9275,1.);
#9275 = DIRECTION('',(0.,1.,0.));
#9276 = ORIENTED_EDGE('',*,*,#9277,.T.);
#9277 = EDGE_CURVE('',#9270,#9278,#9280,.T.);
#9278 = VERTEX_POINT('',#9279);
#9279 = CARTESIAN_POINT('',(3.98,10.08,-7.5E-02));
#9280 = LINE('',#9281,#9282);
#9281 = CARTESIAN_POINT('',(3.86,10.08,-7.5E-02));
#9282 = VECTOR('',#9283,1.);
#9283 = DIRECTION('',(1.,0.,0.));
#9284 = ORIENTED_EDGE('',*,*,#9285,.T.);
#9285 = EDGE_CURVE('',#9278,#9286,#9288,.T.);
#9286 = VERTEX_POINT('',#9287);
#9287 = CARTESIAN_POINT('',(3.98,7.51,-7.5E-02));
#9288 = LINE('',#9289,#9290);
#9289 = CARTESIAN_POINT('',(3.98,10.08,-7.5E-02));
#9290 = VECTOR('',#9291,1.);
#9291 = DIRECTION('',(0.,-1.,0.));
#9292 = ORIENTED_EDGE('',*,*,#9293,.T.);
#9293 = EDGE_CURVE('',#9286,#9294,#9296,.T.);
#9294 = VERTEX_POINT('',#9295);
#9295 = CARTESIAN_POINT('',(3.92,7.45,-7.5E-02));
#9296 = CIRCLE('',#9297,5.99993201626E-02);
#9297 = AXIS2_PLACEMENT_3D('',#9298,#9299,#9300);
#9298 = CARTESIAN_POINT('',(3.920000679841,7.509999320159,-7.5E-02));
#9299 = DIRECTION('',(0.,0.,-1.));
#9300 = DIRECTION('',(0.999999999936,1.133081592898E-05,0.));
#9301 = ORIENTED_EDGE('',*,*,#9302,.T.);
#9302 = EDGE_CURVE('',#9294,#9227,#9303,.T.);
#9303 = LINE('',#9304,#9305);
#9304 = CARTESIAN_POINT('',(3.92,7.45,-7.5E-02));
#9305 = VECTOR('',#9306,1.);
#9306 = DIRECTION('',(-1.,0.,0.));
#9307 = PLANE('',#9308);
#9308 = AXIS2_PLACEMENT_3D('',#9309,#9310,#9311);
#9309 = CARTESIAN_POINT('',(0.,0.,-7.5E-02));
#9310 = DIRECTION('',(-0.,-0.,-1.));
#9311 = DIRECTION('',(-1.,0.,0.));
#9312 = SHELL_BASED_SURFACE_MODEL('',(#9313));
#9313 = OPEN_SHELL('',(#9314));
#9314 = ADVANCED_FACE('',(#9315),#9350,.T.);
#9315 = FACE_BOUND('',#9316,.T.);
#9316 = EDGE_LOOP('',(#9317,#9328,#9336,#9344));
#9317 = ORIENTED_EDGE('',*,*,#9318,.T.);
#9318 = EDGE_CURVE('',#9319,#9321,#9323,.T.);
#9319 = VERTEX_POINT('',#9320);
#9320 = CARTESIAN_POINT('',(-3.86,8.89,-7.5E-02));
#9321 = VERTEX_POINT('',#9322);
#9322 = CARTESIAN_POINT('',(-3.98,8.89,-7.5E-02));
#9323 = CIRCLE('',#9324,6.000000000042E-02);
#9324 = AXIS2_PLACEMENT_3D('',#9325,#9326,#9327);
#9325 = CARTESIAN_POINT('',(-3.92,8.889999774412,-7.5E-02));
#9326 = DIRECTION('',(0.,0.,-1.));
#9327 = DIRECTION('',(0.999999999993,3.759794105654E-06,0.));
#9328 = ORIENTED_EDGE('',*,*,#9329,.T.);
#9329 = EDGE_CURVE('',#9321,#9330,#9332,.T.);
#9330 = VERTEX_POINT('',#9331);
#9331 = CARTESIAN_POINT('',(-3.98,10.08,-7.5E-02));
#9332 = LINE('',#9333,#9334);
#9333 = CARTESIAN_POINT('',(-3.98,8.89,-7.5E-02));
#9334 = VECTOR('',#9335,1.);
#9335 = DIRECTION('',(0.,1.,0.));
#9336 = ORIENTED_EDGE('',*,*,#9337,.T.);
#9337 = EDGE_CURVE('',#9330,#9338,#9340,.T.);
#9338 = VERTEX_POINT('',#9339);
#9339 = CARTESIAN_POINT('',(-3.86,10.08,-7.5E-02));
#9340 = LINE('',#9341,#9342);
#9341 = CARTESIAN_POINT('',(-3.98,10.08,-7.5E-02));
#9342 = VECTOR('',#9343,1.);
#9343 = DIRECTION('',(1.,0.,0.));
#9344 = ORIENTED_EDGE('',*,*,#9345,.T.);
#9345 = EDGE_CURVE('',#9338,#9319,#9346,.T.);
#9346 = LINE('',#9347,#9348);
#9347 = CARTESIAN_POINT('',(-3.86,10.08,-7.5E-02));
#9348 = VECTOR('',#9349,1.);
#9349 = DIRECTION('',(0.,-1.,0.));
#9350 = PLANE('',#9351);
#9351 = AXIS2_PLACEMENT_3D('',#9352,#9353,#9354);
#9352 = CARTESIAN_POINT('',(0.,0.,-7.5E-02));
#9353 = DIRECTION('',(-0.,-0.,-1.));
#9354 = DIRECTION('',(-1.,0.,0.));
#9355 = ( GEOMETRIC_REPRESENTATION_CONTEXT(3) 
GLOBAL_UNCERTAINTY_ASSIGNED_CONTEXT((#9359)) 
GLOBAL_UNIT_ASSIGNED_CONTEXT((#9356,#9357,#9358)) REPRESENTATION_CONTEXT
('Context #1','3D Context with UNIT and UNCERTAINTY') );
#9356 = ( LENGTH_UNIT() NAMED_UNIT(*) SI_UNIT(.MILLI.,.METRE.) );
#9357 = ( NAMED_UNIT(*) PLANE_ANGLE_UNIT() SI_UNIT($,.RADIAN.) );
#9358 = ( NAMED_UNIT(*) SI_UNIT($,.STERADIAN.) SOLID_ANGLE_UNIT() );
#9359 = UNCERTAINTY_MEASURE_WITH_UNIT(LENGTH_MEASURE(1.E-07),#9356,
  'distance_accuracy_value','confusion accuracy');
#9360 = CONTEXT_DEPENDENT_SHAPE_REPRESENTATION(#9361,#9363);
#9361 = ( REPRESENTATION_RELATIONSHIP('','',#9058,#10) 
REPRESENTATION_RELATIONSHIP_WITH_TRANSFORMATION(#9362) 
SHAPE_REPRESENTATION_RELATIONSHIP() );
#9362 = ITEM_DEFINED_TRANSFORMATION('','',#11,#35);
#9363 = PRODUCT_DEFINITION_SHAPE('Placement','Placement of an item',
  #9364);
#9364 = NEXT_ASSEMBLY_USAGE_OCCURRENCE('9','=>[0:1:1:9]','',#5,#9053,$);
#9365 = PRODUCT_RELATED_PRODUCT_CATEGORY('part',$,(#9055));
#9366 = SHAPE_DEFINITION_REPRESENTATION(#9367,#9373);
#9367 = PRODUCT_DEFINITION_SHAPE('','',#9368);
#9368 = PRODUCT_DEFINITION('design','',#9369,#9372);
#9369 = PRODUCT_DEFINITION_FORMATION('','',#9370);
#9370 = PRODUCT('pH_soldermask','pH_soldermask','',(#9371));
#9371 = PRODUCT_CONTEXT('',#2,'mechanical');
#9372 = PRODUCT_DEFINITION_CONTEXT('part definition',#2,'design');
#9373 = MANIFOLD_SURFACE_SHAPE_REPRESENTATION('',(#11,#9374),#9482);
#9374 = SHELL_BASED_SURFACE_MODEL('',(#9375));
#9375 = OPEN_SHELL('',(#9376));
#9376 = ADVANCED_FACE('',(#9377,#9411,#9422,#9433,#9444,#9455,#9466),
  #9477,.T.);
#9377 = FACE_BOUND('',#9378,.F.);
#9378 = EDGE_LOOP('',(#9379,#9389,#9397,#9405));
#9379 = ORIENTED_EDGE('',*,*,#9380,.T.);
#9380 = EDGE_CURVE('',#9381,#9383,#9385,.T.);
#9381 = VERTEX_POINT('',#9382);
#9382 = CARTESIAN_POINT('',(-6.985,-10.08,1.56));
#9383 = VERTEX_POINT('',#9384);
#9384 = CARTESIAN_POINT('',(-6.985,10.08,1.56));
#9385 = LINE('',#9386,#9387);
#9386 = CARTESIAN_POINT('',(-6.985,-10.08,1.56));
#9387 = VECTOR('',#9388,1.);
#9388 = DIRECTION('',(0.,1.,0.));
#9389 = ORIENTED_EDGE('',*,*,#9390,.T.);
#9390 = EDGE_CURVE('',#9383,#9391,#9393,.T.);
#9391 = VERTEX_POINT('',#9392);
#9392 = CARTESIAN_POINT('',(6.985,10.08,1.56));
#9393 = LINE('',#9394,#9395);
#9394 = CARTESIAN_POINT('',(-6.985,10.08,1.56));
#9395 = VECTOR('',#9396,1.);
#9396 = DIRECTION('',(1.,0.,0.));
#9397 = ORIENTED_EDGE('',*,*,#9398,.T.);
#9398 = EDGE_CURVE('',#9391,#9399,#9401,.T.);
#9399 = VERTEX_POINT('',#9400);
#9400 = CARTESIAN_POINT('',(6.985,-10.08,1.56));
#9401 = LINE('',#9402,#9403);
#9402 = CARTESIAN_POINT('',(6.985,10.08,1.56));
#9403 = VECTOR('',#9404,1.);
#9404 = DIRECTION('',(0.,-1.,0.));
#9405 = ORIENTED_EDGE('',*,*,#9406,.T.);
#9406 = EDGE_CURVE('',#9399,#9381,#9407,.T.);
#9407 = LINE('',#9408,#9409);
#9408 = CARTESIAN_POINT('',(6.985,-10.08,1.56));
#9409 = VECTOR('',#9410,1.);
#9410 = DIRECTION('',(-1.,0.,0.));
#9411 = FACE_BOUND('',#9412,.F.);
#9412 = EDGE_LOOP('',(#9413));
#9413 = ORIENTED_EDGE('',*,*,#9414,.T.);
#9414 = EDGE_CURVE('',#9415,#9415,#9417,.T.);
#9415 = VERTEX_POINT('',#9416);
#9416 = CARTESIAN_POINT('',(-2.052608,-8.89,1.56));
#9417 = CIRCLE('',#9418,0.487392);
#9418 = AXIS2_PLACEMENT_3D('',#9419,#9420,#9421);
#9419 = CARTESIAN_POINT('',(-2.54,-8.89,1.56));
#9420 = DIRECTION('',(0.,0.,1.));
#9421 = DIRECTION('',(1.,0.,-0.));
#9422 = FACE_BOUND('',#9423,.F.);
#9423 = EDGE_LOOP('',(#9424));
#9424 = ORIENTED_EDGE('',*,*,#9425,.T.);
#9425 = EDGE_CURVE('',#9426,#9426,#9428,.T.);
#9426 = VERTEX_POINT('',#9427);
#9427 = CARTESIAN_POINT('',(0.487392,-8.89,1.56));
#9428 = CIRCLE('',#9429,0.487392);
#9429 = AXIS2_PLACEMENT_3D('',#9430,#9431,#9432);
#9430 = CARTESIAN_POINT('',(0.,-8.89,1.56));
#9431 = DIRECTION('',(0.,0.,1.));
#9432 = DIRECTION('',(1.,0.,-0.));
#9433 = FACE_BOUND('',#9434,.F.);
#9434 = EDGE_LOOP('',(#9435));
#9435 = ORIENTED_EDGE('',*,*,#9436,.T.);
#9436 = EDGE_CURVE('',#9437,#9437,#9439,.T.);
#9437 = VERTEX_POINT('',#9438);
#9438 = CARTESIAN_POINT('',(3.027392,-8.89,1.56));
#9439 = CIRCLE('',#9440,0.487392);
#9440 = AXIS2_PLACEMENT_3D('',#9441,#9442,#9443);
#9441 = CARTESIAN_POINT('',(2.54,-8.89,1.56));
#9442 = DIRECTION('',(0.,0.,1.));
#9443 = DIRECTION('',(1.,0.,-0.));
#9444 = FACE_BOUND('',#9445,.F.);
#9445 = EDGE_LOOP('',(#9446));
#9446 = ORIENTED_EDGE('',*,*,#9447,.T.);
#9447 = EDGE_CURVE('',#9448,#9448,#9450,.T.);
#9448 = VERTEX_POINT('',#9449);
#9449 = CARTESIAN_POINT('',(-2.052609,8.89,1.56));
#9450 = CIRCLE('',#9451,0.487391);
#9451 = AXIS2_PLACEMENT_3D('',#9452,#9453,#9454);
#9452 = CARTESIAN_POINT('',(-2.54,8.89,1.56));
#9453 = DIRECTION('',(0.,0.,1.));
#9454 = DIRECTION('',(1.,0.,-0.));
#9455 = FACE_BOUND('',#9456,.F.);
#9456 = EDGE_LOOP('',(#9457));
#9457 = ORIENTED_EDGE('',*,*,#9458,.T.);
#9458 = EDGE_CURVE('',#9459,#9459,#9461,.T.);
#9459 = VERTEX_POINT('',#9460);
#9460 = CARTESIAN_POINT('',(0.487391,8.89,1.56));
#9461 = CIRCLE('',#9462,0.487391);
#9462 = AXIS2_PLACEMENT_3D('',#9463,#9464,#9465);
#9463 = CARTESIAN_POINT('',(0.,8.89,1.56));
#9464 = DIRECTION('',(0.,0.,1.));
#9465 = DIRECTION('',(1.,0.,-0.));
#9466 = FACE_BOUND('',#9467,.F.);
#9467 = EDGE_LOOP('',(#9468));
#9468 = ORIENTED_EDGE('',*,*,#9469,.T.);
#9469 = EDGE_CURVE('',#9470,#9470,#9472,.T.);
#9470 = VERTEX_POINT('',#9471);
#9471 = CARTESIAN_POINT('',(3.027391,8.89,1.56));
#9472 = CIRCLE('',#9473,0.487391);
#9473 = AXIS2_PLACEMENT_3D('',#9474,#9475,#9476);
#9474 = CARTESIAN_POINT('',(2.54,8.89,1.56));
#9475 = DIRECTION('',(0.,0.,1.));
#9476 = DIRECTION('',(1.,0.,-0.));
#9477 = PLANE('',#9478);
#9478 = AXIS2_PLACEMENT_3D('',#9479,#9480,#9481);
#9479 = CARTESIAN_POINT('',(0.,0.,1.56));
#9480 = DIRECTION('',(0.,0.,1.));
#9481 = DIRECTION('',(1.,0.,-0.));
#9482 = ( GEOMETRIC_REPRESENTATION_CONTEXT(3) 
GLOBAL_UNCERTAINTY_ASSIGNED_CONTEXT((#9486)) 
GLOBAL_UNIT_ASSIGNED_CONTEXT((#9483,#9484,#9485)) REPRESENTATION_CONTEXT
('Context #1','3D Context with UNIT and UNCERTAINTY') );
#9483 = ( LENGTH_UNIT() NAMED_UNIT(*) SI_UNIT(.MILLI.,.METRE.) );
#9484 = ( NAMED_UNIT(*) PLANE_ANGLE_UNIT() SI_UNIT($,.RADIAN.) );
#9485 = ( NAMED_UNIT(*) SI_UNIT($,.STERADIAN.) SOLID_ANGLE_UNIT() );
#9486 = UNCERTAINTY_MEASURE_WITH_UNIT(LENGTH_MEASURE(1.E-07),#9483,
  'distance_accuracy_value','confusion accuracy');
#9487 = CONTEXT_DEPENDENT_SHAPE_REPRESENTATION(#9488,#9490);
#9488 = ( REPRESENTATION_RELATIONSHIP('','',#9373,#10) 
REPRESENTATION_RELATIONSHIP_WITH_TRANSFORMATION(#9489) 
SHAPE_REPRESENTATION_RELATIONSHIP() );
#9489 = ITEM_DEFINED_TRANSFORMATION('','',#11,#39);
#9490 = PRODUCT_DEFINITION_SHAPE('Placement','Placement of an item',
  #9491);
#9491 = NEXT_ASSEMBLY_USAGE_OCCURRENCE('10','=>[0:1:1:10]','',#5,#9368,$
  );
#9492 = PRODUCT_RELATED_PRODUCT_CATEGORY('part',$,(#9370));
#9493 = SHAPE_DEFINITION_REPRESENTATION(#9494,#9500);
#9494 = PRODUCT_DEFINITION_SHAPE('','',#9495);
#9495 = PRODUCT_DEFINITION('design','',#9496,#9499);
#9496 = PRODUCT_DEFINITION_FORMATION('','',#9497);
#9497 = PRODUCT('pH_soldermask','pH_soldermask','',(#9498));
#9498 = PRODUCT_CONTEXT('',#2,'mechanical');
#9499 = PRODUCT_DEFINITION_CONTEXT('part definition',#2,'design');
#9500 = MANIFOLD_SURFACE_SHAPE_REPRESENTATION('',(#11,#9501),#9609);
#9501 = SHELL_BASED_SURFACE_MODEL('',(#9502));
#9502 = OPEN_SHELL('',(#9503));
#9503 = ADVANCED_FACE('',(#9504,#9538,#9549,#9560,#9571,#9582,#9593),
  #9604,.T.);
#9504 = FACE_BOUND('',#9505,.T.);
#9505 = EDGE_LOOP('',(#9506,#9516,#9524,#9532));
#9506 = ORIENTED_EDGE('',*,*,#9507,.T.);
#9507 = EDGE_CURVE('',#9508,#9510,#9512,.T.);
#9508 = VERTEX_POINT('',#9509);
#9509 = CARTESIAN_POINT('',(-6.985,-10.08,-5.E-02));
#9510 = VERTEX_POINT('',#9511);
#9511 = CARTESIAN_POINT('',(-6.985,10.08,-5.E-02));
#9512 = LINE('',#9513,#9514);
#9513 = CARTESIAN_POINT('',(-6.985,-10.08,-5.E-02));
#9514 = VECTOR('',#9515,1.);
#9515 = DIRECTION('',(0.,1.,0.));
#9516 = ORIENTED_EDGE('',*,*,#9517,.T.);
#9517 = EDGE_CURVE('',#9510,#9518,#9520,.T.);
#9518 = VERTEX_POINT('',#9519);
#9519 = CARTESIAN_POINT('',(6.985,10.08,-5.E-02));
#9520 = LINE('',#9521,#9522);
#9521 = CARTESIAN_POINT('',(-6.985,10.08,-5.E-02));
#9522 = VECTOR('',#9523,1.);
#9523 = DIRECTION('',(1.,0.,0.));
#9524 = ORIENTED_EDGE('',*,*,#9525,.T.);
#9525 = EDGE_CURVE('',#9518,#9526,#9528,.T.);
#9526 = VERTEX_POINT('',#9527);
#9527 = CARTESIAN_POINT('',(6.985,-10.08,-5.E-02));
#9528 = LINE('',#9529,#9530);
#9529 = CARTESIAN_POINT('',(6.985,10.08,-5.E-02));
#9530 = VECTOR('',#9531,1.);
#9531 = DIRECTION('',(0.,-1.,0.));
#9532 = ORIENTED_EDGE('',*,*,#9533,.T.);
#9533 = EDGE_CURVE('',#9526,#9508,#9534,.T.);
#9534 = LINE('',#9535,#9536);
#9535 = CARTESIAN_POINT('',(6.985,-10.08,-5.E-02));
#9536 = VECTOR('',#9537,1.);
#9537 = DIRECTION('',(-1.,0.,0.));
#9538 = FACE_BOUND('',#9539,.T.);
#9539 = EDGE_LOOP('',(#9540));
#9540 = ORIENTED_EDGE('',*,*,#9541,.T.);
#9541 = EDGE_CURVE('',#9542,#9542,#9544,.T.);
#9542 = VERTEX_POINT('',#9543);
#9543 = CARTESIAN_POINT('',(-2.052608,-8.89,-5.E-02));
#9544 = CIRCLE('',#9545,0.487392);
#9545 = AXIS2_PLACEMENT_3D('',#9546,#9547,#9548);
#9546 = CARTESIAN_POINT('',(-2.54,-8.89,-5.E-02));
#9547 = DIRECTION('',(0.,0.,1.));
#9548 = DIRECTION('',(1.,0.,-0.));
#9549 = FACE_BOUND('',#9550,.T.);
#9550 = EDGE_LOOP('',(#9551));
#9551 = ORIENTED_EDGE('',*,*,#9552,.T.);
#9552 = EDGE_CURVE('',#9553,#9553,#9555,.T.);
#9553 = VERTEX_POINT('',#9554);
#9554 = CARTESIAN_POINT('',(0.487392,-8.89,-5.E-02));
#9555 = CIRCLE('',#9556,0.487392);
#9556 = AXIS2_PLACEMENT_3D('',#9557,#9558,#9559);
#9557 = CARTESIAN_POINT('',(0.,-8.89,-5.E-02));
#9558 = DIRECTION('',(0.,0.,1.));
#9559 = DIRECTION('',(1.,0.,-0.));
#9560 = FACE_BOUND('',#9561,.T.);
#9561 = EDGE_LOOP('',(#9562));
#9562 = ORIENTED_EDGE('',*,*,#9563,.T.);
#9563 = EDGE_CURVE('',#9564,#9564,#9566,.T.);
#9564 = VERTEX_POINT('',#9565);
#9565 = CARTESIAN_POINT('',(3.027392,-8.89,-5.E-02));
#9566 = CIRCLE('',#9567,0.487392);
#9567 = AXIS2_PLACEMENT_3D('',#9568,#9569,#9570);
#9568 = CARTESIAN_POINT('',(2.54,-8.89,-5.E-02));
#9569 = DIRECTION('',(0.,0.,1.));
#9570 = DIRECTION('',(1.,0.,-0.));
#9571 = FACE_BOUND('',#9572,.T.);
#9572 = EDGE_LOOP('',(#9573));
#9573 = ORIENTED_EDGE('',*,*,#9574,.T.);
#9574 = EDGE_CURVE('',#9575,#9575,#9577,.T.);
#9575 = VERTEX_POINT('',#9576);
#9576 = CARTESIAN_POINT('',(-2.052609,8.89,-5.E-02));
#9577 = CIRCLE('',#9578,0.487391);
#9578 = AXIS2_PLACEMENT_3D('',#9579,#9580,#9581);
#9579 = CARTESIAN_POINT('',(-2.54,8.89,-5.E-02));
#9580 = DIRECTION('',(0.,0.,1.));
#9581 = DIRECTION('',(1.,0.,-0.));
#9582 = FACE_BOUND('',#9583,.T.);
#9583 = EDGE_LOOP('',(#9584));
#9584 = ORIENTED_EDGE('',*,*,#9585,.T.);
#9585 = EDGE_CURVE('',#9586,#9586,#9588,.T.);
#9586 = VERTEX_POINT('',#9587);
#9587 = CARTESIAN_POINT('',(0.487391,8.89,-5.E-02));
#9588 = CIRCLE('',#9589,0.487391);
#9589 = AXIS2_PLACEMENT_3D('',#9590,#9591,#9592);
#9590 = CARTESIAN_POINT('',(0.,8.89,-5.E-02));
#9591 = DIRECTION('',(0.,0.,1.));
#9592 = DIRECTION('',(1.,0.,-0.));
#9593 = FACE_BOUND('',#9594,.T.);
#9594 = EDGE_LOOP('',(#9595));
#9595 = ORIENTED_EDGE('',*,*,#9596,.T.);
#9596 = EDGE_CURVE('',#9597,#9597,#9599,.T.);
#9597 = VERTEX_POINT('',#9598);
#9598 = CARTESIAN_POINT('',(3.027391,8.89,-5.E-02));
#9599 = CIRCLE('',#9600,0.487391);
#9600 = AXIS2_PLACEMENT_3D('',#9601,#9602,#9603);
#9601 = CARTESIAN_POINT('',(2.54,8.89,-5.E-02));
#9602 = DIRECTION('',(0.,0.,1.));
#9603 = DIRECTION('',(1.,0.,-0.));
#9604 = PLANE('',#9605);
#9605 = AXIS2_PLACEMENT_3D('',#9606,#9607,#9608);
#9606 = CARTESIAN_POINT('',(0.,0.,-5.E-02));
#9607 = DIRECTION('',(-0.,-0.,-1.));
#9608 = DIRECTION('',(-1.,0.,0.));
#9609 = ( GEOMETRIC_REPRESENTATION_CONTEXT(3) 
GLOBAL_UNCERTAINTY_ASSIGNED_CONTEXT((#9613)) 
GLOBAL_UNIT_ASSIGNED_CONTEXT((#9610,#9611,#9612)) REPRESENTATION_CONTEXT
('Context #1','3D Context with UNIT and UNCERTAINTY') );
#9610 = ( LENGTH_UNIT() NAMED_UNIT(*) SI_UNIT(.MILLI.,.METRE.) );
#9611 = ( NAMED_UNIT(*) PLANE_ANGLE_UNIT() SI_UNIT($,.RADIAN.) );
#9612 = ( NAMED_UNIT(*) SI_UNIT($,.STERADIAN.) SOLID_ANGLE_UNIT() );
#9613 = UNCERTAINTY_MEASURE_WITH_UNIT(LENGTH_MEASURE(1.E-07),#9610,
  'distance_accuracy_value','confusion accuracy');
#9614 = CONTEXT_DEPENDENT_SHAPE_REPRESENTATION(#9615,#9617);
#9615 = ( REPRESENTATION_RELATIONSHIP('','',#9500,#10) 
REPRESENTATION_RELATIONSHIP_WITH_TRANSFORMATION(#9616) 
SHAPE_REPRESENTATION_RELATIONSHIP() );
#9616 = ITEM_DEFINED_TRANSFORMATION('','',#11,#43);
#9617 = PRODUCT_DEFINITION_SHAPE('Placement','Placement of an item',
  #9618);
#9618 = NEXT_ASSEMBLY_USAGE_OCCURRENCE('11','=>[0:1:1:11]','',#5,#9495,$
  );
#9619 = PRODUCT_RELATED_PRODUCT_CATEGORY('part',$,(#9497));
#9620 = SHAPE_DEFINITION_REPRESENTATION(#9621,#9627);
#9621 = PRODUCT_DEFINITION_SHAPE('','',#9622);
#9622 = PRODUCT_DEFINITION('design','',#9623,#9626);
#9623 = PRODUCT_DEFINITION_FORMATION('','',#9624);
#9624 = PRODUCT('pH_PCB','pH_PCB','',(#9625));
#9625 = PRODUCT_CONTEXT('',#2,'mechanical');
#9626 = PRODUCT_DEFINITION_CONTEXT('part definition',#2,'design');
#9627 = ADVANCED_BREP_SHAPE_REPRESENTATION('',(#11,#9628),#10012);
#9628 = MANIFOLD_SOLID_BREP('',#9629);
#9629 = CLOSED_SHELL('',(#9630,#9670,#9701,#9732,#9815,#9898,#9910,#9927
    ,#9944,#9961,#9978,#9995));
#9630 = ADVANCED_FACE('',(#9631),#9665,.T.);
#9631 = FACE_BOUND('',#9632,.T.);
#9632 = EDGE_LOOP('',(#9633,#9643,#9651,#9659));
#9633 = ORIENTED_EDGE('',*,*,#9634,.T.);
#9634 = EDGE_CURVE('',#9635,#9637,#9639,.T.);
#9635 = VERTEX_POINT('',#9636);
#9636 = CARTESIAN_POINT('',(6.985,-10.08,0.));
#9637 = VERTEX_POINT('',#9638);
#9638 = CARTESIAN_POINT('',(6.985,-10.08,1.51));
#9639 = LINE('',#9640,#9641);
#9640 = CARTESIAN_POINT('',(6.985,-10.08,0.));
#9641 = VECTOR('',#9642,1.);
#9642 = DIRECTION('',(0.,0.,1.));
#9643 = ORIENTED_EDGE('',*,*,#9644,.T.);
#9644 = EDGE_CURVE('',#9637,#9645,#9647,.T.);
#9645 = VERTEX_POINT('',#9646);
#9646 = CARTESIAN_POINT('',(-6.985,-10.08,1.51));
#9647 = LINE('',#9648,#9649);
#9648 = CARTESIAN_POINT('',(6.985,-10.08,1.51));
#9649 = VECTOR('',#9650,1.);
#9650 = DIRECTION('',(-1.,0.,0.));
#9651 = ORIENTED_EDGE('',*,*,#9652,.F.);
#9652 = EDGE_CURVE('',#9653,#9645,#9655,.T.);
#9653 = VERTEX_POINT('',#9654);
#9654 = CARTESIAN_POINT('',(-6.985,-10.08,0.));
#9655 = LINE('',#9656,#9657);
#9656 = CARTESIAN_POINT('',(-6.985,-10.08,0.));
#9657 = VECTOR('',#9658,1.);
#9658 = DIRECTION('',(0.,0.,1.));
#9659 = ORIENTED_EDGE('',*,*,#9660,.F.);
#9660 = EDGE_CURVE('',#9635,#9653,#9661,.T.);
#9661 = LINE('',#9662,#9663);
#9662 = CARTESIAN_POINT('',(6.985,-10.08,0.));
#9663 = VECTOR('',#9664,1.);
#9664 = DIRECTION('',(-1.,0.,0.));
#9665 = PLANE('',#9666);
#9666 = AXIS2_PLACEMENT_3D('',#9667,#9668,#9669);
#9667 = CARTESIAN_POINT('',(6.985,-10.08,0.));
#9668 = DIRECTION('',(0.,-1.,0.));
#9669 = DIRECTION('',(-1.,0.,0.));
#9670 = ADVANCED_FACE('',(#9671),#9696,.T.);
#9671 = FACE_BOUND('',#9672,.T.);
#9672 = EDGE_LOOP('',(#9673,#9683,#9689,#9690));
#9673 = ORIENTED_EDGE('',*,*,#9674,.T.);
#9674 = EDGE_CURVE('',#9675,#9677,#9679,.T.);
#9675 = VERTEX_POINT('',#9676);
#9676 = CARTESIAN_POINT('',(6.985,10.08,0.));
#9677 = VERTEX_POINT('',#9678);
#9678 = CARTESIAN_POINT('',(6.985,10.08,1.51));
#9679 = LINE('',#9680,#9681);
#9680 = CARTESIAN_POINT('',(6.985,10.08,0.));
#9681 = VECTOR('',#9682,1.);
#9682 = DIRECTION('',(0.,0.,1.));
#9683 = ORIENTED_EDGE('',*,*,#9684,.T.);
#9684 = EDGE_CURVE('',#9677,#9637,#9685,.T.);
#9685 = LINE('',#9686,#9687);
#9686 = CARTESIAN_POINT('',(6.985,10.08,1.51));
#9687 = VECTOR('',#9688,1.);
#9688 = DIRECTION('',(0.,-1.,0.));
#9689 = ORIENTED_EDGE('',*,*,#9634,.F.);
#9690 = ORIENTED_EDGE('',*,*,#9691,.F.);
#9691 = EDGE_CURVE('',#9675,#9635,#9692,.T.);
#9692 = LINE('',#9693,#9694);
#9693 = CARTESIAN_POINT('',(6.985,10.08,0.));
#9694 = VECTOR('',#9695,1.);
#9695 = DIRECTION('',(0.,-1.,0.));
#9696 = PLANE('',#9697);
#9697 = AXIS2_PLACEMENT_3D('',#9698,#9699,#9700);
#9698 = CARTESIAN_POINT('',(6.985,10.08,0.));
#9699 = DIRECTION('',(1.,0.,-0.));
#9700 = DIRECTION('',(0.,-1.,0.));
#9701 = ADVANCED_FACE('',(#9702),#9727,.T.);
#9702 = FACE_BOUND('',#9703,.T.);
#9703 = EDGE_LOOP('',(#9704,#9705,#9713,#9721));
#9704 = ORIENTED_EDGE('',*,*,#9652,.T.);
#9705 = ORIENTED_EDGE('',*,*,#9706,.T.);
#9706 = EDGE_CURVE('',#9645,#9707,#9709,.T.);
#9707 = VERTEX_POINT('',#9708);
#9708 = CARTESIAN_POINT('',(-6.985,10.08,1.51));
#9709 = LINE('',#9710,#9711);
#9710 = CARTESIAN_POINT('',(-6.985,-10.08,1.51));
#9711 = VECTOR('',#9712,1.);
#9712 = DIRECTION('',(0.,1.,0.));
#9713 = ORIENTED_EDGE('',*,*,#9714,.F.);
#9714 = EDGE_CURVE('',#9715,#9707,#9717,.T.);
#9715 = VERTEX_POINT('',#9716);
#9716 = CARTESIAN_POINT('',(-6.985,10.08,0.));
#9717 = LINE('',#9718,#9719);
#9718 = CARTESIAN_POINT('',(-6.985,10.08,0.));
#9719 = VECTOR('',#9720,1.);
#9720 = DIRECTION('',(0.,0.,1.));
#9721 = ORIENTED_EDGE('',*,*,#9722,.F.);
#9722 = EDGE_CURVE('',#9653,#9715,#9723,.T.);
#9723 = LINE('',#9724,#9725);
#9724 = CARTESIAN_POINT('',(-6.985,-10.08,0.));
#9725 = VECTOR('',#9726,1.);
#9726 = DIRECTION('',(0.,1.,0.));
#9727 = PLANE('',#9728);
#9728 = AXIS2_PLACEMENT_3D('',#9729,#9730,#9731);
#9729 = CARTESIAN_POINT('',(-6.985,-10.08,0.));
#9730 = DIRECTION('',(-1.,0.,0.));
#9731 = DIRECTION('',(0.,1.,0.));
#9732 = ADVANCED_FACE('',(#9733,#9744,#9755,#9766,#9777,#9788,#9799),
  #9810,.F.);
#9733 = FACE_BOUND('',#9734,.F.);
#9734 = EDGE_LOOP('',(#9735,#9736,#9737,#9743));
#9735 = ORIENTED_EDGE('',*,*,#9660,.F.);
#9736 = ORIENTED_EDGE('',*,*,#9691,.F.);
#9737 = ORIENTED_EDGE('',*,*,#9738,.F.);
#9738 = EDGE_CURVE('',#9715,#9675,#9739,.T.);
#9739 = LINE('',#9740,#9741);
#9740 = CARTESIAN_POINT('',(-6.985,10.08,0.));
#9741 = VECTOR('',#9742,1.);
#9742 = DIRECTION('',(1.,0.,0.));
#9743 = ORIENTED_EDGE('',*,*,#9722,.F.);
#9744 = FACE_BOUND('',#9745,.F.);
#9745 = EDGE_LOOP('',(#9746));
#9746 = ORIENTED_EDGE('',*,*,#9747,.T.);
#9747 = EDGE_CURVE('',#9748,#9748,#9750,.T.);
#9748 = VERTEX_POINT('',#9749);
#9749 = CARTESIAN_POINT('',(-2.54,-9.39,0.));
#9750 = CIRCLE('',#9751,0.5);
#9751 = AXIS2_PLACEMENT_3D('',#9752,#9753,#9754);
#9752 = CARTESIAN_POINT('',(-2.54,-8.89,0.));
#9753 = DIRECTION('',(-0.,0.,-1.));
#9754 = DIRECTION('',(-0.,-1.,0.));
#9755 = FACE_BOUND('',#9756,.F.);
#9756 = EDGE_LOOP('',(#9757));
#9757 = ORIENTED_EDGE('',*,*,#9758,.T.);
#9758 = EDGE_CURVE('',#9759,#9759,#9761,.T.);
#9759 = VERTEX_POINT('',#9760);
#9760 = CARTESIAN_POINT('',(0.,-9.39,0.));
#9761 = CIRCLE('',#9762,0.5);
#9762 = AXIS2_PLACEMENT_3D('',#9763,#9764,#9765);
#9763 = CARTESIAN_POINT('',(-2.775557561563E-17,-8.89,0.));
#9764 = DIRECTION('',(-0.,0.,-1.));
#9765 = DIRECTION('',(5.551115123126E-17,-1.,-0.));
#9766 = FACE_BOUND('',#9767,.F.);
#9767 = EDGE_LOOP('',(#9768));
#9768 = ORIENTED_EDGE('',*,*,#9769,.T.);
#9769 = EDGE_CURVE('',#9770,#9770,#9772,.T.);
#9770 = VERTEX_POINT('',#9771);
#9771 = CARTESIAN_POINT('',(2.54,-9.39,0.));
#9772 = CIRCLE('',#9773,0.5);
#9773 = AXIS2_PLACEMENT_3D('',#9774,#9775,#9776);
#9774 = CARTESIAN_POINT('',(2.54,-8.89,0.));
#9775 = DIRECTION('',(-0.,0.,-1.));
#9776 = DIRECTION('',(-0.,-1.,0.));
#9777 = FACE_BOUND('',#9778,.F.);
#9778 = EDGE_LOOP('',(#9779));
#9779 = ORIENTED_EDGE('',*,*,#9780,.T.);
#9780 = EDGE_CURVE('',#9781,#9781,#9783,.T.);
#9781 = VERTEX_POINT('',#9782);
#9782 = CARTESIAN_POINT('',(-2.54,8.39,0.));
#9783 = CIRCLE('',#9784,0.5);
#9784 = AXIS2_PLACEMENT_3D('',#9785,#9786,#9787);
#9785 = CARTESIAN_POINT('',(-2.54,8.89,0.));
#9786 = DIRECTION('',(-0.,0.,-1.));
#9787 = DIRECTION('',(-0.,-1.,0.));
#9788 = FACE_BOUND('',#9789,.F.);
#9789 = EDGE_LOOP('',(#9790));
#9790 = ORIENTED_EDGE('',*,*,#9791,.T.);
#9791 = EDGE_CURVE('',#9792,#9792,#9794,.T.);
#9792 = VERTEX_POINT('',#9793);
#9793 = CARTESIAN_POINT('',(0.,8.39,0.));
#9794 = CIRCLE('',#9795,0.5);
#9795 = AXIS2_PLACEMENT_3D('',#9796,#9797,#9798);
#9796 = CARTESIAN_POINT('',(-2.775557561563E-17,8.89,0.));
#9797 = DIRECTION('',(-0.,0.,-1.));
#9798 = DIRECTION('',(5.551115123126E-17,-1.,-0.));
#9799 = FACE_BOUND('',#9800,.F.);
#9800 = EDGE_LOOP('',(#9801));
#9801 = ORIENTED_EDGE('',*,*,#9802,.T.);
#9802 = EDGE_CURVE('',#9803,#9803,#9805,.T.);
#9803 = VERTEX_POINT('',#9804);
#9804 = CARTESIAN_POINT('',(2.54,8.39,0.));
#9805 = CIRCLE('',#9806,0.5);
#9806 = AXIS2_PLACEMENT_3D('',#9807,#9808,#9809);
#9807 = CARTESIAN_POINT('',(2.54,8.89,0.));
#9808 = DIRECTION('',(-0.,0.,-1.));
#9809 = DIRECTION('',(-0.,-1.,0.));
#9810 = PLANE('',#9811);
#9811 = AXIS2_PLACEMENT_3D('',#9812,#9813,#9814);
#9812 = CARTESIAN_POINT('',(0.,0.,0.));
#9813 = DIRECTION('',(0.,0.,1.));
#9814 = DIRECTION('',(1.,0.,-0.));
#9815 = ADVANCED_FACE('',(#9816,#9827,#9838,#9849,#9860,#9871,#9882),
  #9893,.T.);
#9816 = FACE_BOUND('',#9817,.T.);
#9817 = EDGE_LOOP('',(#9818,#9819,#9820,#9826));
#9818 = ORIENTED_EDGE('',*,*,#9644,.F.);
#9819 = ORIENTED_EDGE('',*,*,#9684,.F.);
#9820 = ORIENTED_EDGE('',*,*,#9821,.F.);
#9821 = EDGE_CURVE('',#9707,#9677,#9822,.T.);
#9822 = LINE('',#9823,#9824);
#9823 = CARTESIAN_POINT('',(-6.985,10.08,1.51));
#9824 = VECTOR('',#9825,1.);
#9825 = DIRECTION('',(1.,0.,0.));
#9826 = ORIENTED_EDGE('',*,*,#9706,.F.);
#9827 = FACE_BOUND('',#9828,.T.);
#9828 = EDGE_LOOP('',(#9829));
#9829 = ORIENTED_EDGE('',*,*,#9830,.T.);
#9830 = EDGE_CURVE('',#9831,#9831,#9833,.T.);
#9831 = VERTEX_POINT('',#9832);
#9832 = CARTESIAN_POINT('',(-2.54,-9.39,1.51));
#9833 = CIRCLE('',#9834,0.5);
#9834 = AXIS2_PLACEMENT_3D('',#9835,#9836,#9837);
#9835 = CARTESIAN_POINT('',(-2.54,-8.89,1.51));
#9836 = DIRECTION('',(-0.,0.,-1.));
#9837 = DIRECTION('',(-0.,-1.,0.));
#9838 = FACE_BOUND('',#9839,.T.);
#9839 = EDGE_LOOP('',(#9840));
#9840 = ORIENTED_EDGE('',*,*,#9841,.T.);
#9841 = EDGE_CURVE('',#9842,#9842,#9844,.T.);
#9842 = VERTEX_POINT('',#9843);
#9843 = CARTESIAN_POINT('',(0.,-9.39,1.51));
#9844 = CIRCLE('',#9845,0.5);
#9845 = AXIS2_PLACEMENT_3D('',#9846,#9847,#9848);
#9846 = CARTESIAN_POINT('',(-2.775557561563E-17,-8.89,1.51));
#9847 = DIRECTION('',(-0.,0.,-1.));
#9848 = DIRECTION('',(5.551115123126E-17,-1.,-0.));
#9849 = FACE_BOUND('',#9850,.T.);
#9850 = EDGE_LOOP('',(#9851));
#9851 = ORIENTED_EDGE('',*,*,#9852,.T.);
#9852 = EDGE_CURVE('',#9853,#9853,#9855,.T.);
#9853 = VERTEX_POINT('',#9854);
#9854 = CARTESIAN_POINT('',(2.54,-9.39,1.51));
#9855 = CIRCLE('',#9856,0.5);
#9856 = AXIS2_PLACEMENT_3D('',#9857,#9858,#9859);
#9857 = CARTESIAN_POINT('',(2.54,-8.89,1.51));
#9858 = DIRECTION('',(-0.,0.,-1.));
#9859 = DIRECTION('',(-0.,-1.,0.));
#9860 = FACE_BOUND('',#9861,.T.);
#9861 = EDGE_LOOP('',(#9862));
#9862 = ORIENTED_EDGE('',*,*,#9863,.T.);
#9863 = EDGE_CURVE('',#9864,#9864,#9866,.T.);
#9864 = VERTEX_POINT('',#9865);
#9865 = CARTESIAN_POINT('',(-2.54,8.39,1.51));
#9866 = CIRCLE('',#9867,0.5);
#9867 = AXIS2_PLACEMENT_3D('',#9868,#9869,#9870);
#9868 = CARTESIAN_POINT('',(-2.54,8.89,1.51));
#9869 = DIRECTION('',(-0.,0.,-1.));
#9870 = DIRECTION('',(-0.,-1.,0.));
#9871 = FACE_BOUND('',#9872,.T.);
#9872 = EDGE_LOOP('',(#9873));
#9873 = ORIENTED_EDGE('',*,*,#9874,.T.);
#9874 = EDGE_CURVE('',#9875,#9875,#9877,.T.);
#9875 = VERTEX_POINT('',#9876);
#9876 = CARTESIAN_POINT('',(0.,8.39,1.51));
#9877 = CIRCLE('',#9878,0.5);
#9878 = AXIS2_PLACEMENT_3D('',#9879,#9880,#9881);
#9879 = CARTESIAN_POINT('',(-2.775557561563E-17,8.89,1.51));
#9880 = DIRECTION('',(-0.,0.,-1.));
#9881 = DIRECTION('',(5.551115123126E-17,-1.,-0.));
#9882 = FACE_BOUND('',#9883,.T.);
#9883 = EDGE_LOOP('',(#9884));
#9884 = ORIENTED_EDGE('',*,*,#9885,.T.);
#9885 = EDGE_CURVE('',#9886,#9886,#9888,.T.);
#9886 = VERTEX_POINT('',#9887);
#9887 = CARTESIAN_POINT('',(2.54,8.39,1.51));
#9888 = CIRCLE('',#9889,0.5);
#9889 = AXIS2_PLACEMENT_3D('',#9890,#9891,#9892);
#9890 = CARTESIAN_POINT('',(2.54,8.89,1.51));
#9891 = DIRECTION('',(-0.,0.,-1.));
#9892 = DIRECTION('',(-0.,-1.,0.));
#9893 = PLANE('',#9894);
#9894 = AXIS2_PLACEMENT_3D('',#9895,#9896,#9897);
#9895 = CARTESIAN_POINT('',(0.,0.,1.51));
#9896 = DIRECTION('',(0.,0.,1.));
#9897 = DIRECTION('',(1.,0.,-0.));
#9898 = ADVANCED_FACE('',(#9899),#9905,.T.);
#9899 = FACE_BOUND('',#9900,.T.);
#9900 = EDGE_LOOP('',(#9901,#9902,#9903,#9904));
#9901 = ORIENTED_EDGE('',*,*,#9714,.T.);
#9902 = ORIENTED_EDGE('',*,*,#9821,.T.);
#9903 = ORIENTED_EDGE('',*,*,#9674,.F.);
#9904 = ORIENTED_EDGE('',*,*,#9738,.F.);
#9905 = PLANE('',#9906);
#9906 = AXIS2_PLACEMENT_3D('',#9907,#9908,#9909);
#9907 = CARTESIAN_POINT('',(-6.985,10.08,0.));
#9908 = DIRECTION('',(0.,1.,0.));
#9909 = DIRECTION('',(1.,0.,0.));
#9910 = ADVANCED_FACE('',(#9911),#9922,.F.);
#9911 = FACE_BOUND('',#9912,.T.);
#9912 = EDGE_LOOP('',(#9913,#9914,#9920,#9921));
#9913 = ORIENTED_EDGE('',*,*,#9747,.T.);
#9914 = ORIENTED_EDGE('',*,*,#9915,.T.);
#9915 = EDGE_CURVE('',#9748,#9831,#9916,.T.);
#9916 = LINE('',#9917,#9918);
#9917 = CARTESIAN_POINT('',(-2.54,-9.39,-4.6E-02));
#9918 = VECTOR('',#9919,1.);
#9919 = DIRECTION('',(0.,0.,1.));
#9920 = ORIENTED_EDGE('',*,*,#9830,.F.);
#9921 = ORIENTED_EDGE('',*,*,#9915,.F.);
#9922 = CYLINDRICAL_SURFACE('',#9923,0.5);
#9923 = AXIS2_PLACEMENT_3D('',#9924,#9925,#9926);
#9924 = CARTESIAN_POINT('',(-2.54,-8.89,-4.6E-02));
#9925 = DIRECTION('',(-0.,-0.,-1.));
#9926 = DIRECTION('',(-0.,-1.,0.));
#9927 = ADVANCED_FACE('',(#9928),#9939,.F.);
#9928 = FACE_BOUND('',#9929,.T.);
#9929 = EDGE_LOOP('',(#9930,#9931,#9937,#9938));
#9930 = ORIENTED_EDGE('',*,*,#9758,.T.);
#9931 = ORIENTED_EDGE('',*,*,#9932,.T.);
#9932 = EDGE_CURVE('',#9759,#9842,#9933,.T.);
#9933 = LINE('',#9934,#9935);
#9934 = CARTESIAN_POINT('',(0.,-9.39,-4.6E-02));
#9935 = VECTOR('',#9936,1.);
#9936 = DIRECTION('',(0.,0.,1.));
#9937 = ORIENTED_EDGE('',*,*,#9841,.F.);
#9938 = ORIENTED_EDGE('',*,*,#9932,.F.);
#9939 = CYLINDRICAL_SURFACE('',#9940,0.5);
#9940 = AXIS2_PLACEMENT_3D('',#9941,#9942,#9943);
#9941 = CARTESIAN_POINT('',(-2.775557561563E-17,-8.89,-4.6E-02));
#9942 = DIRECTION('',(-0.,0.,-1.));
#9943 = DIRECTION('',(5.551115123126E-17,-1.,-0.));
#9944 = ADVANCED_FACE('',(#9945),#9956,.F.);
#9945 = FACE_BOUND('',#9946,.T.);
#9946 = EDGE_LOOP('',(#9947,#9948,#9954,#9955));
#9947 = ORIENTED_EDGE('',*,*,#9769,.T.);
#9948 = ORIENTED_EDGE('',*,*,#9949,.T.);
#9949 = EDGE_CURVE('',#9770,#9853,#9950,.T.);
#9950 = LINE('',#9951,#9952);
#9951 = CARTESIAN_POINT('',(2.54,-9.39,-4.6E-02));
#9952 = VECTOR('',#9953,1.);
#9953 = DIRECTION('',(0.,0.,1.));
#9954 = ORIENTED_EDGE('',*,*,#9852,.F.);
#9955 = ORIENTED_EDGE('',*,*,#9949,.F.);
#9956 = CYLINDRICAL_SURFACE('',#9957,0.5);
#9957 = AXIS2_PLACEMENT_3D('',#9958,#9959,#9960);
#9958 = CARTESIAN_POINT('',(2.54,-8.89,-4.6E-02));
#9959 = DIRECTION('',(-0.,-0.,-1.));
#9960 = DIRECTION('',(-0.,-1.,0.));
#9961 = ADVANCED_FACE('',(#9962),#9973,.F.);
#9962 = FACE_BOUND('',#9963,.T.);
#9963 = EDGE_LOOP('',(#9964,#9965,#9971,#9972));
#9964 = ORIENTED_EDGE('',*,*,#9780,.T.);
#9965 = ORIENTED_EDGE('',*,*,#9966,.T.);
#9966 = EDGE_CURVE('',#9781,#9864,#9967,.T.);
#9967 = LINE('',#9968,#9969);
#9968 = CARTESIAN_POINT('',(-2.54,8.39,-4.6E-02));
#9969 = VECTOR('',#9970,1.);
#9970 = DIRECTION('',(0.,0.,1.));
#9971 = ORIENTED_EDGE('',*,*,#9863,.F.);
#9972 = ORIENTED_EDGE('',*,*,#9966,.F.);
#9973 = CYLINDRICAL_SURFACE('',#9974,0.5);
#9974 = AXIS2_PLACEMENT_3D('',#9975,#9976,#9977);
#9975 = CARTESIAN_POINT('',(-2.54,8.89,-4.6E-02));
#9976 = DIRECTION('',(-0.,-0.,-1.));
#9977 = DIRECTION('',(-0.,-1.,0.));
#9978 = ADVANCED_FACE('',(#9979),#9990,.F.);
#9979 = FACE_BOUND('',#9980,.T.);
#9980 = EDGE_LOOP('',(#9981,#9982,#9988,#9989));
#9981 = ORIENTED_EDGE('',*,*,#9791,.T.);
#9982 = ORIENTED_EDGE('',*,*,#9983,.T.);
#9983 = EDGE_CURVE('',#9792,#9875,#9984,.T.);
#9984 = LINE('',#9985,#9986);
#9985 = CARTESIAN_POINT('',(0.,8.39,-4.6E-02));
#9986 = VECTOR('',#9987,1.);
#9987 = DIRECTION('',(0.,0.,1.));
#9988 = ORIENTED_EDGE('',*,*,#9874,.F.);
#9989 = ORIENTED_EDGE('',*,*,#9983,.F.);
#9990 = CYLINDRICAL_SURFACE('',#9991,0.5);
#9991 = AXIS2_PLACEMENT_3D('',#9992,#9993,#9994);
#9992 = CARTESIAN_POINT('',(-2.775557561563E-17,8.89,-4.6E-02));
#9993 = DIRECTION('',(-0.,0.,-1.));
#9994 = DIRECTION('',(5.551115123126E-17,-1.,-0.));
#9995 = ADVANCED_FACE('',(#9996),#10007,.F.);
#9996 = FACE_BOUND('',#9997,.T.);
#9997 = EDGE_LOOP('',(#9998,#9999,#10005,#10006));
#9998 = ORIENTED_EDGE('',*,*,#9802,.T.);
#9999 = ORIENTED_EDGE('',*,*,#10000,.T.);
#10000 = EDGE_CURVE('',#9803,#9886,#10001,.T.);
#10001 = LINE('',#10002,#10003);
#10002 = CARTESIAN_POINT('',(2.54,8.39,-4.6E-02));
#10003 = VECTOR('',#10004,1.);
#10004 = DIRECTION('',(0.,0.,1.));
#10005 = ORIENTED_EDGE('',*,*,#9885,.F.);
#10006 = ORIENTED_EDGE('',*,*,#10000,.F.);
#10007 = CYLINDRICAL_SURFACE('',#10008,0.5);
#10008 = AXIS2_PLACEMENT_3D('',#10009,#10010,#10011);
#10009 = CARTESIAN_POINT('',(2.54,8.89,-4.6E-02));
#10010 = DIRECTION('',(-0.,-0.,-1.));
#10011 = DIRECTION('',(-0.,-1.,0.));
#10012 = ( GEOMETRIC_REPRESENTATION_CONTEXT(3) 
GLOBAL_UNCERTAINTY_ASSIGNED_CONTEXT((#10016)) 
GLOBAL_UNIT_ASSIGNED_CONTEXT((#10013,#10014,#10015)) 
REPRESENTATION_CONTEXT('Context #1',
  '3D Context with UNIT and UNCERTAINTY') );
#10013 = ( LENGTH_UNIT() NAMED_UNIT(*) SI_UNIT(.MILLI.,.METRE.) );
#10014 = ( NAMED_UNIT(*) PLANE_ANGLE_UNIT() SI_UNIT($,.RADIAN.) );
#10015 = ( NAMED_UNIT(*) SI_UNIT($,.STERADIAN.) SOLID_ANGLE_UNIT() );
#10016 = UNCERTAINTY_MEASURE_WITH_UNIT(LENGTH_MEASURE(1.E-07),#10013,
  'distance_accuracy_value','confusion accuracy');
#10017 = CONTEXT_DEPENDENT_SHAPE_REPRESENTATION(#10018,#10020);
#10018 = ( REPRESENTATION_RELATIONSHIP('','',#9627,#10) 
REPRESENTATION_RELATIONSHIP_WITH_TRANSFORMATION(#10019) 
SHAPE_REPRESENTATION_RELATIONSHIP() );
#10019 = ITEM_DEFINED_TRANSFORMATION('','',#11,#47);
#10020 = PRODUCT_DEFINITION_SHAPE('Placement','Placement of an item',
  #10021);
#10021 = NEXT_ASSEMBLY_USAGE_OCCURRENCE('12','=>[0:1:1:12]','',#5,#9622,
  $);
#10022 = PRODUCT_RELATED_PRODUCT_CATEGORY('part',$,(#9624));
#10023 = MECHANICAL_DESIGN_GEOMETRIC_PRESENTATION_REPRESENTATION('',(
    #10024),#9609);
#10024 = STYLED_ITEM('color',(#10025),#9503);
#10025 = PRESENTATION_STYLE_ASSIGNMENT((#10026));
#10026 = SURFACE_STYLE_USAGE(.BOTH.,#10027);
#10027 = SURFACE_SIDE_STYLE('',(#10028,#10032));
#10028 = SURFACE_STYLE_FILL_AREA(#10029);
#10029 = FILL_AREA_STYLE('',(#10030));
#10030 = FILL_AREA_STYLE_COLOUR('',#10031);
#10031 = COLOUR_RGB('',0.313304153717,0.484529207832,0.410020903123);
#10032 = SURFACE_STYLE_RENDERING_WITH_PROPERTIES(.NORMAL_SHADING.,#10031
  ,(#10033));
#10033 = SURFACE_STYLE_TRANSPARENT(0.170000016689);
#10034 = MECHANICAL_DESIGN_GEOMETRIC_PRESENTATION_REPRESENTATION('',(
    #10035,#10043,#10050,#10057,#10064,#10071,#10078,#10085,#10093,
    #10100,#10107,#10114,#10121,#10128,#10135,#10142,#10149,#10156,
    #10163,#10170,#10177,#10184,#10191,#10198,#10205,#10212,#10219,
    #10226,#10233,#10240,#10247,#10254,#10261,#10268,#10275,#10282,
    #10290,#10297,#10304,#10311,#10318,#10325,#10332,#10339,#10346,
    #10353,#10360,#10367,#10374,#10381),#6121);
#10035 = STYLED_ITEM('color',(#10036),#4600);
#10036 = PRESENTATION_STYLE_ASSIGNMENT((#10037));
#10037 = SURFACE_STYLE_USAGE(.BOTH.,#10038);
#10038 = SURFACE_SIDE_STYLE('',(#10039));
#10039 = SURFACE_STYLE_FILL_AREA(#10040);
#10040 = FILL_AREA_STYLE('',(#10041));
#10041 = FILL_AREA_STYLE_COLOUR('',#10042);
#10042 = COLOUR_RGB('',0.894999966383,0.890999961016,0.813000030345);
#10043 = STYLED_ITEM('color',(#10044),#4640);
#10044 = PRESENTATION_STYLE_ASSIGNMENT((#10045));
#10045 = SURFACE_STYLE_USAGE(.BOTH.,#10046);
#10046 = SURFACE_SIDE_STYLE('',(#10047));
#10047 = SURFACE_STYLE_FILL_AREA(#10048);
#10048 = FILL_AREA_STYLE('',(#10049));
#10049 = FILL_AREA_STYLE_COLOUR('',#10042);
#10050 = STYLED_ITEM('color',(#10051),#4687);
#10051 = PRESENTATION_STYLE_ASSIGNMENT((#10052));
#10052 = SURFACE_STYLE_USAGE(.BOTH.,#10053);
#10053 = SURFACE_SIDE_STYLE('',(#10054));
#10054 = SURFACE_STYLE_FILL_AREA(#10055);
#10055 = FILL_AREA_STYLE('',(#10056));
#10056 = FILL_AREA_STYLE_COLOUR('',#10042);
#10057 = STYLED_ITEM('color',(#10058),#4766);
#10058 = PRESENTATION_STYLE_ASSIGNMENT((#10059));
#10059 = SURFACE_STYLE_USAGE(.BOTH.,#10060);
#10060 = SURFACE_SIDE_STYLE('',(#10061));
#10061 = SURFACE_STYLE_FILL_AREA(#10062);
#10062 = FILL_AREA_STYLE('',(#10063));
#10063 = FILL_AREA_STYLE_COLOUR('',#10042);
#10064 = STYLED_ITEM('color',(#10065),#4790);
#10065 = PRESENTATION_STYLE_ASSIGNMENT((#10066));
#10066 = SURFACE_STYLE_USAGE(.BOTH.,#10067);
#10067 = SURFACE_SIDE_STYLE('',(#10068));
#10068 = SURFACE_STYLE_FILL_AREA(#10069);
#10069 = FILL_AREA_STYLE('',(#10070));
#10070 = FILL_AREA_STYLE_COLOUR('',#10042);
#10071 = STYLED_ITEM('color',(#10072),#4830);
#10072 = PRESENTATION_STYLE_ASSIGNMENT((#10073));
#10073 = SURFACE_STYLE_USAGE(.BOTH.,#10074);
#10074 = SURFACE_SIDE_STYLE('',(#10075));
#10075 = SURFACE_STYLE_FILL_AREA(#10076);
#10076 = FILL_AREA_STYLE('',(#10077));
#10077 = FILL_AREA_STYLE_COLOUR('',#10042);
#10078 = STYLED_ITEM('color',(#10079),#4861);
#10079 = PRESENTATION_STYLE_ASSIGNMENT((#10080));
#10080 = SURFACE_STYLE_USAGE(.BOTH.,#10081);
#10081 = SURFACE_SIDE_STYLE('',(#10082));
#10082 = SURFACE_STYLE_FILL_AREA(#10083);
#10083 = FILL_AREA_STYLE('',(#10084));
#10084 = FILL_AREA_STYLE_COLOUR('',#10042);
#10085 = STYLED_ITEM('color',(#10086),#4878);
#10086 = PRESENTATION_STYLE_ASSIGNMENT((#10087));
#10087 = SURFACE_STYLE_USAGE(.BOTH.,#10088);
#10088 = SURFACE_SIDE_STYLE('',(#10089));
#10089 = SURFACE_STYLE_FILL_AREA(#10090);
#10090 = FILL_AREA_STYLE('',(#10091));
#10091 = FILL_AREA_STYLE_COLOUR('',#10092);
#10092 = COLOUR_RGB('',0.859000020776,0.737999965183,0.495999988746);
#10093 = STYLED_ITEM('color',(#10094),#4911);
#10094 = PRESENTATION_STYLE_ASSIGNMENT((#10095));
#10095 = SURFACE_STYLE_USAGE(.BOTH.,#10096);
#10096 = SURFACE_SIDE_STYLE('',(#10097));
#10097 = SURFACE_STYLE_FILL_AREA(#10098);
#10098 = FILL_AREA_STYLE('',(#10099));
#10099 = FILL_AREA_STYLE_COLOUR('',#10042);
#10100 = STYLED_ITEM('color',(#10101),#4935);
#10101 = PRESENTATION_STYLE_ASSIGNMENT((#10102));
#10102 = SURFACE_STYLE_USAGE(.BOTH.,#10103);
#10103 = SURFACE_SIDE_STYLE('',(#10104));
#10104 = SURFACE_STYLE_FILL_AREA(#10105);
#10105 = FILL_AREA_STYLE('',(#10106));
#10106 = FILL_AREA_STYLE_COLOUR('',#10092);
#10107 = STYLED_ITEM('color',(#10108),#5002);
#10108 = PRESENTATION_STYLE_ASSIGNMENT((#10109));
#10109 = SURFACE_STYLE_USAGE(.BOTH.,#10110);
#10110 = SURFACE_SIDE_STYLE('',(#10111));
#10111 = SURFACE_STYLE_FILL_AREA(#10112);
#10112 = FILL_AREA_STYLE('',(#10113));
#10113 = FILL_AREA_STYLE_COLOUR('',#10042);
#10114 = STYLED_ITEM('color',(#10115),#5123);
#10115 = PRESENTATION_STYLE_ASSIGNMENT((#10116));
#10116 = SURFACE_STYLE_USAGE(.BOTH.,#10117);
#10117 = SURFACE_SIDE_STYLE('',(#10118));
#10118 = SURFACE_STYLE_FILL_AREA(#10119);
#10119 = FILL_AREA_STYLE('',(#10120));
#10120 = FILL_AREA_STYLE_COLOUR('',#10092);
#10121 = STYLED_ITEM('color',(#10122),#5190);
#10122 = PRESENTATION_STYLE_ASSIGNMENT((#10123));
#10123 = SURFACE_STYLE_USAGE(.BOTH.,#10124);
#10124 = SURFACE_SIDE_STYLE('',(#10125));
#10125 = SURFACE_STYLE_FILL_AREA(#10126);
#10126 = FILL_AREA_STYLE('',(#10127));
#10127 = FILL_AREA_STYLE_COLOUR('',#10042);
#10128 = STYLED_ITEM('color',(#10129),#5214);
#10129 = PRESENTATION_STYLE_ASSIGNMENT((#10130));
#10130 = SURFACE_STYLE_USAGE(.BOTH.,#10131);
#10131 = SURFACE_SIDE_STYLE('',(#10132));
#10132 = SURFACE_STYLE_FILL_AREA(#10133);
#10133 = FILL_AREA_STYLE('',(#10134));
#10134 = FILL_AREA_STYLE_COLOUR('',#10042);
#10135 = STYLED_ITEM('color',(#10136),#5245);
#10136 = PRESENTATION_STYLE_ASSIGNMENT((#10137));
#10137 = SURFACE_STYLE_USAGE(.BOTH.,#10138);
#10138 = SURFACE_SIDE_STYLE('',(#10139));
#10139 = SURFACE_STYLE_FILL_AREA(#10140);
#10140 = FILL_AREA_STYLE('',(#10141));
#10141 = FILL_AREA_STYLE_COLOUR('',#10092);
#10142 = STYLED_ITEM('color',(#10143),#5278);
#10143 = PRESENTATION_STYLE_ASSIGNMENT((#10144));
#10144 = SURFACE_STYLE_USAGE(.BOTH.,#10145);
#10145 = SURFACE_SIDE_STYLE('',(#10146));
#10146 = SURFACE_STYLE_FILL_AREA(#10147);
#10147 = FILL_AREA_STYLE('',(#10148));
#10148 = FILL_AREA_STYLE_COLOUR('',#10042);
#10149 = STYLED_ITEM('color',(#10150),#5334);
#10150 = PRESENTATION_STYLE_ASSIGNMENT((#10151));
#10151 = SURFACE_STYLE_USAGE(.BOTH.,#10152);
#10152 = SURFACE_SIDE_STYLE('',(#10153));
#10153 = SURFACE_STYLE_FILL_AREA(#10154);
#10154 = FILL_AREA_STYLE('',(#10155));
#10155 = FILL_AREA_STYLE_COLOUR('',#10092);
#10156 = STYLED_ITEM('color',(#10157),#5358);
#10157 = PRESENTATION_STYLE_ASSIGNMENT((#10158));
#10158 = SURFACE_STYLE_USAGE(.BOTH.,#10159);
#10159 = SURFACE_SIDE_STYLE('',(#10160));
#10160 = SURFACE_STYLE_FILL_AREA(#10161);
#10161 = FILL_AREA_STYLE('',(#10162));
#10162 = FILL_AREA_STYLE_COLOUR('',#10092);
#10163 = STYLED_ITEM('color',(#10164),#5382);
#10164 = PRESENTATION_STYLE_ASSIGNMENT((#10165));
#10165 = SURFACE_STYLE_USAGE(.BOTH.,#10166);
#10166 = SURFACE_SIDE_STYLE('',(#10167));
#10167 = SURFACE_STYLE_FILL_AREA(#10168);
#10168 = FILL_AREA_STYLE('',(#10169));
#10169 = FILL_AREA_STYLE_COLOUR('',#10092);
#10170 = STYLED_ITEM('color',(#10171),#5406);
#10171 = PRESENTATION_STYLE_ASSIGNMENT((#10172));
#10172 = SURFACE_STYLE_USAGE(.BOTH.,#10173);
#10173 = SURFACE_SIDE_STYLE('',(#10174));
#10174 = SURFACE_STYLE_FILL_AREA(#10175);
#10175 = FILL_AREA_STYLE('',(#10176));
#10176 = FILL_AREA_STYLE_COLOUR('',#10092);
#10177 = STYLED_ITEM('color',(#10178),#5439);
#10178 = PRESENTATION_STYLE_ASSIGNMENT((#10179));
#10179 = SURFACE_STYLE_USAGE(.BOTH.,#10180);
#10180 = SURFACE_SIDE_STYLE('',(#10181));
#10181 = SURFACE_STYLE_FILL_AREA(#10182);
#10182 = FILL_AREA_STYLE('',(#10183));
#10183 = FILL_AREA_STYLE_COLOUR('',#10092);
#10184 = STYLED_ITEM('color',(#10185),#5451);
#10185 = PRESENTATION_STYLE_ASSIGNMENT((#10186));
#10186 = SURFACE_STYLE_USAGE(.BOTH.,#10187);
#10187 = SURFACE_SIDE_STYLE('',(#10188));
#10188 = SURFACE_STYLE_FILL_AREA(#10189);
#10189 = FILL_AREA_STYLE('',(#10190));
#10190 = FILL_AREA_STYLE_COLOUR('',#10092);
#10191 = STYLED_ITEM('color',(#10192),#5514);
#10192 = PRESENTATION_STYLE_ASSIGNMENT((#10193));
#10193 = SURFACE_STYLE_USAGE(.BOTH.,#10194);
#10194 = SURFACE_SIDE_STYLE('',(#10195));
#10195 = SURFACE_STYLE_FILL_AREA(#10196);
#10196 = FILL_AREA_STYLE('',(#10197));
#10197 = FILL_AREA_STYLE_COLOUR('',#10092);
#10198 = STYLED_ITEM('color',(#10199),#5539);
#10199 = PRESENTATION_STYLE_ASSIGNMENT((#10200));
#10200 = SURFACE_STYLE_USAGE(.BOTH.,#10201);
#10201 = SURFACE_SIDE_STYLE('',(#10202));
#10202 = SURFACE_STYLE_FILL_AREA(#10203);
#10203 = FILL_AREA_STYLE('',(#10204));
#10204 = FILL_AREA_STYLE_COLOUR('',#10092);
#10205 = STYLED_ITEM('color',(#10206),#5556);
#10206 = PRESENTATION_STYLE_ASSIGNMENT((#10207));
#10207 = SURFACE_STYLE_USAGE(.BOTH.,#10208);
#10208 = SURFACE_SIDE_STYLE('',(#10209));
#10209 = SURFACE_STYLE_FILL_AREA(#10210);
#10210 = FILL_AREA_STYLE('',(#10211));
#10211 = FILL_AREA_STYLE_COLOUR('',#10092);
#10212 = STYLED_ITEM('color',(#10213),#5580);
#10213 = PRESENTATION_STYLE_ASSIGNMENT((#10214));
#10214 = SURFACE_STYLE_USAGE(.BOTH.,#10215);
#10215 = SURFACE_SIDE_STYLE('',(#10216));
#10216 = SURFACE_STYLE_FILL_AREA(#10217);
#10217 = FILL_AREA_STYLE('',(#10218));
#10218 = FILL_AREA_STYLE_COLOUR('',#10092);
#10219 = STYLED_ITEM('color',(#10220),#5598);
#10220 = PRESENTATION_STYLE_ASSIGNMENT((#10221));
#10221 = SURFACE_STYLE_USAGE(.BOTH.,#10222);
#10222 = SURFACE_SIDE_STYLE('',(#10223));
#10223 = SURFACE_STYLE_FILL_AREA(#10224);
#10224 = FILL_AREA_STYLE('',(#10225));
#10225 = FILL_AREA_STYLE_COLOUR('',#10092);
#10226 = STYLED_ITEM('color',(#10227),#5616);
#10227 = PRESENTATION_STYLE_ASSIGNMENT((#10228));
#10228 = SURFACE_STYLE_USAGE(.BOTH.,#10229);
#10229 = SURFACE_SIDE_STYLE('',(#10230));
#10230 = SURFACE_STYLE_FILL_AREA(#10231);
#10231 = FILL_AREA_STYLE('',(#10232));
#10232 = FILL_AREA_STYLE_COLOUR('',#10092);
#10233 = STYLED_ITEM('color',(#10234),#5634);
#10234 = PRESENTATION_STYLE_ASSIGNMENT((#10235));
#10235 = SURFACE_STYLE_USAGE(.BOTH.,#10236);
#10236 = SURFACE_SIDE_STYLE('',(#10237));
#10237 = SURFACE_STYLE_FILL_AREA(#10238);
#10238 = FILL_AREA_STYLE('',(#10239));
#10239 = FILL_AREA_STYLE_COLOUR('',#10092);
#10240 = STYLED_ITEM('color',(#10241),#5651);
#10241 = PRESENTATION_STYLE_ASSIGNMENT((#10242));
#10242 = SURFACE_STYLE_USAGE(.BOTH.,#10243);
#10243 = SURFACE_SIDE_STYLE('',(#10244));
#10244 = SURFACE_STYLE_FILL_AREA(#10245);
#10245 = FILL_AREA_STYLE('',(#10246));
#10246 = FILL_AREA_STYLE_COLOUR('',#10092);
#10247 = STYLED_ITEM('color',(#10248),#5668);
#10248 = PRESENTATION_STYLE_ASSIGNMENT((#10249));
#10249 = SURFACE_STYLE_USAGE(.BOTH.,#10250);
#10250 = SURFACE_SIDE_STYLE('',(#10251));
#10251 = SURFACE_STYLE_FILL_AREA(#10252);
#10252 = FILL_AREA_STYLE('',(#10253));
#10253 = FILL_AREA_STYLE_COLOUR('',#10092);
#10254 = STYLED_ITEM('color',(#10255),#5699);
#10255 = PRESENTATION_STYLE_ASSIGNMENT((#10256));
#10256 = SURFACE_STYLE_USAGE(.BOTH.,#10257);
#10257 = SURFACE_SIDE_STYLE('',(#10258));
#10258 = SURFACE_STYLE_FILL_AREA(#10259);
#10259 = FILL_AREA_STYLE('',(#10260));
#10260 = FILL_AREA_STYLE_COLOUR('',#10092);
#10261 = STYLED_ITEM('color',(#10262),#5724);
#10262 = PRESENTATION_STYLE_ASSIGNMENT((#10263));
#10263 = SURFACE_STYLE_USAGE(.BOTH.,#10264);
#10264 = SURFACE_SIDE_STYLE('',(#10265));
#10265 = SURFACE_STYLE_FILL_AREA(#10266);
#10266 = FILL_AREA_STYLE('',(#10267));
#10267 = FILL_AREA_STYLE_COLOUR('',#10092);
#10268 = STYLED_ITEM('color',(#10269),#5749);
#10269 = PRESENTATION_STYLE_ASSIGNMENT((#10270));
#10270 = SURFACE_STYLE_USAGE(.BOTH.,#10271);
#10271 = SURFACE_SIDE_STYLE('',(#10272));
#10272 = SURFACE_STYLE_FILL_AREA(#10273);
#10273 = FILL_AREA_STYLE('',(#10274));
#10274 = FILL_AREA_STYLE_COLOUR('',#10092);
#10275 = STYLED_ITEM('color',(#10276),#5773);
#10276 = PRESENTATION_STYLE_ASSIGNMENT((#10277));
#10277 = SURFACE_STYLE_USAGE(.BOTH.,#10278);
#10278 = SURFACE_SIDE_STYLE('',(#10279));
#10279 = SURFACE_STYLE_FILL_AREA(#10280);
#10280 = FILL_AREA_STYLE('',(#10281));
#10281 = FILL_AREA_STYLE_COLOUR('',#10092);
#10282 = STYLED_ITEM('color',(#10283),#5790);
#10283 = PRESENTATION_STYLE_ASSIGNMENT((#10284));
#10284 = SURFACE_STYLE_USAGE(.BOTH.,#10285);
#10285 = SURFACE_SIDE_STYLE('',(#10286));
#10286 = SURFACE_STYLE_FILL_AREA(#10287);
#10287 = FILL_AREA_STYLE('',(#10288));
#10288 = FILL_AREA_STYLE_COLOUR('',#10289);
#10289 = COLOUR_RGB('',0.340000006699,0.68000001254,0.444999988852);
#10290 = STYLED_ITEM('color',(#10291),#5821);
#10291 = PRESENTATION_STYLE_ASSIGNMENT((#10292));
#10292 = SURFACE_STYLE_USAGE(.BOTH.,#10293);
#10293 = SURFACE_SIDE_STYLE('',(#10294));
#10294 = SURFACE_STYLE_FILL_AREA(#10295);
#10295 = FILL_AREA_STYLE('',(#10296));
#10296 = FILL_AREA_STYLE_COLOUR('',#10289);
#10297 = STYLED_ITEM('color',(#10298),#5845);
#10298 = PRESENTATION_STYLE_ASSIGNMENT((#10299));
#10299 = SURFACE_STYLE_USAGE(.BOTH.,#10300);
#10300 = SURFACE_SIDE_STYLE('',(#10301));
#10301 = SURFACE_STYLE_FILL_AREA(#10302);
#10302 = FILL_AREA_STYLE('',(#10303));
#10303 = FILL_AREA_STYLE_COLOUR('',#10289);
#10304 = STYLED_ITEM('color',(#10305),#5862);
#10305 = PRESENTATION_STYLE_ASSIGNMENT((#10306));
#10306 = SURFACE_STYLE_USAGE(.BOTH.,#10307);
#10307 = SURFACE_SIDE_STYLE('',(#10308));
#10308 = SURFACE_STYLE_FILL_AREA(#10309);
#10309 = FILL_AREA_STYLE('',(#10310));
#10310 = FILL_AREA_STYLE_COLOUR('',#10092);
#10311 = STYLED_ITEM('color',(#10312),#5890);
#10312 = PRESENTATION_STYLE_ASSIGNMENT((#10313));
#10313 = SURFACE_STYLE_USAGE(.BOTH.,#10314);
#10314 = SURFACE_SIDE_STYLE('',(#10315));
#10315 = SURFACE_STYLE_FILL_AREA(#10316);
#10316 = FILL_AREA_STYLE('',(#10317));
#10317 = FILL_AREA_STYLE_COLOUR('',#10092);
#10318 = STYLED_ITEM('color',(#10319),#5915);
#10319 = PRESENTATION_STYLE_ASSIGNMENT((#10320));
#10320 = SURFACE_STYLE_USAGE(.BOTH.,#10321);
#10321 = SURFACE_SIDE_STYLE('',(#10322));
#10322 = SURFACE_STYLE_FILL_AREA(#10323);
#10323 = FILL_AREA_STYLE('',(#10324));
#10324 = FILL_AREA_STYLE_COLOUR('',#10092);
#10325 = STYLED_ITEM('color',(#10326),#5939);
#10326 = PRESENTATION_STYLE_ASSIGNMENT((#10327));
#10327 = SURFACE_STYLE_USAGE(.BOTH.,#10328);
#10328 = SURFACE_SIDE_STYLE('',(#10329));
#10329 = SURFACE_STYLE_FILL_AREA(#10330);
#10330 = FILL_AREA_STYLE('',(#10331));
#10331 = FILL_AREA_STYLE_COLOUR('',#10092);
#10332 = STYLED_ITEM('color',(#10333),#5964);
#10333 = PRESENTATION_STYLE_ASSIGNMENT((#10334));
#10334 = SURFACE_STYLE_USAGE(.BOTH.,#10335);
#10335 = SURFACE_SIDE_STYLE('',(#10336));
#10336 = SURFACE_STYLE_FILL_AREA(#10337);
#10337 = FILL_AREA_STYLE('',(#10338));
#10338 = FILL_AREA_STYLE_COLOUR('',#10092);
#10339 = STYLED_ITEM('color',(#10340),#6011);
#10340 = PRESENTATION_STYLE_ASSIGNMENT((#10341));
#10341 = SURFACE_STYLE_USAGE(.BOTH.,#10342);
#10342 = SURFACE_SIDE_STYLE('',(#10343));
#10343 = SURFACE_STYLE_FILL_AREA(#10344);
#10344 = FILL_AREA_STYLE('',(#10345));
#10345 = FILL_AREA_STYLE_COLOUR('',#10092);
#10346 = STYLED_ITEM('color',(#10347),#6028);
#10347 = PRESENTATION_STYLE_ASSIGNMENT((#10348));
#10348 = SURFACE_STYLE_USAGE(.BOTH.,#10349);
#10349 = SURFACE_SIDE_STYLE('',(#10350));
#10350 = SURFACE_STYLE_FILL_AREA(#10351);
#10351 = FILL_AREA_STYLE('',(#10352));
#10352 = FILL_AREA_STYLE_COLOUR('',#10092);
#10353 = STYLED_ITEM('color',(#10354),#6040);
#10354 = PRESENTATION_STYLE_ASSIGNMENT((#10355));
#10355 = SURFACE_STYLE_USAGE(.BOTH.,#10356);
#10356 = SURFACE_SIDE_STYLE('',(#10357));
#10357 = SURFACE_STYLE_FILL_AREA(#10358);
#10358 = FILL_AREA_STYLE('',(#10359));
#10359 = FILL_AREA_STYLE_COLOUR('',#10092);
#10360 = STYLED_ITEM('color',(#10361),#6062);
#10361 = PRESENTATION_STYLE_ASSIGNMENT((#10362));
#10362 = SURFACE_STYLE_USAGE(.BOTH.,#10363);
#10363 = SURFACE_SIDE_STYLE('',(#10364));
#10364 = SURFACE_STYLE_FILL_AREA(#10365);
#10365 = FILL_AREA_STYLE('',(#10366));
#10366 = FILL_AREA_STYLE_COLOUR('',#10092);
#10367 = STYLED_ITEM('color',(#10368),#6074);
#10368 = PRESENTATION_STYLE_ASSIGNMENT((#10369));
#10369 = SURFACE_STYLE_USAGE(.BOTH.,#10370);
#10370 = SURFACE_SIDE_STYLE('',(#10371));
#10371 = SURFACE_STYLE_FILL_AREA(#10372);
#10372 = FILL_AREA_STYLE('',(#10373));
#10373 = FILL_AREA_STYLE_COLOUR('',#10092);
#10374 = STYLED_ITEM('color',(#10375),#6092);
#10375 = PRESENTATION_STYLE_ASSIGNMENT((#10376));
#10376 = SURFACE_STYLE_USAGE(.BOTH.,#10377);
#10377 = SURFACE_SIDE_STYLE('',(#10378));
#10378 = SURFACE_STYLE_FILL_AREA(#10379);
#10379 = FILL_AREA_STYLE('',(#10380));
#10380 = FILL_AREA_STYLE_COLOUR('',#10092);
#10381 = STYLED_ITEM('color',(#10382),#6110);
#10382 = PRESENTATION_STYLE_ASSIGNMENT((#10383));
#10383 = SURFACE_STYLE_USAGE(.BOTH.,#10384);
#10384 = SURFACE_SIDE_STYLE('',(#10385));
#10385 = SURFACE_STYLE_FILL_AREA(#10386);
#10386 = FILL_AREA_STYLE('',(#10387));
#10387 = FILL_AREA_STYLE_COLOUR('',#10289);
#10388 = MECHANICAL_DESIGN_GEOMETRIC_PRESENTATION_REPRESENTATION('',(
    #10389),#9482);
#10389 = STYLED_ITEM('color',(#10390),#9376);
#10390 = PRESENTATION_STYLE_ASSIGNMENT((#10391));
#10391 = SURFACE_STYLE_USAGE(.BOTH.,#10392);
#10392 = SURFACE_SIDE_STYLE('',(#10393,#10396));
#10393 = SURFACE_STYLE_FILL_AREA(#10394);
#10394 = FILL_AREA_STYLE('',(#10395));
#10395 = FILL_AREA_STYLE_COLOUR('',#10031);
#10396 = SURFACE_STYLE_RENDERING_WITH_PROPERTIES(.NORMAL_SHADING.,#10031
  ,(#10397));
#10397 = SURFACE_STYLE_TRANSPARENT(0.170000016689);
#10398 = MECHANICAL_DESIGN_GEOMETRIC_PRESENTATION_REPRESENTATION('',(
    #10399,#10407,#10414,#10421,#10428,#10435,#10442,#10449,#10456,
    #10463,#10470,#10477,#10484,#10491,#10498,#10505,#10512,#10519,
    #10526,#10533,#10540,#10547,#10554,#10561,#10568,#10575,#10582,
    #10589,#10596,#10603,#10610,#10617,#10624,#10631,#10638,#10645,
    #10652,#10659,#10666,#10673,#10680,#10687,#10694,#10701,#10708,
    #10715,#10722,#10729,#10736,#10743,#10750,#10757,#10764,#10771,
    #10778,#10785,#10792,#10799,#10806,#10813,#10820,#10827,#10834,
    #10841,#10848,#10855,#10862,#10869,#10876,#10883,#10890,#10897,
    #10904,#10911,#10918,#10925),#8269);
#10399 = STYLED_ITEM('color',(#10400),#6165);
#10400 = PRESENTATION_STYLE_ASSIGNMENT((#10401));
#10401 = SURFACE_STYLE_USAGE(.BOTH.,#10402);
#10402 = SURFACE_SIDE_STYLE('',(#10403));
#10403 = SURFACE_STYLE_FILL_AREA(#10404);
#10404 = FILL_AREA_STYLE('',(#10405));
#10405 = FILL_AREA_STYLE_COLOUR('',#10406);
#10406 = COLOUR_RGB('',0.147999998088,0.145000001626,0.145000001626);
#10407 = STYLED_ITEM('color',(#10408),#6205);
#10408 = PRESENTATION_STYLE_ASSIGNMENT((#10409));
#10409 = SURFACE_STYLE_USAGE(.BOTH.,#10410);
#10410 = SURFACE_SIDE_STYLE('',(#10411));
#10411 = SURFACE_STYLE_FILL_AREA(#10412);
#10412 = FILL_AREA_STYLE('',(#10413));
#10413 = FILL_AREA_STYLE_COLOUR('',#10406);
#10414 = STYLED_ITEM('color',(#10415),#6236);
#10415 = PRESENTATION_STYLE_ASSIGNMENT((#10416));
#10416 = SURFACE_STYLE_USAGE(.BOTH.,#10417);
#10417 = SURFACE_SIDE_STYLE('',(#10418));
#10418 = SURFACE_STYLE_FILL_AREA(#10419);
#10419 = FILL_AREA_STYLE('',(#10420));
#10420 = FILL_AREA_STYLE_COLOUR('',#10406);
#10421 = STYLED_ITEM('color',(#10422),#6267);
#10422 = PRESENTATION_STYLE_ASSIGNMENT((#10423));
#10423 = SURFACE_STYLE_USAGE(.BOTH.,#10424);
#10424 = SURFACE_SIDE_STYLE('',(#10425));
#10425 = SURFACE_STYLE_FILL_AREA(#10426);
#10426 = FILL_AREA_STYLE('',(#10427));
#10427 = FILL_AREA_STYLE_COLOUR('',#10406);
#10428 = STYLED_ITEM('color',(#10429),#6514);
#10429 = PRESENTATION_STYLE_ASSIGNMENT((#10430));
#10430 = SURFACE_STYLE_USAGE(.BOTH.,#10431);
#10431 = SURFACE_SIDE_STYLE('',(#10432));
#10432 = SURFACE_STYLE_FILL_AREA(#10433);
#10433 = FILL_AREA_STYLE('',(#10434));
#10434 = FILL_AREA_STYLE_COLOUR('',#10406);
#10435 = STYLED_ITEM('color',(#10436),#6761);
#10436 = PRESENTATION_STYLE_ASSIGNMENT((#10437));
#10437 = SURFACE_STYLE_USAGE(.BOTH.,#10438);
#10438 = SURFACE_SIDE_STYLE('',(#10439));
#10439 = SURFACE_STYLE_FILL_AREA(#10440);
#10440 = FILL_AREA_STYLE('',(#10441));
#10441 = FILL_AREA_STYLE_COLOUR('',#10406);
#10442 = STYLED_ITEM('color',(#10443),#6778);
#10443 = PRESENTATION_STYLE_ASSIGNMENT((#10444));
#10444 = SURFACE_STYLE_USAGE(.BOTH.,#10445);
#10445 = SURFACE_SIDE_STYLE('',(#10446));
#10446 = SURFACE_STYLE_FILL_AREA(#10447);
#10447 = FILL_AREA_STYLE('',(#10448));
#10448 = FILL_AREA_STYLE_COLOUR('',#10406);
#10449 = STYLED_ITEM('color',(#10450),#6795);
#10450 = PRESENTATION_STYLE_ASSIGNMENT((#10451));
#10451 = SURFACE_STYLE_USAGE(.BOTH.,#10452);
#10452 = SURFACE_SIDE_STYLE('',(#10453));
#10453 = SURFACE_STYLE_FILL_AREA(#10454);
#10454 = FILL_AREA_STYLE('',(#10455));
#10455 = FILL_AREA_STYLE_COLOUR('',#10406);
#10456 = STYLED_ITEM('color',(#10457),#6812);
#10457 = PRESENTATION_STYLE_ASSIGNMENT((#10458));
#10458 = SURFACE_STYLE_USAGE(.BOTH.,#10459);
#10459 = SURFACE_SIDE_STYLE('',(#10460));
#10460 = SURFACE_STYLE_FILL_AREA(#10461);
#10461 = FILL_AREA_STYLE('',(#10462));
#10462 = FILL_AREA_STYLE_COLOUR('',#10406);
#10463 = STYLED_ITEM('color',(#10464),#6829);
#10464 = PRESENTATION_STYLE_ASSIGNMENT((#10465));
#10465 = SURFACE_STYLE_USAGE(.BOTH.,#10466);
#10466 = SURFACE_SIDE_STYLE('',(#10467));
#10467 = SURFACE_STYLE_FILL_AREA(#10468);
#10468 = FILL_AREA_STYLE('',(#10469));
#10469 = FILL_AREA_STYLE_COLOUR('',#10406);
#10470 = STYLED_ITEM('color',(#10471),#6846);
#10471 = PRESENTATION_STYLE_ASSIGNMENT((#10472));
#10472 = SURFACE_STYLE_USAGE(.BOTH.,#10473);
#10473 = SURFACE_SIDE_STYLE('',(#10474));
#10474 = SURFACE_STYLE_FILL_AREA(#10475);
#10475 = FILL_AREA_STYLE('',(#10476));
#10476 = FILL_AREA_STYLE_COLOUR('',#10406);
#10477 = STYLED_ITEM('color',(#10478),#6863);
#10478 = PRESENTATION_STYLE_ASSIGNMENT((#10479));
#10479 = SURFACE_STYLE_USAGE(.BOTH.,#10480);
#10480 = SURFACE_SIDE_STYLE('',(#10481));
#10481 = SURFACE_STYLE_FILL_AREA(#10482);
#10482 = FILL_AREA_STYLE('',(#10483));
#10483 = FILL_AREA_STYLE_COLOUR('',#10406);
#10484 = STYLED_ITEM('color',(#10485),#6880);
#10485 = PRESENTATION_STYLE_ASSIGNMENT((#10486));
#10486 = SURFACE_STYLE_USAGE(.BOTH.,#10487);
#10487 = SURFACE_SIDE_STYLE('',(#10488));
#10488 = SURFACE_STYLE_FILL_AREA(#10489);
#10489 = FILL_AREA_STYLE('',(#10490));
#10490 = FILL_AREA_STYLE_COLOUR('',#10406);
#10491 = STYLED_ITEM('color',(#10492),#6897);
#10492 = PRESENTATION_STYLE_ASSIGNMENT((#10493));
#10493 = SURFACE_STYLE_USAGE(.BOTH.,#10494);
#10494 = SURFACE_SIDE_STYLE('',(#10495));
#10495 = SURFACE_STYLE_FILL_AREA(#10496);
#10496 = FILL_AREA_STYLE('',(#10497));
#10497 = FILL_AREA_STYLE_COLOUR('',#10406);
#10498 = STYLED_ITEM('color',(#10499),#6914);
#10499 = PRESENTATION_STYLE_ASSIGNMENT((#10500));
#10500 = SURFACE_STYLE_USAGE(.BOTH.,#10501);
#10501 = SURFACE_SIDE_STYLE('',(#10502));
#10502 = SURFACE_STYLE_FILL_AREA(#10503);
#10503 = FILL_AREA_STYLE('',(#10504));
#10504 = FILL_AREA_STYLE_COLOUR('',#10406);
#10505 = STYLED_ITEM('color',(#10506),#6931);
#10506 = PRESENTATION_STYLE_ASSIGNMENT((#10507));
#10507 = SURFACE_STYLE_USAGE(.BOTH.,#10508);
#10508 = SURFACE_SIDE_STYLE('',(#10509));
#10509 = SURFACE_STYLE_FILL_AREA(#10510);
#10510 = FILL_AREA_STYLE('',(#10511));
#10511 = FILL_AREA_STYLE_COLOUR('',#10406);
#10512 = STYLED_ITEM('color',(#10513),#6948);
#10513 = PRESENTATION_STYLE_ASSIGNMENT((#10514));
#10514 = SURFACE_STYLE_USAGE(.BOTH.,#10515);
#10515 = SURFACE_SIDE_STYLE('',(#10516));
#10516 = SURFACE_STYLE_FILL_AREA(#10517);
#10517 = FILL_AREA_STYLE('',(#10518));
#10518 = FILL_AREA_STYLE_COLOUR('',#10406);
#10519 = STYLED_ITEM('color',(#10520),#6965);
#10520 = PRESENTATION_STYLE_ASSIGNMENT((#10521));
#10521 = SURFACE_STYLE_USAGE(.BOTH.,#10522);
#10522 = SURFACE_SIDE_STYLE('',(#10523));
#10523 = SURFACE_STYLE_FILL_AREA(#10524);
#10524 = FILL_AREA_STYLE('',(#10525));
#10525 = FILL_AREA_STYLE_COLOUR('',#10406);
#10526 = STYLED_ITEM('color',(#10527),#6982);
#10527 = PRESENTATION_STYLE_ASSIGNMENT((#10528));
#10528 = SURFACE_STYLE_USAGE(.BOTH.,#10529);
#10529 = SURFACE_SIDE_STYLE('',(#10530));
#10530 = SURFACE_STYLE_FILL_AREA(#10531);
#10531 = FILL_AREA_STYLE('',(#10532));
#10532 = FILL_AREA_STYLE_COLOUR('',#10406);
#10533 = STYLED_ITEM('color',(#10534),#6999);
#10534 = PRESENTATION_STYLE_ASSIGNMENT((#10535));
#10535 = SURFACE_STYLE_USAGE(.BOTH.,#10536);
#10536 = SURFACE_SIDE_STYLE('',(#10537));
#10537 = SURFACE_STYLE_FILL_AREA(#10538);
#10538 = FILL_AREA_STYLE('',(#10539));
#10539 = FILL_AREA_STYLE_COLOUR('',#10406);
#10540 = STYLED_ITEM('color',(#10541),#7016);
#10541 = PRESENTATION_STYLE_ASSIGNMENT((#10542));
#10542 = SURFACE_STYLE_USAGE(.BOTH.,#10543);
#10543 = SURFACE_SIDE_STYLE('',(#10544));
#10544 = SURFACE_STYLE_FILL_AREA(#10545);
#10545 = FILL_AREA_STYLE('',(#10546));
#10546 = FILL_AREA_STYLE_COLOUR('',#10406);
#10547 = STYLED_ITEM('color',(#10548),#7033);
#10548 = PRESENTATION_STYLE_ASSIGNMENT((#10549));
#10549 = SURFACE_STYLE_USAGE(.BOTH.,#10550);
#10550 = SURFACE_SIDE_STYLE('',(#10551));
#10551 = SURFACE_STYLE_FILL_AREA(#10552);
#10552 = FILL_AREA_STYLE('',(#10553));
#10553 = FILL_AREA_STYLE_COLOUR('',#10406);
#10554 = STYLED_ITEM('color',(#10555),#7045);
#10555 = PRESENTATION_STYLE_ASSIGNMENT((#10556));
#10556 = SURFACE_STYLE_USAGE(.BOTH.,#10557);
#10557 = SURFACE_SIDE_STYLE('',(#10558));
#10558 = SURFACE_STYLE_FILL_AREA(#10559);
#10559 = FILL_AREA_STYLE('',(#10560));
#10560 = FILL_AREA_STYLE_COLOUR('',#10092);
#10561 = STYLED_ITEM('color',(#10562),#7076);
#10562 = PRESENTATION_STYLE_ASSIGNMENT((#10563));
#10563 = SURFACE_STYLE_USAGE(.BOTH.,#10564);
#10564 = SURFACE_SIDE_STYLE('',(#10565));
#10565 = SURFACE_STYLE_FILL_AREA(#10566);
#10566 = FILL_AREA_STYLE('',(#10567));
#10567 = FILL_AREA_STYLE_COLOUR('',#10092);
#10568 = STYLED_ITEM('color',(#10569),#7100);
#10569 = PRESENTATION_STYLE_ASSIGNMENT((#10570));
#10570 = SURFACE_STYLE_USAGE(.BOTH.,#10571);
#10571 = SURFACE_SIDE_STYLE('',(#10572));
#10572 = SURFACE_STYLE_FILL_AREA(#10573);
#10573 = FILL_AREA_STYLE('',(#10574));
#10574 = FILL_AREA_STYLE_COLOUR('',#10092);
#10575 = STYLED_ITEM('color',(#10576),#7124);
#10576 = PRESENTATION_STYLE_ASSIGNMENT((#10577));
#10577 = SURFACE_STYLE_USAGE(.BOTH.,#10578);
#10578 = SURFACE_SIDE_STYLE('',(#10579));
#10579 = SURFACE_STYLE_FILL_AREA(#10580);
#10580 = FILL_AREA_STYLE('',(#10581));
#10581 = FILL_AREA_STYLE_COLOUR('',#10092);
#10582 = STYLED_ITEM('color',(#10583),#7141);
#10583 = PRESENTATION_STYLE_ASSIGNMENT((#10584));
#10584 = SURFACE_STYLE_USAGE(.BOTH.,#10585);
#10585 = SURFACE_SIDE_STYLE('',(#10586));
#10586 = SURFACE_STYLE_FILL_AREA(#10587);
#10587 = FILL_AREA_STYLE('',(#10588));
#10588 = FILL_AREA_STYLE_COLOUR('',#10092);
#10589 = STYLED_ITEM('color',(#10590),#7172);
#10590 = PRESENTATION_STYLE_ASSIGNMENT((#10591));
#10591 = SURFACE_STYLE_USAGE(.BOTH.,#10592);
#10592 = SURFACE_SIDE_STYLE('',(#10593));
#10593 = SURFACE_STYLE_FILL_AREA(#10594);
#10594 = FILL_AREA_STYLE('',(#10595));
#10595 = FILL_AREA_STYLE_COLOUR('',#10092);
#10596 = STYLED_ITEM('color',(#10597),#7196);
#10597 = PRESENTATION_STYLE_ASSIGNMENT((#10598));
#10598 = SURFACE_STYLE_USAGE(.BOTH.,#10599);
#10599 = SURFACE_SIDE_STYLE('',(#10600));
#10600 = SURFACE_STYLE_FILL_AREA(#10601);
#10601 = FILL_AREA_STYLE('',(#10602));
#10602 = FILL_AREA_STYLE_COLOUR('',#10092);
#10603 = STYLED_ITEM('color',(#10604),#7220);
#10604 = PRESENTATION_STYLE_ASSIGNMENT((#10605));
#10605 = SURFACE_STYLE_USAGE(.BOTH.,#10606);
#10606 = SURFACE_SIDE_STYLE('',(#10607));
#10607 = SURFACE_STYLE_FILL_AREA(#10608);
#10608 = FILL_AREA_STYLE('',(#10609));
#10609 = FILL_AREA_STYLE_COLOUR('',#10092);
#10610 = STYLED_ITEM('color',(#10611),#7237);
#10611 = PRESENTATION_STYLE_ASSIGNMENT((#10612));
#10612 = SURFACE_STYLE_USAGE(.BOTH.,#10613);
#10613 = SURFACE_SIDE_STYLE('',(#10614));
#10614 = SURFACE_STYLE_FILL_AREA(#10615);
#10615 = FILL_AREA_STYLE('',(#10616));
#10616 = FILL_AREA_STYLE_COLOUR('',#10092);
#10617 = STYLED_ITEM('color',(#10618),#7268);
#10618 = PRESENTATION_STYLE_ASSIGNMENT((#10619));
#10619 = SURFACE_STYLE_USAGE(.BOTH.,#10620);
#10620 = SURFACE_SIDE_STYLE('',(#10621));
#10621 = SURFACE_STYLE_FILL_AREA(#10622);
#10622 = FILL_AREA_STYLE('',(#10623));
#10623 = FILL_AREA_STYLE_COLOUR('',#10092);
#10624 = STYLED_ITEM('color',(#10625),#7292);
#10625 = PRESENTATION_STYLE_ASSIGNMENT((#10626));
#10626 = SURFACE_STYLE_USAGE(.BOTH.,#10627);
#10627 = SURFACE_SIDE_STYLE('',(#10628));
#10628 = SURFACE_STYLE_FILL_AREA(#10629);
#10629 = FILL_AREA_STYLE('',(#10630));
#10630 = FILL_AREA_STYLE_COLOUR('',#10092);
#10631 = STYLED_ITEM('color',(#10632),#7316);
#10632 = PRESENTATION_STYLE_ASSIGNMENT((#10633));
#10633 = SURFACE_STYLE_USAGE(.BOTH.,#10634);
#10634 = SURFACE_SIDE_STYLE('',(#10635));
#10635 = SURFACE_STYLE_FILL_AREA(#10636);
#10636 = FILL_AREA_STYLE('',(#10637));
#10637 = FILL_AREA_STYLE_COLOUR('',#10092);
#10638 = STYLED_ITEM('color',(#10639),#7333);
#10639 = PRESENTATION_STYLE_ASSIGNMENT((#10640));
#10640 = SURFACE_STYLE_USAGE(.BOTH.,#10641);
#10641 = SURFACE_SIDE_STYLE('',(#10642));
#10642 = SURFACE_STYLE_FILL_AREA(#10643);
#10643 = FILL_AREA_STYLE('',(#10644));
#10644 = FILL_AREA_STYLE_COLOUR('',#10092);
#10645 = STYLED_ITEM('color',(#10646),#7364);
#10646 = PRESENTATION_STYLE_ASSIGNMENT((#10647));
#10647 = SURFACE_STYLE_USAGE(.BOTH.,#10648);
#10648 = SURFACE_SIDE_STYLE('',(#10649));
#10649 = SURFACE_STYLE_FILL_AREA(#10650);
#10650 = FILL_AREA_STYLE('',(#10651));
#10651 = FILL_AREA_STYLE_COLOUR('',#10092);
#10652 = STYLED_ITEM('color',(#10653),#7388);
#10653 = PRESENTATION_STYLE_ASSIGNMENT((#10654));
#10654 = SURFACE_STYLE_USAGE(.BOTH.,#10655);
#10655 = SURFACE_SIDE_STYLE('',(#10656));
#10656 = SURFACE_STYLE_FILL_AREA(#10657);
#10657 = FILL_AREA_STYLE('',(#10658));
#10658 = FILL_AREA_STYLE_COLOUR('',#10092);
#10659 = STYLED_ITEM('color',(#10660),#7412);
#10660 = PRESENTATION_STYLE_ASSIGNMENT((#10661));
#10661 = SURFACE_STYLE_USAGE(.BOTH.,#10662);
#10662 = SURFACE_SIDE_STYLE('',(#10663));
#10663 = SURFACE_STYLE_FILL_AREA(#10664);
#10664 = FILL_AREA_STYLE('',(#10665));
#10665 = FILL_AREA_STYLE_COLOUR('',#10092);
#10666 = STYLED_ITEM('color',(#10667),#7429);
#10667 = PRESENTATION_STYLE_ASSIGNMENT((#10668));
#10668 = SURFACE_STYLE_USAGE(.BOTH.,#10669);
#10669 = SURFACE_SIDE_STYLE('',(#10670));
#10670 = SURFACE_STYLE_FILL_AREA(#10671);
#10671 = FILL_AREA_STYLE('',(#10672));
#10672 = FILL_AREA_STYLE_COLOUR('',#10092);
#10673 = STYLED_ITEM('color',(#10674),#7460);
#10674 = PRESENTATION_STYLE_ASSIGNMENT((#10675));
#10675 = SURFACE_STYLE_USAGE(.BOTH.,#10676);
#10676 = SURFACE_SIDE_STYLE('',(#10677));
#10677 = SURFACE_STYLE_FILL_AREA(#10678);
#10678 = FILL_AREA_STYLE('',(#10679));
#10679 = FILL_AREA_STYLE_COLOUR('',#10092);
#10680 = STYLED_ITEM('color',(#10681),#7484);
#10681 = PRESENTATION_STYLE_ASSIGNMENT((#10682));
#10682 = SURFACE_STYLE_USAGE(.BOTH.,#10683);
#10683 = SURFACE_SIDE_STYLE('',(#10684));
#10684 = SURFACE_STYLE_FILL_AREA(#10685);
#10685 = FILL_AREA_STYLE('',(#10686));
#10686 = FILL_AREA_STYLE_COLOUR('',#10092);
#10687 = STYLED_ITEM('color',(#10688),#7508);
#10688 = PRESENTATION_STYLE_ASSIGNMENT((#10689));
#10689 = SURFACE_STYLE_USAGE(.BOTH.,#10690);
#10690 = SURFACE_SIDE_STYLE('',(#10691));
#10691 = SURFACE_STYLE_FILL_AREA(#10692);
#10692 = FILL_AREA_STYLE('',(#10693));
#10693 = FILL_AREA_STYLE_COLOUR('',#10092);
#10694 = STYLED_ITEM('color',(#10695),#7525);
#10695 = PRESENTATION_STYLE_ASSIGNMENT((#10696));
#10696 = SURFACE_STYLE_USAGE(.BOTH.,#10697);
#10697 = SURFACE_SIDE_STYLE('',(#10698));
#10698 = SURFACE_STYLE_FILL_AREA(#10699);
#10699 = FILL_AREA_STYLE('',(#10700));
#10700 = FILL_AREA_STYLE_COLOUR('',#10092);
#10701 = STYLED_ITEM('color',(#10702),#7556);
#10702 = PRESENTATION_STYLE_ASSIGNMENT((#10703));
#10703 = SURFACE_STYLE_USAGE(.BOTH.,#10704);
#10704 = SURFACE_SIDE_STYLE('',(#10705));
#10705 = SURFACE_STYLE_FILL_AREA(#10706);
#10706 = FILL_AREA_STYLE('',(#10707));
#10707 = FILL_AREA_STYLE_COLOUR('',#10092);
#10708 = STYLED_ITEM('color',(#10709),#7580);
#10709 = PRESENTATION_STYLE_ASSIGNMENT((#10710));
#10710 = SURFACE_STYLE_USAGE(.BOTH.,#10711);
#10711 = SURFACE_SIDE_STYLE('',(#10712));
#10712 = SURFACE_STYLE_FILL_AREA(#10713);
#10713 = FILL_AREA_STYLE('',(#10714));
#10714 = FILL_AREA_STYLE_COLOUR('',#10092);
#10715 = STYLED_ITEM('color',(#10716),#7604);
#10716 = PRESENTATION_STYLE_ASSIGNMENT((#10717));
#10717 = SURFACE_STYLE_USAGE(.BOTH.,#10718);
#10718 = SURFACE_SIDE_STYLE('',(#10719));
#10719 = SURFACE_STYLE_FILL_AREA(#10720);
#10720 = FILL_AREA_STYLE('',(#10721));
#10721 = FILL_AREA_STYLE_COLOUR('',#10092);
#10722 = STYLED_ITEM('color',(#10723),#7621);
#10723 = PRESENTATION_STYLE_ASSIGNMENT((#10724));
#10724 = SURFACE_STYLE_USAGE(.BOTH.,#10725);
#10725 = SURFACE_SIDE_STYLE('',(#10726));
#10726 = SURFACE_STYLE_FILL_AREA(#10727);
#10727 = FILL_AREA_STYLE('',(#10728));
#10728 = FILL_AREA_STYLE_COLOUR('',#10092);
#10729 = STYLED_ITEM('color',(#10730),#7652);
#10730 = PRESENTATION_STYLE_ASSIGNMENT((#10731));
#10731 = SURFACE_STYLE_USAGE(.BOTH.,#10732);
#10732 = SURFACE_SIDE_STYLE('',(#10733));
#10733 = SURFACE_STYLE_FILL_AREA(#10734);
#10734 = FILL_AREA_STYLE('',(#10735));
#10735 = FILL_AREA_STYLE_COLOUR('',#10092);
#10736 = STYLED_ITEM('color',(#10737),#7676);
#10737 = PRESENTATION_STYLE_ASSIGNMENT((#10738));
#10738 = SURFACE_STYLE_USAGE(.BOTH.,#10739);
#10739 = SURFACE_SIDE_STYLE('',(#10740));
#10740 = SURFACE_STYLE_FILL_AREA(#10741);
#10741 = FILL_AREA_STYLE('',(#10742));
#10742 = FILL_AREA_STYLE_COLOUR('',#10092);
#10743 = STYLED_ITEM('color',(#10744),#7700);
#10744 = PRESENTATION_STYLE_ASSIGNMENT((#10745));
#10745 = SURFACE_STYLE_USAGE(.BOTH.,#10746);
#10746 = SURFACE_SIDE_STYLE('',(#10747));
#10747 = SURFACE_STYLE_FILL_AREA(#10748);
#10748 = FILL_AREA_STYLE('',(#10749));
#10749 = FILL_AREA_STYLE_COLOUR('',#10092);
#10750 = STYLED_ITEM('color',(#10751),#7717);
#10751 = PRESENTATION_STYLE_ASSIGNMENT((#10752));
#10752 = SURFACE_STYLE_USAGE(.BOTH.,#10753);
#10753 = SURFACE_SIDE_STYLE('',(#10754));
#10754 = SURFACE_STYLE_FILL_AREA(#10755);
#10755 = FILL_AREA_STYLE('',(#10756));
#10756 = FILL_AREA_STYLE_COLOUR('',#10092);
#10757 = STYLED_ITEM('color',(#10758),#7748);
#10758 = PRESENTATION_STYLE_ASSIGNMENT((#10759));
#10759 = SURFACE_STYLE_USAGE(.BOTH.,#10760);
#10760 = SURFACE_SIDE_STYLE('',(#10761));
#10761 = SURFACE_STYLE_FILL_AREA(#10762);
#10762 = FILL_AREA_STYLE('',(#10763));
#10763 = FILL_AREA_STYLE_COLOUR('',#10092);
#10764 = STYLED_ITEM('color',(#10765),#7772);
#10765 = PRESENTATION_STYLE_ASSIGNMENT((#10766));
#10766 = SURFACE_STYLE_USAGE(.BOTH.,#10767);
#10767 = SURFACE_SIDE_STYLE('',(#10768));
#10768 = SURFACE_STYLE_FILL_AREA(#10769);
#10769 = FILL_AREA_STYLE('',(#10770));
#10770 = FILL_AREA_STYLE_COLOUR('',#10092);
#10771 = STYLED_ITEM('color',(#10772),#7796);
#10772 = PRESENTATION_STYLE_ASSIGNMENT((#10773));
#10773 = SURFACE_STYLE_USAGE(.BOTH.,#10774);
#10774 = SURFACE_SIDE_STYLE('',(#10775));
#10775 = SURFACE_STYLE_FILL_AREA(#10776);
#10776 = FILL_AREA_STYLE('',(#10777));
#10777 = FILL_AREA_STYLE_COLOUR('',#10092);
#10778 = STYLED_ITEM('color',(#10779),#7813);
#10779 = PRESENTATION_STYLE_ASSIGNMENT((#10780));
#10780 = SURFACE_STYLE_USAGE(.BOTH.,#10781);
#10781 = SURFACE_SIDE_STYLE('',(#10782));
#10782 = SURFACE_STYLE_FILL_AREA(#10783);
#10783 = FILL_AREA_STYLE('',(#10784));
#10784 = FILL_AREA_STYLE_COLOUR('',#10092);
#10785 = STYLED_ITEM('color',(#10786),#7844);
#10786 = PRESENTATION_STYLE_ASSIGNMENT((#10787));
#10787 = SURFACE_STYLE_USAGE(.BOTH.,#10788);
#10788 = SURFACE_SIDE_STYLE('',(#10789));
#10789 = SURFACE_STYLE_FILL_AREA(#10790);
#10790 = FILL_AREA_STYLE('',(#10791));
#10791 = FILL_AREA_STYLE_COLOUR('',#10092);
#10792 = STYLED_ITEM('color',(#10793),#7868);
#10793 = PRESENTATION_STYLE_ASSIGNMENT((#10794));
#10794 = SURFACE_STYLE_USAGE(.BOTH.,#10795);
#10795 = SURFACE_SIDE_STYLE('',(#10796));
#10796 = SURFACE_STYLE_FILL_AREA(#10797);
#10797 = FILL_AREA_STYLE('',(#10798));
#10798 = FILL_AREA_STYLE_COLOUR('',#10092);
#10799 = STYLED_ITEM('color',(#10800),#7892);
#10800 = PRESENTATION_STYLE_ASSIGNMENT((#10801));
#10801 = SURFACE_STYLE_USAGE(.BOTH.,#10802);
#10802 = SURFACE_SIDE_STYLE('',(#10803));
#10803 = SURFACE_STYLE_FILL_AREA(#10804);
#10804 = FILL_AREA_STYLE('',(#10805));
#10805 = FILL_AREA_STYLE_COLOUR('',#10092);
#10806 = STYLED_ITEM('color',(#10807),#7909);
#10807 = PRESENTATION_STYLE_ASSIGNMENT((#10808));
#10808 = SURFACE_STYLE_USAGE(.BOTH.,#10809);
#10809 = SURFACE_SIDE_STYLE('',(#10810));
#10810 = SURFACE_STYLE_FILL_AREA(#10811);
#10811 = FILL_AREA_STYLE('',(#10812));
#10812 = FILL_AREA_STYLE_COLOUR('',#10092);
#10813 = STYLED_ITEM('color',(#10814),#7940);
#10814 = PRESENTATION_STYLE_ASSIGNMENT((#10815));
#10815 = SURFACE_STYLE_USAGE(.BOTH.,#10816);
#10816 = SURFACE_SIDE_STYLE('',(#10817));
#10817 = SURFACE_STYLE_FILL_AREA(#10818);
#10818 = FILL_AREA_STYLE('',(#10819));
#10819 = FILL_AREA_STYLE_COLOUR('',#10092);
#10820 = STYLED_ITEM('color',(#10821),#7964);
#10821 = PRESENTATION_STYLE_ASSIGNMENT((#10822));
#10822 = SURFACE_STYLE_USAGE(.BOTH.,#10823);
#10823 = SURFACE_SIDE_STYLE('',(#10824));
#10824 = SURFACE_STYLE_FILL_AREA(#10825);
#10825 = FILL_AREA_STYLE('',(#10826));
#10826 = FILL_AREA_STYLE_COLOUR('',#10092);
#10827 = STYLED_ITEM('color',(#10828),#7988);
#10828 = PRESENTATION_STYLE_ASSIGNMENT((#10829));
#10829 = SURFACE_STYLE_USAGE(.BOTH.,#10830);
#10830 = SURFACE_SIDE_STYLE('',(#10831));
#10831 = SURFACE_STYLE_FILL_AREA(#10832);
#10832 = FILL_AREA_STYLE('',(#10833));
#10833 = FILL_AREA_STYLE_COLOUR('',#10092);
#10834 = STYLED_ITEM('color',(#10835),#8005);
#10835 = PRESENTATION_STYLE_ASSIGNMENT((#10836));
#10836 = SURFACE_STYLE_USAGE(.BOTH.,#10837);
#10837 = SURFACE_SIDE_STYLE('',(#10838));
#10838 = SURFACE_STYLE_FILL_AREA(#10839);
#10839 = FILL_AREA_STYLE('',(#10840));
#10840 = FILL_AREA_STYLE_COLOUR('',#10092);
#10841 = STYLED_ITEM('color',(#10842),#8036);
#10842 = PRESENTATION_STYLE_ASSIGNMENT((#10843));
#10843 = SURFACE_STYLE_USAGE(.BOTH.,#10844);
#10844 = SURFACE_SIDE_STYLE('',(#10845));
#10845 = SURFACE_STYLE_FILL_AREA(#10846);
#10846 = FILL_AREA_STYLE('',(#10847));
#10847 = FILL_AREA_STYLE_COLOUR('',#10092);
#10848 = STYLED_ITEM('color',(#10849),#8060);
#10849 = PRESENTATION_STYLE_ASSIGNMENT((#10850));
#10850 = SURFACE_STYLE_USAGE(.BOTH.,#10851);
#10851 = SURFACE_SIDE_STYLE('',(#10852));
#10852 = SURFACE_STYLE_FILL_AREA(#10853);
#10853 = FILL_AREA_STYLE('',(#10854));
#10854 = FILL_AREA_STYLE_COLOUR('',#10092);
#10855 = STYLED_ITEM('color',(#10856),#8084);
#10856 = PRESENTATION_STYLE_ASSIGNMENT((#10857));
#10857 = SURFACE_STYLE_USAGE(.BOTH.,#10858);
#10858 = SURFACE_SIDE_STYLE('',(#10859));
#10859 = SURFACE_STYLE_FILL_AREA(#10860);
#10860 = FILL_AREA_STYLE('',(#10861));
#10861 = FILL_AREA_STYLE_COLOUR('',#10092);
#10862 = STYLED_ITEM('color',(#10863),#8101);
#10863 = PRESENTATION_STYLE_ASSIGNMENT((#10864));
#10864 = SURFACE_STYLE_USAGE(.BOTH.,#10865);
#10865 = SURFACE_SIDE_STYLE('',(#10866));
#10866 = SURFACE_STYLE_FILL_AREA(#10867);
#10867 = FILL_AREA_STYLE('',(#10868));
#10868 = FILL_AREA_STYLE_COLOUR('',#10092);
#10869 = STYLED_ITEM('color',(#10870),#8132);
#10870 = PRESENTATION_STYLE_ASSIGNMENT((#10871));
#10871 = SURFACE_STYLE_USAGE(.BOTH.,#10872);
#10872 = SURFACE_SIDE_STYLE('',(#10873));
#10873 = SURFACE_STYLE_FILL_AREA(#10874);
#10874 = FILL_AREA_STYLE('',(#10875));
#10875 = FILL_AREA_STYLE_COLOUR('',#10092);
#10876 = STYLED_ITEM('color',(#10877),#8156);
#10877 = PRESENTATION_STYLE_ASSIGNMENT((#10878));
#10878 = SURFACE_STYLE_USAGE(.BOTH.,#10879);
#10879 = SURFACE_SIDE_STYLE('',(#10880));
#10880 = SURFACE_STYLE_FILL_AREA(#10881);
#10881 = FILL_AREA_STYLE('',(#10882));
#10882 = FILL_AREA_STYLE_COLOUR('',#10092);
#10883 = STYLED_ITEM('color',(#10884),#8180);
#10884 = PRESENTATION_STYLE_ASSIGNMENT((#10885));
#10885 = SURFACE_STYLE_USAGE(.BOTH.,#10886);
#10886 = SURFACE_SIDE_STYLE('',(#10887));
#10887 = SURFACE_STYLE_FILL_AREA(#10888);
#10888 = FILL_AREA_STYLE('',(#10889));
#10889 = FILL_AREA_STYLE_COLOUR('',#10092);
#10890 = STYLED_ITEM('color',(#10891),#8197);
#10891 = PRESENTATION_STYLE_ASSIGNMENT((#10892));
#10892 = SURFACE_STYLE_USAGE(.BOTH.,#10893);
#10893 = SURFACE_SIDE_STYLE('',(#10894));
#10894 = SURFACE_STYLE_FILL_AREA(#10895);
#10895 = FILL_AREA_STYLE('',(#10896));
#10896 = FILL_AREA_STYLE_COLOUR('',#10092);
#10897 = STYLED_ITEM('color',(#10898),#8209);
#10898 = PRESENTATION_STYLE_ASSIGNMENT((#10899));
#10899 = SURFACE_STYLE_USAGE(.BOTH.,#10900);
#10900 = SURFACE_SIDE_STYLE('',(#10901));
#10901 = SURFACE_STYLE_FILL_AREA(#10902);
#10902 = FILL_AREA_STYLE('',(#10903));
#10903 = FILL_AREA_STYLE_COLOUR('',#10092);
#10904 = STYLED_ITEM('color',(#10905),#8221);
#10905 = PRESENTATION_STYLE_ASSIGNMENT((#10906));
#10906 = SURFACE_STYLE_USAGE(.BOTH.,#10907);
#10907 = SURFACE_SIDE_STYLE('',(#10908));
#10908 = SURFACE_STYLE_FILL_AREA(#10909);
#10909 = FILL_AREA_STYLE('',(#10910));
#10910 = FILL_AREA_STYLE_COLOUR('',#10092);
#10911 = STYLED_ITEM('color',(#10912),#8233);
#10912 = PRESENTATION_STYLE_ASSIGNMENT((#10913));
#10913 = SURFACE_STYLE_USAGE(.BOTH.,#10914);
#10914 = SURFACE_SIDE_STYLE('',(#10915));
#10915 = SURFACE_STYLE_FILL_AREA(#10916);
#10916 = FILL_AREA_STYLE('',(#10917));
#10917 = FILL_AREA_STYLE_COLOUR('',#10092);
#10918 = STYLED_ITEM('color',(#10919),#8245);
#10919 = PRESENTATION_STYLE_ASSIGNMENT((#10920));
#10920 = SURFACE_STYLE_USAGE(.BOTH.,#10921);
#10921 = SURFACE_SIDE_STYLE('',(#10922));
#10922 = SURFACE_STYLE_FILL_AREA(#10923);
#10923 = FILL_AREA_STYLE('',(#10924));
#10924 = FILL_AREA_STYLE_COLOUR('',#10092);
#10925 = STYLED_ITEM('color',(#10926),#8257);
#10926 = PRESENTATION_STYLE_ASSIGNMENT((#10927));
#10927 = SURFACE_STYLE_USAGE(.BOTH.,#10928);
#10928 = SURFACE_SIDE_STYLE('',(#10929));
#10929 = SURFACE_STYLE_FILL_AREA(#10930);
#10930 = FILL_AREA_STYLE('',(#10931));
#10931 = FILL_AREA_STYLE_COLOUR('',#10092);
#10932 = MECHANICAL_DESIGN_GEOMETRIC_PRESENTATION_REPRESENTATION('',(
    #10933,#10943,#10952,#10961),#9355);
#10933 = STYLED_ITEM('color',(#10934),#9061);
#10934 = PRESENTATION_STYLE_ASSIGNMENT((#10935));
#10935 = SURFACE_STYLE_USAGE(.BOTH.,#10936);
#10936 = SURFACE_SIDE_STYLE('',(#10937,#10941));
#10937 = SURFACE_STYLE_FILL_AREA(#10938);
#10938 = FILL_AREA_STYLE('',(#10939));
#10939 = FILL_AREA_STYLE_COLOUR('',#10940);
#10940 = DRAUGHTING_PRE_DEFINED_COLOUR('white');
#10941 = SURFACE_STYLE_RENDERING_WITH_PROPERTIES(.NORMAL_SHADING.,#10940
  ,(#10942));
#10942 = SURFACE_STYLE_TRANSPARENT(0.100000023842);
#10943 = STYLED_ITEM('color',(#10944),#9153);
#10944 = PRESENTATION_STYLE_ASSIGNMENT((#10945));
#10945 = SURFACE_STYLE_USAGE(.BOTH.,#10946);
#10946 = SURFACE_SIDE_STYLE('',(#10947,#10950));
#10947 = SURFACE_STYLE_FILL_AREA(#10948);
#10948 = FILL_AREA_STYLE('',(#10949));
#10949 = FILL_AREA_STYLE_COLOUR('',#10940);
#10950 = SURFACE_STYLE_RENDERING_WITH_PROPERTIES(.NORMAL_SHADING.,#10940
  ,(#10951));
#10951 = SURFACE_STYLE_TRANSPARENT(0.100000023842);
#10952 = STYLED_ITEM('color',(#10953),#9222);
#10953 = PRESENTATION_STYLE_ASSIGNMENT((#10954));
#10954 = SURFACE_STYLE_USAGE(.BOTH.,#10955);
#10955 = SURFACE_SIDE_STYLE('',(#10956,#10959));
#10956 = SURFACE_STYLE_FILL_AREA(#10957);
#10957 = FILL_AREA_STYLE('',(#10958));
#10958 = FILL_AREA_STYLE_COLOUR('',#10940);
#10959 = SURFACE_STYLE_RENDERING_WITH_PROPERTIES(.NORMAL_SHADING.,#10940
  ,(#10960));
#10960 = SURFACE_STYLE_TRANSPARENT(0.100000023842);
#10961 = STYLED_ITEM('color',(#10962),#9314);
#10962 = PRESENTATION_STYLE_ASSIGNMENT((#10963));
#10963 = SURFACE_STYLE_USAGE(.BOTH.,#10964);
#10964 = SURFACE_SIDE_STYLE('',(#10965,#10968));
#10965 = SURFACE_STYLE_FILL_AREA(#10966);
#10966 = FILL_AREA_STYLE('',(#10967));
#10967 = FILL_AREA_STYLE_COLOUR('',#10940);
#10968 = SURFACE_STYLE_RENDERING_WITH_PROPERTIES(.NORMAL_SHADING.,#10940
  ,(#10969));
#10969 = SURFACE_STYLE_TRANSPARENT(0.100000023842);
#10970 = MECHANICAL_DESIGN_GEOMETRIC_PRESENTATION_REPRESENTATION('',(
    #10971,#10980,#10989,#10998,#11007,#11016),#9040);
#10971 = STYLED_ITEM('color',(#10972),#8295);
#10972 = PRESENTATION_STYLE_ASSIGNMENT((#10973));
#10973 = SURFACE_STYLE_USAGE(.BOTH.,#10974);
#10974 = SURFACE_SIDE_STYLE('',(#10975,#10978));
#10975 = SURFACE_STYLE_FILL_AREA(#10976);
#10976 = FILL_AREA_STYLE('',(#10977));
#10977 = FILL_AREA_STYLE_COLOUR('',#10940);
#10978 = SURFACE_STYLE_RENDERING_WITH_PROPERTIES(.NORMAL_SHADING.,#10940
  ,(#10979));
#10979 = SURFACE_STYLE_TRANSPARENT(0.100000023842);
#10980 = STYLED_ITEM('color',(#10981),#8389);
#10981 = PRESENTATION_STYLE_ASSIGNMENT((#10982));
#10982 = SURFACE_STYLE_USAGE(.BOTH.,#10983);
#10983 = SURFACE_SIDE_STYLE('',(#10984,#10987));
#10984 = SURFACE_STYLE_FILL_AREA(#10985);
#10985 = FILL_AREA_STYLE('',(#10986));
#10986 = FILL_AREA_STYLE_COLOUR('',#10940);
#10987 = SURFACE_STYLE_RENDERING_WITH_PROPERTIES(.NORMAL_SHADING.,#10940
  ,(#10988));
#10988 = SURFACE_STYLE_TRANSPARENT(0.100000023842);
#10989 = STYLED_ITEM('color',(#10990),#8457);
#10990 = PRESENTATION_STYLE_ASSIGNMENT((#10991));
#10991 = SURFACE_STYLE_USAGE(.BOTH.,#10992);
#10992 = SURFACE_SIDE_STYLE('',(#10993,#10996));
#10993 = SURFACE_STYLE_FILL_AREA(#10994);
#10994 = FILL_AREA_STYLE('',(#10995));
#10995 = FILL_AREA_STYLE_COLOUR('',#10940);
#10996 = SURFACE_STYLE_RENDERING_WITH_PROPERTIES(.NORMAL_SHADING.,#10940
  ,(#10997));
#10997 = SURFACE_STYLE_TRANSPARENT(0.100000023842);
#10998 = STYLED_ITEM('color',(#10999),#8574);
#10999 = PRESENTATION_STYLE_ASSIGNMENT((#11000));
#11000 = SURFACE_STYLE_USAGE(.BOTH.,#11001);
#11001 = SURFACE_SIDE_STYLE('',(#11002,#11005));
#11002 = SURFACE_STYLE_FILL_AREA(#11003);
#11003 = FILL_AREA_STYLE('',(#11004));
#11004 = FILL_AREA_STYLE_COLOUR('',#10940);
#11005 = SURFACE_STYLE_RENDERING_WITH_PROPERTIES(.NORMAL_SHADING.,#10940
  ,(#11006));
#11006 = SURFACE_STYLE_TRANSPARENT(0.100000023842);
#11007 = STYLED_ITEM('color',(#11008),#8676);
#11008 = PRESENTATION_STYLE_ASSIGNMENT((#11009));
#11009 = SURFACE_STYLE_USAGE(.BOTH.,#11010);
#11010 = SURFACE_SIDE_STYLE('',(#11011,#11014));
#11011 = SURFACE_STYLE_FILL_AREA(#11012);
#11012 = FILL_AREA_STYLE('',(#11013));
#11013 = FILL_AREA_STYLE_COLOUR('',#10940);
#11014 = SURFACE_STYLE_RENDERING_WITH_PROPERTIES(.NORMAL_SHADING.,#10940
  ,(#11015));
#11015 = SURFACE_STYLE_TRANSPARENT(0.100000023842);
#11016 = STYLED_ITEM('color',(#11017),#8916);
#11017 = PRESENTATION_STYLE_ASSIGNMENT((#11018));
#11018 = SURFACE_STYLE_USAGE(.BOTH.,#11019);
#11019 = SURFACE_SIDE_STYLE('',(#11020,#11023));
#11020 = SURFACE_STYLE_FILL_AREA(#11021);
#11021 = FILL_AREA_STYLE('',(#11022));
#11022 = FILL_AREA_STYLE_COLOUR('',#10940);
#11023 = SURFACE_STYLE_RENDERING_WITH_PROPERTIES(.NORMAL_SHADING.,#10940
  ,(#11024));
#11024 = SURFACE_STYLE_TRANSPARENT(0.100000023842);
#11025 = MECHANICAL_DESIGN_GEOMETRIC_PRESENTATION_REPRESENTATION('',(
    #11026),#10012);
#11026 = STYLED_ITEM('color',(#11027),#9628);
#11027 = PRESENTATION_STYLE_ASSIGNMENT((#11028));
#11028 = SURFACE_STYLE_USAGE(.BOTH.,#11029);
#11029 = SURFACE_SIDE_STYLE('',(#11030,#11034));
#11030 = SURFACE_STYLE_FILL_AREA(#11031);
#11031 = FILL_AREA_STYLE('',(#11032));
#11032 = FILL_AREA_STYLE_COLOUR('',#11033);
#11033 = COLOUR_RGB('',0.679975718802,0.701410709185,0.574871009914);
#11034 = SURFACE_STYLE_RENDERING_WITH_PROPERTIES(.NORMAL_SHADING.,#11033
  ,(#11035));
#11035 = SURFACE_STYLE_TRANSPARENT(1.999998092651E-02);
#11036 = MECHANICAL_DESIGN_GEOMETRIC_PRESENTATION_REPRESENTATION('',(
    #11037,#11046,#11055,#11064,#11073,#11082,#11091,#11100,#11109,
    #11118,#11127,#11136,#11145,#11154,#11163,#11173,#11182,#11191,
    #11200,#11209,#11218,#11227,#11236,#11245,#11254,#11263,#11272,
    #11281,#11290,#11299,#11308,#11317,#11326,#11335,#11344,#11353,
    #11362,#11371,#11380,#11389,#11398,#11407,#11416,#11425,#11434,
    #11443,#11452,#11461,#11470,#11479,#11488,#11497,#11506,#11515,
    #11524,#11533,#11542,#11551,#11560,#11569,#11578,#11587,#11596,
    #11605,#11614,#11623,#11632,#11641,#11650,#11659,#11668,#11677,
    #11686,#11695,#11704,#11713,#11722,#11731,#11740,#11749,#11758,
    #11767,#11776,#11785,#11794,#11803,#11812,#11821,#11830,#11839,
    #11848,#11857,#11866,#11875,#11884,#11893,#11902,#11911,#11920,
    #11929,#11938,#11947,#11956,#11965,#11974,#11983,#11992,#12001,
    #12010,#12019,#12028,#12037,#12046,#12055,#12064,#12073,#12082,
    #12091,#12100,#12109,#12118,#12127,#12136,#12145,#12154,#12163,
    #12172,#12181,#12190,#12199,#12208,#12217,#12226,#12235,#12244,
    #12253,#12262,#12271,#12280,#12289,#12298,#12307,#12316,#12325,
    #12334,#12343,#12352),#4556);
#11037 = STYLED_ITEM('color',(#11038),#90);
#11038 = PRESENTATION_STYLE_ASSIGNMENT((#11039,#11044));
#11039 = SURFACE_STYLE_USAGE(.BOTH.,#11040);
#11040 = SURFACE_SIDE_STYLE('',(#11041));
#11041 = SURFACE_STYLE_FILL_AREA(#11042);
#11042 = FILL_AREA_STYLE('',(#11043));
#11043 = FILL_AREA_STYLE_COLOUR('',#10406);
#11044 = CURVE_STYLE('',#11045,POSITIVE_LENGTH_MEASURE(0.1),#10406);
#11045 = DRAUGHTING_PRE_DEFINED_CURVE_FONT('continuous');
#11046 = STYLED_ITEM('color',(#11047),#128);
#11047 = PRESENTATION_STYLE_ASSIGNMENT((#11048,#11053));
#11048 = SURFACE_STYLE_USAGE(.BOTH.,#11049);
#11049 = SURFACE_SIDE_STYLE('',(#11050));
#11050 = SURFACE_STYLE_FILL_AREA(#11051);
#11051 = FILL_AREA_STYLE('',(#11052));
#11052 = FILL_AREA_STYLE_COLOUR('',#10406);
#11053 = CURVE_STYLE('',#11054,POSITIVE_LENGTH_MEASURE(0.1),#10406);
#11054 = DRAUGHTING_PRE_DEFINED_CURVE_FONT('continuous');
#11055 = STYLED_ITEM('color',(#11056),#191);
#11056 = PRESENTATION_STYLE_ASSIGNMENT((#11057,#11062));
#11057 = SURFACE_STYLE_USAGE(.BOTH.,#11058);
#11058 = SURFACE_SIDE_STYLE('',(#11059));
#11059 = SURFACE_STYLE_FILL_AREA(#11060);
#11060 = FILL_AREA_STYLE('',(#11061));
#11061 = FILL_AREA_STYLE_COLOUR('',#10406);
#11062 = CURVE_STYLE('',#11063,POSITIVE_LENGTH_MEASURE(0.1),#10406);
#11063 = DRAUGHTING_PRE_DEFINED_CURVE_FONT('continuous');
#11064 = STYLED_ITEM('color',(#11065),#214);
#11065 = PRESENTATION_STYLE_ASSIGNMENT((#11066,#11071));
#11066 = SURFACE_STYLE_USAGE(.BOTH.,#11067);
#11067 = SURFACE_SIDE_STYLE('',(#11068));
#11068 = SURFACE_STYLE_FILL_AREA(#11069);
#11069 = FILL_AREA_STYLE('',(#11070));
#11070 = FILL_AREA_STYLE_COLOUR('',#10406);
#11071 = CURVE_STYLE('',#11072,POSITIVE_LENGTH_MEASURE(0.1),#10406);
#11072 = DRAUGHTING_PRE_DEFINED_CURVE_FONT('continuous');
#11073 = STYLED_ITEM('color',(#11074),#243);
#11074 = PRESENTATION_STYLE_ASSIGNMENT((#11075,#11080));
#11075 = SURFACE_STYLE_USAGE(.BOTH.,#11076);
#11076 = SURFACE_SIDE_STYLE('',(#11077));
#11077 = SURFACE_STYLE_FILL_AREA(#11078);
#11078 = FILL_AREA_STYLE('',(#11079));
#11079 = FILL_AREA_STYLE_COLOUR('',#10406);
#11080 = CURVE_STYLE('',#11081,POSITIVE_LENGTH_MEASURE(0.1),#10406);
#11081 = DRAUGHTING_PRE_DEFINED_CURVE_FONT('continuous');
#11082 = STYLED_ITEM('color',(#11083),#266);
#11083 = PRESENTATION_STYLE_ASSIGNMENT((#11084,#11089));
#11084 = SURFACE_STYLE_USAGE(.BOTH.,#11085);
#11085 = SURFACE_SIDE_STYLE('',(#11086));
#11086 = SURFACE_STYLE_FILL_AREA(#11087);
#11087 = FILL_AREA_STYLE('',(#11088));
#11088 = FILL_AREA_STYLE_COLOUR('',#10406);
#11089 = CURVE_STYLE('',#11090,POSITIVE_LENGTH_MEASURE(0.1),#10406);
#11090 = DRAUGHTING_PRE_DEFINED_CURVE_FONT('continuous');
#11091 = STYLED_ITEM('color',(#11092),#353);
#11092 = PRESENTATION_STYLE_ASSIGNMENT((#11093,#11098));
#11093 = SURFACE_STYLE_USAGE(.BOTH.,#11094);
#11094 = SURFACE_SIDE_STYLE('',(#11095));
#11095 = SURFACE_STYLE_FILL_AREA(#11096);
#11096 = FILL_AREA_STYLE('',(#11097));
#11097 = FILL_AREA_STYLE_COLOUR('',#10406);
#11098 = CURVE_STYLE('',#11099,POSITIVE_LENGTH_MEASURE(0.1),#10406);
#11099 = DRAUGHTING_PRE_DEFINED_CURVE_FONT('continuous');
#11100 = STYLED_ITEM('color',(#11101),#440);
#11101 = PRESENTATION_STYLE_ASSIGNMENT((#11102,#11107));
#11102 = SURFACE_STYLE_USAGE(.BOTH.,#11103);
#11103 = SURFACE_SIDE_STYLE('',(#11104));
#11104 = SURFACE_STYLE_FILL_AREA(#11105);
#11105 = FILL_AREA_STYLE('',(#11106));
#11106 = FILL_AREA_STYLE_COLOUR('',#10406);
#11107 = CURVE_STYLE('',#11108,POSITIVE_LENGTH_MEASURE(0.1),#10406);
#11108 = DRAUGHTING_PRE_DEFINED_CURVE_FONT('continuous');
#11109 = STYLED_ITEM('color',(#11110),#463);
#11110 = PRESENTATION_STYLE_ASSIGNMENT((#11111,#11116));
#11111 = SURFACE_STYLE_USAGE(.BOTH.,#11112);
#11112 = SURFACE_SIDE_STYLE('',(#11113));
#11113 = SURFACE_STYLE_FILL_AREA(#11114);
#11114 = FILL_AREA_STYLE('',(#11115));
#11115 = FILL_AREA_STYLE_COLOUR('',#10406);
#11116 = CURVE_STYLE('',#11117,POSITIVE_LENGTH_MEASURE(0.1),#10406);
#11117 = DRAUGHTING_PRE_DEFINED_CURVE_FONT('continuous');
#11118 = STYLED_ITEM('color',(#11119),#486);
#11119 = PRESENTATION_STYLE_ASSIGNMENT((#11120,#11125));
#11120 = SURFACE_STYLE_USAGE(.BOTH.,#11121);
#11121 = SURFACE_SIDE_STYLE('',(#11122));
#11122 = SURFACE_STYLE_FILL_AREA(#11123);
#11123 = FILL_AREA_STYLE('',(#11124));
#11124 = FILL_AREA_STYLE_COLOUR('',#10406);
#11125 = CURVE_STYLE('',#11126,POSITIVE_LENGTH_MEASURE(0.1),#10406);
#11126 = DRAUGHTING_PRE_DEFINED_CURVE_FONT('continuous');
#11127 = STYLED_ITEM('color',(#11128),#503);
#11128 = PRESENTATION_STYLE_ASSIGNMENT((#11129,#11134));
#11129 = SURFACE_STYLE_USAGE(.BOTH.,#11130);
#11130 = SURFACE_SIDE_STYLE('',(#11131));
#11131 = SURFACE_STYLE_FILL_AREA(#11132);
#11132 = FILL_AREA_STYLE('',(#11133));
#11133 = FILL_AREA_STYLE_COLOUR('',#10406);
#11134 = CURVE_STYLE('',#11135,POSITIVE_LENGTH_MEASURE(0.1),#10406);
#11135 = DRAUGHTING_PRE_DEFINED_CURVE_FONT('continuous');
#11136 = STYLED_ITEM('color',(#11137),#526);
#11137 = PRESENTATION_STYLE_ASSIGNMENT((#11138,#11143));
#11138 = SURFACE_STYLE_USAGE(.BOTH.,#11139);
#11139 = SURFACE_SIDE_STYLE('',(#11140));
#11140 = SURFACE_STYLE_FILL_AREA(#11141);
#11141 = FILL_AREA_STYLE('',(#11142));
#11142 = FILL_AREA_STYLE_COLOUR('',#10406);
#11143 = CURVE_STYLE('',#11144,POSITIVE_LENGTH_MEASURE(0.1),#10406);
#11144 = DRAUGHTING_PRE_DEFINED_CURVE_FONT('continuous');
#11145 = STYLED_ITEM('color',(#11146),#614);
#11146 = PRESENTATION_STYLE_ASSIGNMENT((#11147,#11152));
#11147 = SURFACE_STYLE_USAGE(.BOTH.,#11148);
#11148 = SURFACE_SIDE_STYLE('',(#11149));
#11149 = SURFACE_STYLE_FILL_AREA(#11150);
#11150 = FILL_AREA_STYLE('',(#11151));
#11151 = FILL_AREA_STYLE_COLOUR('',#10406);
#11152 = CURVE_STYLE('',#11153,POSITIVE_LENGTH_MEASURE(0.1),#10406);
#11153 = DRAUGHTING_PRE_DEFINED_CURVE_FONT('continuous');
#11154 = STYLED_ITEM('color',(#11155),#630);
#11155 = PRESENTATION_STYLE_ASSIGNMENT((#11156,#11161));
#11156 = SURFACE_STYLE_USAGE(.BOTH.,#11157);
#11157 = SURFACE_SIDE_STYLE('',(#11158));
#11158 = SURFACE_STYLE_FILL_AREA(#11159);
#11159 = FILL_AREA_STYLE('',(#11160));
#11160 = FILL_AREA_STYLE_COLOUR('',#10406);
#11161 = CURVE_STYLE('',#11162,POSITIVE_LENGTH_MEASURE(0.1),#10406);
#11162 = DRAUGHTING_PRE_DEFINED_CURVE_FONT('continuous');
#11163 = STYLED_ITEM('color',(#11164),#660);
#11164 = PRESENTATION_STYLE_ASSIGNMENT((#11165,#11171));
#11165 = SURFACE_STYLE_USAGE(.BOTH.,#11166);
#11166 = SURFACE_SIDE_STYLE('',(#11167));
#11167 = SURFACE_STYLE_FILL_AREA(#11168);
#11168 = FILL_AREA_STYLE('',(#11169));
#11169 = FILL_AREA_STYLE_COLOUR('',#11170);
#11170 = COLOUR_RGB('',0.823999987314,0.819999987296,0.781000009244);
#11171 = CURVE_STYLE('',#11172,POSITIVE_LENGTH_MEASURE(0.1),#11170);
#11172 = DRAUGHTING_PRE_DEFINED_CURVE_FONT('continuous');
#11173 = STYLED_ITEM('color',(#11174),#691);
#11174 = PRESENTATION_STYLE_ASSIGNMENT((#11175,#11180));
#11175 = SURFACE_STYLE_USAGE(.BOTH.,#11176);
#11176 = SURFACE_SIDE_STYLE('',(#11177));
#11177 = SURFACE_STYLE_FILL_AREA(#11178);
#11178 = FILL_AREA_STYLE('',(#11179));
#11179 = FILL_AREA_STYLE_COLOUR('',#10406);
#11180 = CURVE_STYLE('',#11181,POSITIVE_LENGTH_MEASURE(0.1),#10406);
#11181 = DRAUGHTING_PRE_DEFINED_CURVE_FONT('continuous');
#11182 = STYLED_ITEM('color',(#11183),#722);
#11183 = PRESENTATION_STYLE_ASSIGNMENT((#11184,#11189));
#11184 = SURFACE_STYLE_USAGE(.BOTH.,#11185);
#11185 = SURFACE_SIDE_STYLE('',(#11186));
#11186 = SURFACE_STYLE_FILL_AREA(#11187);
#11187 = FILL_AREA_STYLE('',(#11188));
#11188 = FILL_AREA_STYLE_COLOUR('',#11170);
#11189 = CURVE_STYLE('',#11190,POSITIVE_LENGTH_MEASURE(0.1),#11170);
#11190 = DRAUGHTING_PRE_DEFINED_CURVE_FONT('continuous');
#11191 = STYLED_ITEM('color',(#11192),#753);
#11192 = PRESENTATION_STYLE_ASSIGNMENT((#11193,#11198));
#11193 = SURFACE_STYLE_USAGE(.BOTH.,#11194);
#11194 = SURFACE_SIDE_STYLE('',(#11195));
#11195 = SURFACE_STYLE_FILL_AREA(#11196);
#11196 = FILL_AREA_STYLE('',(#11197));
#11197 = FILL_AREA_STYLE_COLOUR('',#10406);
#11198 = CURVE_STYLE('',#11199,POSITIVE_LENGTH_MEASURE(0.1),#10406);
#11199 = DRAUGHTING_PRE_DEFINED_CURVE_FONT('continuous');
#11200 = STYLED_ITEM('color',(#11201),#784);
#11201 = PRESENTATION_STYLE_ASSIGNMENT((#11202,#11207));
#11202 = SURFACE_STYLE_USAGE(.BOTH.,#11203);
#11203 = SURFACE_SIDE_STYLE('',(#11204));
#11204 = SURFACE_STYLE_FILL_AREA(#11205);
#11205 = FILL_AREA_STYLE('',(#11206));
#11206 = FILL_AREA_STYLE_COLOUR('',#11170);
#11207 = CURVE_STYLE('',#11208,POSITIVE_LENGTH_MEASURE(0.1),#11170);
#11208 = DRAUGHTING_PRE_DEFINED_CURVE_FONT('continuous');
#11209 = STYLED_ITEM('color',(#11210),#815);
#11210 = PRESENTATION_STYLE_ASSIGNMENT((#11211,#11216));
#11211 = SURFACE_STYLE_USAGE(.BOTH.,#11212);
#11212 = SURFACE_SIDE_STYLE('',(#11213));
#11213 = SURFACE_STYLE_FILL_AREA(#11214);
#11214 = FILL_AREA_STYLE('',(#11215));
#11215 = FILL_AREA_STYLE_COLOUR('',#10406);
#11216 = CURVE_STYLE('',#11217,POSITIVE_LENGTH_MEASURE(0.1),#10406);
#11217 = DRAUGHTING_PRE_DEFINED_CURVE_FONT('continuous');
#11218 = STYLED_ITEM('color',(#11219),#846);
#11219 = PRESENTATION_STYLE_ASSIGNMENT((#11220,#11225));
#11220 = SURFACE_STYLE_USAGE(.BOTH.,#11221);
#11221 = SURFACE_SIDE_STYLE('',(#11222));
#11222 = SURFACE_STYLE_FILL_AREA(#11223);
#11223 = FILL_AREA_STYLE('',(#11224));
#11224 = FILL_AREA_STYLE_COLOUR('',#11170);
#11225 = CURVE_STYLE('',#11226,POSITIVE_LENGTH_MEASURE(0.1),#11170);
#11226 = DRAUGHTING_PRE_DEFINED_CURVE_FONT('continuous');
#11227 = STYLED_ITEM('color',(#11228),#877);
#11228 = PRESENTATION_STYLE_ASSIGNMENT((#11229,#11234));
#11229 = SURFACE_STYLE_USAGE(.BOTH.,#11230);
#11230 = SURFACE_SIDE_STYLE('',(#11231));
#11231 = SURFACE_STYLE_FILL_AREA(#11232);
#11232 = FILL_AREA_STYLE('',(#11233));
#11233 = FILL_AREA_STYLE_COLOUR('',#10406);
#11234 = CURVE_STYLE('',#11235,POSITIVE_LENGTH_MEASURE(0.1),#10406);
#11235 = DRAUGHTING_PRE_DEFINED_CURVE_FONT('continuous');
#11236 = STYLED_ITEM('color',(#11237),#894);
#11237 = PRESENTATION_STYLE_ASSIGNMENT((#11238,#11243));
#11238 = SURFACE_STYLE_USAGE(.BOTH.,#11239);
#11239 = SURFACE_SIDE_STYLE('',(#11240));
#11240 = SURFACE_STYLE_FILL_AREA(#11241);
#11241 = FILL_AREA_STYLE('',(#11242));
#11242 = FILL_AREA_STYLE_COLOUR('',#10406);
#11243 = CURVE_STYLE('',#11244,POSITIVE_LENGTH_MEASURE(0.1),#10406);
#11244 = DRAUGHTING_PRE_DEFINED_CURVE_FONT('continuous');
#11245 = STYLED_ITEM('color',(#11246),#911);
#11246 = PRESENTATION_STYLE_ASSIGNMENT((#11247,#11252));
#11247 = SURFACE_STYLE_USAGE(.BOTH.,#11248);
#11248 = SURFACE_SIDE_STYLE('',(#11249));
#11249 = SURFACE_STYLE_FILL_AREA(#11250);
#11250 = FILL_AREA_STYLE('',(#11251));
#11251 = FILL_AREA_STYLE_COLOUR('',#11170);
#11252 = CURVE_STYLE('',#11253,POSITIVE_LENGTH_MEASURE(0.1),#11170);
#11253 = DRAUGHTING_PRE_DEFINED_CURVE_FONT('continuous');
#11254 = STYLED_ITEM('color',(#11255),#942);
#11255 = PRESENTATION_STYLE_ASSIGNMENT((#11256,#11261));
#11256 = SURFACE_STYLE_USAGE(.BOTH.,#11257);
#11257 = SURFACE_SIDE_STYLE('',(#11258));
#11258 = SURFACE_STYLE_FILL_AREA(#11259);
#11259 = FILL_AREA_STYLE('',(#11260));
#11260 = FILL_AREA_STYLE_COLOUR('',#10406);
#11261 = CURVE_STYLE('',#11262,POSITIVE_LENGTH_MEASURE(0.1),#10406);
#11262 = DRAUGHTING_PRE_DEFINED_CURVE_FONT('continuous');
#11263 = STYLED_ITEM('color',(#11264),#973);
#11264 = PRESENTATION_STYLE_ASSIGNMENT((#11265,#11270));
#11265 = SURFACE_STYLE_USAGE(.BOTH.,#11266);
#11266 = SURFACE_SIDE_STYLE('',(#11267));
#11267 = SURFACE_STYLE_FILL_AREA(#11268);
#11268 = FILL_AREA_STYLE('',(#11269));
#11269 = FILL_AREA_STYLE_COLOUR('',#11170);
#11270 = CURVE_STYLE('',#11271,POSITIVE_LENGTH_MEASURE(0.1),#11170);
#11271 = DRAUGHTING_PRE_DEFINED_CURVE_FONT('continuous');
#11272 = STYLED_ITEM('color',(#11273),#1004);
#11273 = PRESENTATION_STYLE_ASSIGNMENT((#11274,#11279));
#11274 = SURFACE_STYLE_USAGE(.BOTH.,#11275);
#11275 = SURFACE_SIDE_STYLE('',(#11276));
#11276 = SURFACE_STYLE_FILL_AREA(#11277);
#11277 = FILL_AREA_STYLE('',(#11278));
#11278 = FILL_AREA_STYLE_COLOUR('',#10406);
#11279 = CURVE_STYLE('',#11280,POSITIVE_LENGTH_MEASURE(0.1),#10406);
#11280 = DRAUGHTING_PRE_DEFINED_CURVE_FONT('continuous');
#11281 = STYLED_ITEM('color',(#11282),#1035);
#11282 = PRESENTATION_STYLE_ASSIGNMENT((#11283,#11288));
#11283 = SURFACE_STYLE_USAGE(.BOTH.,#11284);
#11284 = SURFACE_SIDE_STYLE('',(#11285));
#11285 = SURFACE_STYLE_FILL_AREA(#11286);
#11286 = FILL_AREA_STYLE('',(#11287));
#11287 = FILL_AREA_STYLE_COLOUR('',#11170);
#11288 = CURVE_STYLE('',#11289,POSITIVE_LENGTH_MEASURE(0.1),#11170);
#11289 = DRAUGHTING_PRE_DEFINED_CURVE_FONT('continuous');
#11290 = STYLED_ITEM('color',(#11291),#1066);
#11291 = PRESENTATION_STYLE_ASSIGNMENT((#11292,#11297));
#11292 = SURFACE_STYLE_USAGE(.BOTH.,#11293);
#11293 = SURFACE_SIDE_STYLE('',(#11294));
#11294 = SURFACE_STYLE_FILL_AREA(#11295);
#11295 = FILL_AREA_STYLE('',(#11296));
#11296 = FILL_AREA_STYLE_COLOUR('',#10406);
#11297 = CURVE_STYLE('',#11298,POSITIVE_LENGTH_MEASURE(0.1),#10406);
#11298 = DRAUGHTING_PRE_DEFINED_CURVE_FONT('continuous');
#11299 = STYLED_ITEM('color',(#11300),#1097);
#11300 = PRESENTATION_STYLE_ASSIGNMENT((#11301,#11306));
#11301 = SURFACE_STYLE_USAGE(.BOTH.,#11302);
#11302 = SURFACE_SIDE_STYLE('',(#11303));
#11303 = SURFACE_STYLE_FILL_AREA(#11304);
#11304 = FILL_AREA_STYLE('',(#11305));
#11305 = FILL_AREA_STYLE_COLOUR('',#11170);
#11306 = CURVE_STYLE('',#11307,POSITIVE_LENGTH_MEASURE(0.1),#11170);
#11307 = DRAUGHTING_PRE_DEFINED_CURVE_FONT('continuous');
#11308 = STYLED_ITEM('color',(#11309),#1128);
#11309 = PRESENTATION_STYLE_ASSIGNMENT((#11310,#11315));
#11310 = SURFACE_STYLE_USAGE(.BOTH.,#11311);
#11311 = SURFACE_SIDE_STYLE('',(#11312));
#11312 = SURFACE_STYLE_FILL_AREA(#11313);
#11313 = FILL_AREA_STYLE('',(#11314));
#11314 = FILL_AREA_STYLE_COLOUR('',#10406);
#11315 = CURVE_STYLE('',#11316,POSITIVE_LENGTH_MEASURE(0.1),#10406);
#11316 = DRAUGHTING_PRE_DEFINED_CURVE_FONT('continuous');
#11317 = STYLED_ITEM('color',(#11318),#1158);
#11318 = PRESENTATION_STYLE_ASSIGNMENT((#11319,#11324));
#11319 = SURFACE_STYLE_USAGE(.BOTH.,#11320);
#11320 = SURFACE_SIDE_STYLE('',(#11321));
#11321 = SURFACE_STYLE_FILL_AREA(#11322);
#11322 = FILL_AREA_STYLE('',(#11323));
#11323 = FILL_AREA_STYLE_COLOUR('',#10406);
#11324 = CURVE_STYLE('',#11325,POSITIVE_LENGTH_MEASURE(0.1),#10406);
#11325 = DRAUGHTING_PRE_DEFINED_CURVE_FONT('continuous');
#11326 = STYLED_ITEM('color',(#11327),#1181);
#11327 = PRESENTATION_STYLE_ASSIGNMENT((#11328,#11333));
#11328 = SURFACE_STYLE_USAGE(.BOTH.,#11329);
#11329 = SURFACE_SIDE_STYLE('',(#11330));
#11330 = SURFACE_STYLE_FILL_AREA(#11331);
#11331 = FILL_AREA_STYLE('',(#11332));
#11332 = FILL_AREA_STYLE_COLOUR('',#10406);
#11333 = CURVE_STYLE('',#11334,POSITIVE_LENGTH_MEASURE(0.1),#10406);
#11334 = DRAUGHTING_PRE_DEFINED_CURVE_FONT('continuous');
#11335 = STYLED_ITEM('color',(#11336),#1204);
#11336 = PRESENTATION_STYLE_ASSIGNMENT((#11337,#11342));
#11337 = SURFACE_STYLE_USAGE(.BOTH.,#11338);
#11338 = SURFACE_SIDE_STYLE('',(#11339));
#11339 = SURFACE_STYLE_FILL_AREA(#11340);
#11340 = FILL_AREA_STYLE('',(#11341));
#11341 = FILL_AREA_STYLE_COLOUR('',#10406);
#11342 = CURVE_STYLE('',#11343,POSITIVE_LENGTH_MEASURE(0.1),#10406);
#11343 = DRAUGHTING_PRE_DEFINED_CURVE_FONT('continuous');
#11344 = STYLED_ITEM('color',(#11345),#1221);
#11345 = PRESENTATION_STYLE_ASSIGNMENT((#11346,#11351));
#11346 = SURFACE_STYLE_USAGE(.BOTH.,#11347);
#11347 = SURFACE_SIDE_STYLE('',(#11348));
#11348 = SURFACE_STYLE_FILL_AREA(#11349);
#11349 = FILL_AREA_STYLE('',(#11350));
#11350 = FILL_AREA_STYLE_COLOUR('',#11170);
#11351 = CURVE_STYLE('',#11352,POSITIVE_LENGTH_MEASURE(0.1),#11170);
#11352 = DRAUGHTING_PRE_DEFINED_CURVE_FONT('continuous');
#11353 = STYLED_ITEM('color',(#11354),#1266);
#11354 = PRESENTATION_STYLE_ASSIGNMENT((#11355,#11360));
#11355 = SURFACE_STYLE_USAGE(.BOTH.,#11356);
#11356 = SURFACE_SIDE_STYLE('',(#11357));
#11357 = SURFACE_STYLE_FILL_AREA(#11358);
#11358 = FILL_AREA_STYLE('',(#11359));
#11359 = FILL_AREA_STYLE_COLOUR('',#10406);
#11360 = CURVE_STYLE('',#11361,POSITIVE_LENGTH_MEASURE(0.1),#10406);
#11361 = DRAUGHTING_PRE_DEFINED_CURVE_FONT('continuous');
#11362 = STYLED_ITEM('color',(#11363),#1352);
#11363 = PRESENTATION_STYLE_ASSIGNMENT((#11364,#11369));
#11364 = SURFACE_STYLE_USAGE(.BOTH.,#11365);
#11365 = SURFACE_SIDE_STYLE('',(#11366));
#11366 = SURFACE_STYLE_FILL_AREA(#11367);
#11367 = FILL_AREA_STYLE('',(#11368));
#11368 = FILL_AREA_STYLE_COLOUR('',#10406);
#11369 = CURVE_STYLE('',#11370,POSITIVE_LENGTH_MEASURE(0.1),#10406);
#11370 = DRAUGHTING_PRE_DEFINED_CURVE_FONT('continuous');
#11371 = STYLED_ITEM('color',(#11372),#1375);
#11372 = PRESENTATION_STYLE_ASSIGNMENT((#11373,#11378));
#11373 = SURFACE_STYLE_USAGE(.BOTH.,#11374);
#11374 = SURFACE_SIDE_STYLE('',(#11375));
#11375 = SURFACE_STYLE_FILL_AREA(#11376);
#11376 = FILL_AREA_STYLE('',(#11377));
#11377 = FILL_AREA_STYLE_COLOUR('',#10406);
#11378 = CURVE_STYLE('',#11379,POSITIVE_LENGTH_MEASURE(0.1),#10406);
#11379 = DRAUGHTING_PRE_DEFINED_CURVE_FONT('continuous');
#11380 = STYLED_ITEM('color',(#11381),#1398);
#11381 = PRESENTATION_STYLE_ASSIGNMENT((#11382,#11387));
#11382 = SURFACE_STYLE_USAGE(.BOTH.,#11383);
#11383 = SURFACE_SIDE_STYLE('',(#11384));
#11384 = SURFACE_STYLE_FILL_AREA(#11385);
#11385 = FILL_AREA_STYLE('',(#11386));
#11386 = FILL_AREA_STYLE_COLOUR('',#10406);
#11387 = CURVE_STYLE('',#11388,POSITIVE_LENGTH_MEASURE(0.1),#10406);
#11388 = DRAUGHTING_PRE_DEFINED_CURVE_FONT('continuous');
#11389 = STYLED_ITEM('color',(#11390),#1421);
#11390 = PRESENTATION_STYLE_ASSIGNMENT((#11391,#11396));
#11391 = SURFACE_STYLE_USAGE(.BOTH.,#11392);
#11392 = SURFACE_SIDE_STYLE('',(#11393));
#11393 = SURFACE_STYLE_FILL_AREA(#11394);
#11394 = FILL_AREA_STYLE('',(#11395));
#11395 = FILL_AREA_STYLE_COLOUR('',#10406);
#11396 = CURVE_STYLE('',#11397,POSITIVE_LENGTH_MEASURE(0.1),#10406);
#11397 = DRAUGHTING_PRE_DEFINED_CURVE_FONT('continuous');
#11398 = STYLED_ITEM('color',(#11399),#1508);
#11399 = PRESENTATION_STYLE_ASSIGNMENT((#11400,#11405));
#11400 = SURFACE_STYLE_USAGE(.BOTH.,#11401);
#11401 = SURFACE_SIDE_STYLE('',(#11402));
#11402 = SURFACE_STYLE_FILL_AREA(#11403);
#11403 = FILL_AREA_STYLE('',(#11404));
#11404 = FILL_AREA_STYLE_COLOUR('',#11170);
#11405 = CURVE_STYLE('',#11406,POSITIVE_LENGTH_MEASURE(0.1),#11170);
#11406 = DRAUGHTING_PRE_DEFINED_CURVE_FONT('continuous');
#11407 = STYLED_ITEM('color',(#11408),#1546);
#11408 = PRESENTATION_STYLE_ASSIGNMENT((#11409,#11414));
#11409 = SURFACE_STYLE_USAGE(.BOTH.,#11410);
#11410 = SURFACE_SIDE_STYLE('',(#11411));
#11411 = SURFACE_STYLE_FILL_AREA(#11412);
#11412 = FILL_AREA_STYLE('',(#11413));
#11413 = FILL_AREA_STYLE_COLOUR('',#10406);
#11414 = CURVE_STYLE('',#11415,POSITIVE_LENGTH_MEASURE(0.1),#10406);
#11415 = DRAUGHTING_PRE_DEFINED_CURVE_FONT('continuous');
#11416 = STYLED_ITEM('color',(#11417),#1595);
#11417 = PRESENTATION_STYLE_ASSIGNMENT((#11418,#11423));
#11418 = SURFACE_STYLE_USAGE(.BOTH.,#11419);
#11419 = SURFACE_SIDE_STYLE('',(#11420));
#11420 = SURFACE_STYLE_FILL_AREA(#11421);
#11421 = FILL_AREA_STYLE('',(#11422));
#11422 = FILL_AREA_STYLE_COLOUR('',#11170);
#11423 = CURVE_STYLE('',#11424,POSITIVE_LENGTH_MEASURE(0.1),#11170);
#11424 = DRAUGHTING_PRE_DEFINED_CURVE_FONT('continuous');
#11425 = STYLED_ITEM('color',(#11426),#1687);
#11426 = PRESENTATION_STYLE_ASSIGNMENT((#11427,#11432));
#11427 = SURFACE_STYLE_USAGE(.BOTH.,#11428);
#11428 = SURFACE_SIDE_STYLE('',(#11429));
#11429 = SURFACE_STYLE_FILL_AREA(#11430);
#11430 = FILL_AREA_STYLE('',(#11431));
#11431 = FILL_AREA_STYLE_COLOUR('',#11170);
#11432 = CURVE_STYLE('',#11433,POSITIVE_LENGTH_MEASURE(0.1),#11170);
#11433 = DRAUGHTING_PRE_DEFINED_CURVE_FONT('continuous');
#11434 = STYLED_ITEM('color',(#11435),#1712);
#11435 = PRESENTATION_STYLE_ASSIGNMENT((#11436,#11441));
#11436 = SURFACE_STYLE_USAGE(.BOTH.,#11437);
#11437 = SURFACE_SIDE_STYLE('',(#11438));
#11438 = SURFACE_STYLE_FILL_AREA(#11439);
#11439 = FILL_AREA_STYLE('',(#11440));
#11440 = FILL_AREA_STYLE_COLOUR('',#11170);
#11441 = CURVE_STYLE('',#11442,POSITIVE_LENGTH_MEASURE(0.1),#11170);
#11442 = DRAUGHTING_PRE_DEFINED_CURVE_FONT('continuous');
#11443 = STYLED_ITEM('color',(#11444),#1796);
#11444 = PRESENTATION_STYLE_ASSIGNMENT((#11445,#11450));
#11445 = SURFACE_STYLE_USAGE(.BOTH.,#11446);
#11446 = SURFACE_SIDE_STYLE('',(#11447));
#11447 = SURFACE_STYLE_FILL_AREA(#11448);
#11448 = FILL_AREA_STYLE('',(#11449));
#11449 = FILL_AREA_STYLE_COLOUR('',#10406);
#11450 = CURVE_STYLE('',#11451,POSITIVE_LENGTH_MEASURE(0.1),#10406);
#11451 = DRAUGHTING_PRE_DEFINED_CURVE_FONT('continuous');
#11452 = STYLED_ITEM('color',(#11453),#1818);
#11453 = PRESENTATION_STYLE_ASSIGNMENT((#11454,#11459));
#11454 = SURFACE_STYLE_USAGE(.BOTH.,#11455);
#11455 = SURFACE_SIDE_STYLE('',(#11456));
#11456 = SURFACE_STYLE_FILL_AREA(#11457);
#11457 = FILL_AREA_STYLE('',(#11458));
#11458 = FILL_AREA_STYLE_COLOUR('',#11170);
#11459 = CURVE_STYLE('',#11460,POSITIVE_LENGTH_MEASURE(0.1),#11170);
#11460 = DRAUGHTING_PRE_DEFINED_CURVE_FONT('continuous');
#11461 = STYLED_ITEM('color',(#11462),#1910);
#11462 = PRESENTATION_STYLE_ASSIGNMENT((#11463,#11468));
#11463 = SURFACE_STYLE_USAGE(.BOTH.,#11464);
#11464 = SURFACE_SIDE_STYLE('',(#11465));
#11465 = SURFACE_STYLE_FILL_AREA(#11466);
#11466 = FILL_AREA_STYLE('',(#11467));
#11467 = FILL_AREA_STYLE_COLOUR('',#11170);
#11468 = CURVE_STYLE('',#11469,POSITIVE_LENGTH_MEASURE(0.1),#11170);
#11469 = DRAUGHTING_PRE_DEFINED_CURVE_FONT('continuous');
#11470 = STYLED_ITEM('color',(#11471),#1935);
#11471 = PRESENTATION_STYLE_ASSIGNMENT((#11472,#11477));
#11472 = SURFACE_STYLE_USAGE(.BOTH.,#11473);
#11473 = SURFACE_SIDE_STYLE('',(#11474));
#11474 = SURFACE_STYLE_FILL_AREA(#11475);
#11475 = FILL_AREA_STYLE('',(#11476));
#11476 = FILL_AREA_STYLE_COLOUR('',#11170);
#11477 = CURVE_STYLE('',#11478,POSITIVE_LENGTH_MEASURE(0.1),#11170);
#11478 = DRAUGHTING_PRE_DEFINED_CURVE_FONT('continuous');
#11479 = STYLED_ITEM('color',(#11480),#2019);
#11480 = PRESENTATION_STYLE_ASSIGNMENT((#11481,#11486));
#11481 = SURFACE_STYLE_USAGE(.BOTH.,#11482);
#11482 = SURFACE_SIDE_STYLE('',(#11483));
#11483 = SURFACE_STYLE_FILL_AREA(#11484);
#11484 = FILL_AREA_STYLE('',(#11485));
#11485 = FILL_AREA_STYLE_COLOUR('',#10406);
#11486 = CURVE_STYLE('',#11487,POSITIVE_LENGTH_MEASURE(0.1),#10406);
#11487 = DRAUGHTING_PRE_DEFINED_CURVE_FONT('continuous');
#11488 = STYLED_ITEM('color',(#11489),#2041);
#11489 = PRESENTATION_STYLE_ASSIGNMENT((#11490,#11495));
#11490 = SURFACE_STYLE_USAGE(.BOTH.,#11491);
#11491 = SURFACE_SIDE_STYLE('',(#11492));
#11492 = SURFACE_STYLE_FILL_AREA(#11493);
#11493 = FILL_AREA_STYLE('',(#11494));
#11494 = FILL_AREA_STYLE_COLOUR('',#11170);
#11495 = CURVE_STYLE('',#11496,POSITIVE_LENGTH_MEASURE(0.1),#11170);
#11496 = DRAUGHTING_PRE_DEFINED_CURVE_FONT('continuous');
#11497 = STYLED_ITEM('color',(#11498),#2133);
#11498 = PRESENTATION_STYLE_ASSIGNMENT((#11499,#11504));
#11499 = SURFACE_STYLE_USAGE(.BOTH.,#11500);
#11500 = SURFACE_SIDE_STYLE('',(#11501));
#11501 = SURFACE_STYLE_FILL_AREA(#11502);
#11502 = FILL_AREA_STYLE('',(#11503));
#11503 = FILL_AREA_STYLE_COLOUR('',#11170);
#11504 = CURVE_STYLE('',#11505,POSITIVE_LENGTH_MEASURE(0.1),#11170);
#11505 = DRAUGHTING_PRE_DEFINED_CURVE_FONT('continuous');
#11506 = STYLED_ITEM('color',(#11507),#2158);
#11507 = PRESENTATION_STYLE_ASSIGNMENT((#11508,#11513));
#11508 = SURFACE_STYLE_USAGE(.BOTH.,#11509);
#11509 = SURFACE_SIDE_STYLE('',(#11510));
#11510 = SURFACE_STYLE_FILL_AREA(#11511);
#11511 = FILL_AREA_STYLE('',(#11512));
#11512 = FILL_AREA_STYLE_COLOUR('',#11170);
#11513 = CURVE_STYLE('',#11514,POSITIVE_LENGTH_MEASURE(0.1),#11170);
#11514 = DRAUGHTING_PRE_DEFINED_CURVE_FONT('continuous');
#11515 = STYLED_ITEM('color',(#11516),#2242);
#11516 = PRESENTATION_STYLE_ASSIGNMENT((#11517,#11522));
#11517 = SURFACE_STYLE_USAGE(.BOTH.,#11518);
#11518 = SURFACE_SIDE_STYLE('',(#11519));
#11519 = SURFACE_STYLE_FILL_AREA(#11520);
#11520 = FILL_AREA_STYLE('',(#11521));
#11521 = FILL_AREA_STYLE_COLOUR('',#10406);
#11522 = CURVE_STYLE('',#11523,POSITIVE_LENGTH_MEASURE(0.1),#10406);
#11523 = DRAUGHTING_PRE_DEFINED_CURVE_FONT('continuous');
#11524 = STYLED_ITEM('color',(#11525),#2259);
#11525 = PRESENTATION_STYLE_ASSIGNMENT((#11526,#11531));
#11526 = SURFACE_STYLE_USAGE(.BOTH.,#11527);
#11527 = SURFACE_SIDE_STYLE('',(#11528));
#11528 = SURFACE_STYLE_FILL_AREA(#11529);
#11529 = FILL_AREA_STYLE('',(#11530));
#11530 = FILL_AREA_STYLE_COLOUR('',#11170);
#11531 = CURVE_STYLE('',#11532,POSITIVE_LENGTH_MEASURE(0.1),#11170);
#11532 = DRAUGHTING_PRE_DEFINED_CURVE_FONT('continuous');
#11533 = STYLED_ITEM('color',(#11534),#2344);
#11534 = PRESENTATION_STYLE_ASSIGNMENT((#11535,#11540));
#11535 = SURFACE_STYLE_USAGE(.BOTH.,#11536);
#11536 = SURFACE_SIDE_STYLE('',(#11537));
#11537 = SURFACE_STYLE_FILL_AREA(#11538);
#11538 = FILL_AREA_STYLE('',(#11539));
#11539 = FILL_AREA_STYLE_COLOUR('',#11170);
#11540 = CURVE_STYLE('',#11541,POSITIVE_LENGTH_MEASURE(0.1),#11170);
#11541 = DRAUGHTING_PRE_DEFINED_CURVE_FONT('continuous');
#11542 = STYLED_ITEM('color',(#11543),#2369);
#11543 = PRESENTATION_STYLE_ASSIGNMENT((#11544,#11549));
#11544 = SURFACE_STYLE_USAGE(.BOTH.,#11545);
#11545 = SURFACE_SIDE_STYLE('',(#11546));
#11546 = SURFACE_STYLE_FILL_AREA(#11547);
#11547 = FILL_AREA_STYLE('',(#11548));
#11548 = FILL_AREA_STYLE_COLOUR('',#11170);
#11549 = CURVE_STYLE('',#11550,POSITIVE_LENGTH_MEASURE(0.1),#11170);
#11550 = DRAUGHTING_PRE_DEFINED_CURVE_FONT('continuous');
#11551 = STYLED_ITEM('color',(#11552),#2446);
#11552 = PRESENTATION_STYLE_ASSIGNMENT((#11553,#11558));
#11553 = SURFACE_STYLE_USAGE(.BOTH.,#11554);
#11554 = SURFACE_SIDE_STYLE('',(#11555));
#11555 = SURFACE_STYLE_FILL_AREA(#11556);
#11556 = FILL_AREA_STYLE('',(#11557));
#11557 = FILL_AREA_STYLE_COLOUR('',#11170);
#11558 = CURVE_STYLE('',#11559,POSITIVE_LENGTH_MEASURE(0.1),#11170);
#11559 = DRAUGHTING_PRE_DEFINED_CURVE_FONT('continuous');
#11560 = STYLED_ITEM('color',(#11561),#2531);
#11561 = PRESENTATION_STYLE_ASSIGNMENT((#11562,#11567));
#11562 = SURFACE_STYLE_USAGE(.BOTH.,#11563);
#11563 = SURFACE_SIDE_STYLE('',(#11564));
#11564 = SURFACE_STYLE_FILL_AREA(#11565);
#11565 = FILL_AREA_STYLE('',(#11566));
#11566 = FILL_AREA_STYLE_COLOUR('',#11170);
#11567 = CURVE_STYLE('',#11568,POSITIVE_LENGTH_MEASURE(0.1),#11170);
#11568 = DRAUGHTING_PRE_DEFINED_CURVE_FONT('continuous');
#11569 = STYLED_ITEM('color',(#11570),#2556);
#11570 = PRESENTATION_STYLE_ASSIGNMENT((#11571,#11576));
#11571 = SURFACE_STYLE_USAGE(.BOTH.,#11572);
#11572 = SURFACE_SIDE_STYLE('',(#11573));
#11573 = SURFACE_STYLE_FILL_AREA(#11574);
#11574 = FILL_AREA_STYLE('',(#11575));
#11575 = FILL_AREA_STYLE_COLOUR('',#11170);
#11576 = CURVE_STYLE('',#11577,POSITIVE_LENGTH_MEASURE(0.1),#11170);
#11577 = DRAUGHTING_PRE_DEFINED_CURVE_FONT('continuous');
#11578 = STYLED_ITEM('color',(#11579),#2633);
#11579 = PRESENTATION_STYLE_ASSIGNMENT((#11580,#11585));
#11580 = SURFACE_STYLE_USAGE(.BOTH.,#11581);
#11581 = SURFACE_SIDE_STYLE('',(#11582));
#11582 = SURFACE_STYLE_FILL_AREA(#11583);
#11583 = FILL_AREA_STYLE('',(#11584));
#11584 = FILL_AREA_STYLE_COLOUR('',#10406);
#11585 = CURVE_STYLE('',#11586,POSITIVE_LENGTH_MEASURE(0.1),#10406);
#11586 = DRAUGHTING_PRE_DEFINED_CURVE_FONT('continuous');
#11587 = STYLED_ITEM('color',(#11588),#2650);
#11588 = PRESENTATION_STYLE_ASSIGNMENT((#11589,#11594));
#11589 = SURFACE_STYLE_USAGE(.BOTH.,#11590);
#11590 = SURFACE_SIDE_STYLE('',(#11591));
#11591 = SURFACE_STYLE_FILL_AREA(#11592);
#11592 = FILL_AREA_STYLE('',(#11593));
#11593 = FILL_AREA_STYLE_COLOUR('',#11170);
#11594 = CURVE_STYLE('',#11595,POSITIVE_LENGTH_MEASURE(0.1),#11170);
#11595 = DRAUGHTING_PRE_DEFINED_CURVE_FONT('continuous');
#11596 = STYLED_ITEM('color',(#11597),#2742);
#11597 = PRESENTATION_STYLE_ASSIGNMENT((#11598,#11603));
#11598 = SURFACE_STYLE_USAGE(.BOTH.,#11599);
#11599 = SURFACE_SIDE_STYLE('',(#11600));
#11600 = SURFACE_STYLE_FILL_AREA(#11601);
#11601 = FILL_AREA_STYLE('',(#11602));
#11602 = FILL_AREA_STYLE_COLOUR('',#11170);
#11603 = CURVE_STYLE('',#11604,POSITIVE_LENGTH_MEASURE(0.1),#11170);
#11604 = DRAUGHTING_PRE_DEFINED_CURVE_FONT('continuous');
#11605 = STYLED_ITEM('color',(#11606),#2767);
#11606 = PRESENTATION_STYLE_ASSIGNMENT((#11607,#11612));
#11607 = SURFACE_STYLE_USAGE(.BOTH.,#11608);
#11608 = SURFACE_SIDE_STYLE('',(#11609));
#11609 = SURFACE_STYLE_FILL_AREA(#11610);
#11610 = FILL_AREA_STYLE('',(#11611));
#11611 = FILL_AREA_STYLE_COLOUR('',#11170);
#11612 = CURVE_STYLE('',#11613,POSITIVE_LENGTH_MEASURE(0.1),#11170);
#11613 = DRAUGHTING_PRE_DEFINED_CURVE_FONT('continuous');
#11614 = STYLED_ITEM('color',(#11615),#2851);
#11615 = PRESENTATION_STYLE_ASSIGNMENT((#11616,#11621));
#11616 = SURFACE_STYLE_USAGE(.BOTH.,#11617);
#11617 = SURFACE_SIDE_STYLE('',(#11618));
#11618 = SURFACE_STYLE_FILL_AREA(#11619);
#11619 = FILL_AREA_STYLE('',(#11620));
#11620 = FILL_AREA_STYLE_COLOUR('',#10406);
#11621 = CURVE_STYLE('',#11622,POSITIVE_LENGTH_MEASURE(0.1),#10406);
#11622 = DRAUGHTING_PRE_DEFINED_CURVE_FONT('continuous');
#11623 = STYLED_ITEM('color',(#11624),#2873);
#11624 = PRESENTATION_STYLE_ASSIGNMENT((#11625,#11630));
#11625 = SURFACE_STYLE_USAGE(.BOTH.,#11626);
#11626 = SURFACE_SIDE_STYLE('',(#11627));
#11627 = SURFACE_STYLE_FILL_AREA(#11628);
#11628 = FILL_AREA_STYLE('',(#11629));
#11629 = FILL_AREA_STYLE_COLOUR('',#11170);
#11630 = CURVE_STYLE('',#11631,POSITIVE_LENGTH_MEASURE(0.1),#11170);
#11631 = DRAUGHTING_PRE_DEFINED_CURVE_FONT('continuous');
#11632 = STYLED_ITEM('color',(#11633),#2965);
#11633 = PRESENTATION_STYLE_ASSIGNMENT((#11634,#11639));
#11634 = SURFACE_STYLE_USAGE(.BOTH.,#11635);
#11635 = SURFACE_SIDE_STYLE('',(#11636));
#11636 = SURFACE_STYLE_FILL_AREA(#11637);
#11637 = FILL_AREA_STYLE('',(#11638));
#11638 = FILL_AREA_STYLE_COLOUR('',#11170);
#11639 = CURVE_STYLE('',#11640,POSITIVE_LENGTH_MEASURE(0.1),#11170);
#11640 = DRAUGHTING_PRE_DEFINED_CURVE_FONT('continuous');
#11641 = STYLED_ITEM('color',(#11642),#2990);
#11642 = PRESENTATION_STYLE_ASSIGNMENT((#11643,#11648));
#11643 = SURFACE_STYLE_USAGE(.BOTH.,#11644);
#11644 = SURFACE_SIDE_STYLE('',(#11645));
#11645 = SURFACE_STYLE_FILL_AREA(#11646);
#11646 = FILL_AREA_STYLE('',(#11647));
#11647 = FILL_AREA_STYLE_COLOUR('',#11170);
#11648 = CURVE_STYLE('',#11649,POSITIVE_LENGTH_MEASURE(0.1),#11170);
#11649 = DRAUGHTING_PRE_DEFINED_CURVE_FONT('continuous');
#11650 = STYLED_ITEM('color',(#11651),#3074);
#11651 = PRESENTATION_STYLE_ASSIGNMENT((#11652,#11657));
#11652 = SURFACE_STYLE_USAGE(.BOTH.,#11653);
#11653 = SURFACE_SIDE_STYLE('',(#11654));
#11654 = SURFACE_STYLE_FILL_AREA(#11655);
#11655 = FILL_AREA_STYLE('',(#11656));
#11656 = FILL_AREA_STYLE_COLOUR('',#10406);
#11657 = CURVE_STYLE('',#11658,POSITIVE_LENGTH_MEASURE(0.1),#10406);
#11658 = DRAUGHTING_PRE_DEFINED_CURVE_FONT('continuous');
#11659 = STYLED_ITEM('color',(#11660),#3096);
#11660 = PRESENTATION_STYLE_ASSIGNMENT((#11661,#11666));
#11661 = SURFACE_STYLE_USAGE(.BOTH.,#11662);
#11662 = SURFACE_SIDE_STYLE('',(#11663));
#11663 = SURFACE_STYLE_FILL_AREA(#11664);
#11664 = FILL_AREA_STYLE('',(#11665));
#11665 = FILL_AREA_STYLE_COLOUR('',#11170);
#11666 = CURVE_STYLE('',#11667,POSITIVE_LENGTH_MEASURE(0.1),#11170);
#11667 = DRAUGHTING_PRE_DEFINED_CURVE_FONT('continuous');
#11668 = STYLED_ITEM('color',(#11669),#3188);
#11669 = PRESENTATION_STYLE_ASSIGNMENT((#11670,#11675));
#11670 = SURFACE_STYLE_USAGE(.BOTH.,#11671);
#11671 = SURFACE_SIDE_STYLE('',(#11672));
#11672 = SURFACE_STYLE_FILL_AREA(#11673);
#11673 = FILL_AREA_STYLE('',(#11674));
#11674 = FILL_AREA_STYLE_COLOUR('',#11170);
#11675 = CURVE_STYLE('',#11676,POSITIVE_LENGTH_MEASURE(0.1),#11170);
#11676 = DRAUGHTING_PRE_DEFINED_CURVE_FONT('continuous');
#11677 = STYLED_ITEM('color',(#11678),#3213);
#11678 = PRESENTATION_STYLE_ASSIGNMENT((#11679,#11684));
#11679 = SURFACE_STYLE_USAGE(.BOTH.,#11680);
#11680 = SURFACE_SIDE_STYLE('',(#11681));
#11681 = SURFACE_STYLE_FILL_AREA(#11682);
#11682 = FILL_AREA_STYLE('',(#11683));
#11683 = FILL_AREA_STYLE_COLOUR('',#11170);
#11684 = CURVE_STYLE('',#11685,POSITIVE_LENGTH_MEASURE(0.1),#11170);
#11685 = DRAUGHTING_PRE_DEFINED_CURVE_FONT('continuous');
#11686 = STYLED_ITEM('color',(#11687),#3297);
#11687 = PRESENTATION_STYLE_ASSIGNMENT((#11688,#11693));
#11688 = SURFACE_STYLE_USAGE(.BOTH.,#11689);
#11689 = SURFACE_SIDE_STYLE('',(#11690));
#11690 = SURFACE_STYLE_FILL_AREA(#11691);
#11691 = FILL_AREA_STYLE('',(#11692));
#11692 = FILL_AREA_STYLE_COLOUR('',#11170);
#11693 = CURVE_STYLE('',#11694,POSITIVE_LENGTH_MEASURE(0.1),#11170);
#11694 = DRAUGHTING_PRE_DEFINED_CURVE_FONT('continuous');
#11695 = STYLED_ITEM('color',(#11696),#3314);
#11696 = PRESENTATION_STYLE_ASSIGNMENT((#11697,#11702));
#11697 = SURFACE_STYLE_USAGE(.BOTH.,#11698);
#11698 = SURFACE_SIDE_STYLE('',(#11699));
#11699 = SURFACE_STYLE_FILL_AREA(#11700);
#11700 = FILL_AREA_STYLE('',(#11701));
#11701 = FILL_AREA_STYLE_COLOUR('',#11170);
#11702 = CURVE_STYLE('',#11703,POSITIVE_LENGTH_MEASURE(0.1),#11170);
#11703 = DRAUGHTING_PRE_DEFINED_CURVE_FONT('continuous');
#11704 = STYLED_ITEM('color',(#11705),#3333);
#11705 = PRESENTATION_STYLE_ASSIGNMENT((#11706,#11711));
#11706 = SURFACE_STYLE_USAGE(.BOTH.,#11707);
#11707 = SURFACE_SIDE_STYLE('',(#11708));
#11708 = SURFACE_STYLE_FILL_AREA(#11709);
#11709 = FILL_AREA_STYLE('',(#11710));
#11710 = FILL_AREA_STYLE_COLOUR('',#11170);
#11711 = CURVE_STYLE('',#11712,POSITIVE_LENGTH_MEASURE(0.1),#11170);
#11712 = DRAUGHTING_PRE_DEFINED_CURVE_FONT('continuous');
#11713 = STYLED_ITEM('color',(#11714),#3352);
#11714 = PRESENTATION_STYLE_ASSIGNMENT((#11715,#11720));
#11715 = SURFACE_STYLE_USAGE(.BOTH.,#11716);
#11716 = SURFACE_SIDE_STYLE('',(#11717));
#11717 = SURFACE_STYLE_FILL_AREA(#11718);
#11718 = FILL_AREA_STYLE('',(#11719));
#11719 = FILL_AREA_STYLE_COLOUR('',#11170);
#11720 = CURVE_STYLE('',#11721,POSITIVE_LENGTH_MEASURE(0.1),#11170);
#11721 = DRAUGHTING_PRE_DEFINED_CURVE_FONT('continuous');
#11722 = STYLED_ITEM('color',(#11723),#3371);
#11723 = PRESENTATION_STYLE_ASSIGNMENT((#11724,#11729));
#11724 = SURFACE_STYLE_USAGE(.BOTH.,#11725);
#11725 = SURFACE_SIDE_STYLE('',(#11726));
#11726 = SURFACE_STYLE_FILL_AREA(#11727);
#11727 = FILL_AREA_STYLE('',(#11728));
#11728 = FILL_AREA_STYLE_COLOUR('',#10406);
#11729 = CURVE_STYLE('',#11730,POSITIVE_LENGTH_MEASURE(0.1),#10406);
#11730 = DRAUGHTING_PRE_DEFINED_CURVE_FONT('continuous');
#11731 = STYLED_ITEM('color',(#11732),#3417);
#11732 = PRESENTATION_STYLE_ASSIGNMENT((#11733,#11738));
#11733 = SURFACE_STYLE_USAGE(.BOTH.,#11734);
#11734 = SURFACE_SIDE_STYLE('',(#11735));
#11735 = SURFACE_STYLE_FILL_AREA(#11736);
#11736 = FILL_AREA_STYLE('',(#11737));
#11737 = FILL_AREA_STYLE_COLOUR('',#10406);
#11738 = CURVE_STYLE('',#11739,POSITIVE_LENGTH_MEASURE(0.1),#10406);
#11739 = DRAUGHTING_PRE_DEFINED_CURVE_FONT('continuous');
#11740 = STYLED_ITEM('color',(#11741),#3433);
#11741 = PRESENTATION_STYLE_ASSIGNMENT((#11742,#11747));
#11742 = SURFACE_STYLE_USAGE(.BOTH.,#11743);
#11743 = SURFACE_SIDE_STYLE('',(#11744));
#11744 = SURFACE_STYLE_FILL_AREA(#11745);
#11745 = FILL_AREA_STYLE('',(#11746));
#11746 = FILL_AREA_STYLE_COLOUR('',#11170);
#11747 = CURVE_STYLE('',#11748,POSITIVE_LENGTH_MEASURE(0.1),#11170);
#11748 = DRAUGHTING_PRE_DEFINED_CURVE_FONT('continuous');
#11749 = STYLED_ITEM('color',(#11750),#3452);
#11750 = PRESENTATION_STYLE_ASSIGNMENT((#11751,#11756));
#11751 = SURFACE_STYLE_USAGE(.BOTH.,#11752);
#11752 = SURFACE_SIDE_STYLE('',(#11753));
#11753 = SURFACE_STYLE_FILL_AREA(#11754);
#11754 = FILL_AREA_STYLE('',(#11755));
#11755 = FILL_AREA_STYLE_COLOUR('',#11170);
#11756 = CURVE_STYLE('',#11757,POSITIVE_LENGTH_MEASURE(0.1),#11170);
#11757 = DRAUGHTING_PRE_DEFINED_CURVE_FONT('continuous');
#11758 = STYLED_ITEM('color',(#11759),#3471);
#11759 = PRESENTATION_STYLE_ASSIGNMENT((#11760,#11765));
#11760 = SURFACE_STYLE_USAGE(.BOTH.,#11761);
#11761 = SURFACE_SIDE_STYLE('',(#11762));
#11762 = SURFACE_STYLE_FILL_AREA(#11763);
#11763 = FILL_AREA_STYLE('',(#11764));
#11764 = FILL_AREA_STYLE_COLOUR('',#11170);
#11765 = CURVE_STYLE('',#11766,POSITIVE_LENGTH_MEASURE(0.1),#11170);
#11766 = DRAUGHTING_PRE_DEFINED_CURVE_FONT('continuous');
#11767 = STYLED_ITEM('color',(#11768),#3490);
#11768 = PRESENTATION_STYLE_ASSIGNMENT((#11769,#11774));
#11769 = SURFACE_STYLE_USAGE(.BOTH.,#11770);
#11770 = SURFACE_SIDE_STYLE('',(#11771));
#11771 = SURFACE_STYLE_FILL_AREA(#11772);
#11772 = FILL_AREA_STYLE('',(#11773));
#11773 = FILL_AREA_STYLE_COLOUR('',#10406);
#11774 = CURVE_STYLE('',#11775,POSITIVE_LENGTH_MEASURE(0.1),#10406);
#11775 = DRAUGHTING_PRE_DEFINED_CURVE_FONT('continuous');
#11776 = STYLED_ITEM('color',(#11777),#3506);
#11777 = PRESENTATION_STYLE_ASSIGNMENT((#11778,#11783));
#11778 = SURFACE_STYLE_USAGE(.BOTH.,#11779);
#11779 = SURFACE_SIDE_STYLE('',(#11780));
#11780 = SURFACE_STYLE_FILL_AREA(#11781);
#11781 = FILL_AREA_STYLE('',(#11782));
#11782 = FILL_AREA_STYLE_COLOUR('',#11170);
#11783 = CURVE_STYLE('',#11784,POSITIVE_LENGTH_MEASURE(0.1),#11170);
#11784 = DRAUGHTING_PRE_DEFINED_CURVE_FONT('continuous');
#11785 = STYLED_ITEM('color',(#11786),#3523);
#11786 = PRESENTATION_STYLE_ASSIGNMENT((#11787,#11792));
#11787 = SURFACE_STYLE_USAGE(.BOTH.,#11788);
#11788 = SURFACE_SIDE_STYLE('',(#11789));
#11789 = SURFACE_STYLE_FILL_AREA(#11790);
#11790 = FILL_AREA_STYLE('',(#11791));
#11791 = FILL_AREA_STYLE_COLOUR('',#10406);
#11792 = CURVE_STYLE('',#11793,POSITIVE_LENGTH_MEASURE(0.1),#10406);
#11793 = DRAUGHTING_PRE_DEFINED_CURVE_FONT('continuous');
#11794 = STYLED_ITEM('color',(#11795),#3535);
#11795 = PRESENTATION_STYLE_ASSIGNMENT((#11796,#11801));
#11796 = SURFACE_STYLE_USAGE(.BOTH.,#11797);
#11797 = SURFACE_SIDE_STYLE('',(#11798));
#11798 = SURFACE_STYLE_FILL_AREA(#11799);
#11799 = FILL_AREA_STYLE('',(#11800));
#11800 = FILL_AREA_STYLE_COLOUR('',#11170);
#11801 = CURVE_STYLE('',#11802,POSITIVE_LENGTH_MEASURE(0.1),#11170);
#11802 = DRAUGHTING_PRE_DEFINED_CURVE_FONT('continuous');
#11803 = STYLED_ITEM('color',(#11804),#3552);
#11804 = PRESENTATION_STYLE_ASSIGNMENT((#11805,#11810));
#11805 = SURFACE_STYLE_USAGE(.BOTH.,#11806);
#11806 = SURFACE_SIDE_STYLE('',(#11807));
#11807 = SURFACE_STYLE_FILL_AREA(#11808);
#11808 = FILL_AREA_STYLE('',(#11809));
#11809 = FILL_AREA_STYLE_COLOUR('',#11170);
#11810 = CURVE_STYLE('',#11811,POSITIVE_LENGTH_MEASURE(0.1),#11170);
#11811 = DRAUGHTING_PRE_DEFINED_CURVE_FONT('continuous');
#11812 = STYLED_ITEM('color',(#11813),#3569);
#11813 = PRESENTATION_STYLE_ASSIGNMENT((#11814,#11819));
#11814 = SURFACE_STYLE_USAGE(.BOTH.,#11815);
#11815 = SURFACE_SIDE_STYLE('',(#11816));
#11816 = SURFACE_STYLE_FILL_AREA(#11817);
#11817 = FILL_AREA_STYLE('',(#11818));
#11818 = FILL_AREA_STYLE_COLOUR('',#11170);
#11819 = CURVE_STYLE('',#11820,POSITIVE_LENGTH_MEASURE(0.1),#11170);
#11820 = DRAUGHTING_PRE_DEFINED_CURVE_FONT('continuous');
#11821 = STYLED_ITEM('color',(#11822),#3586);
#11822 = PRESENTATION_STYLE_ASSIGNMENT((#11823,#11828));
#11823 = SURFACE_STYLE_USAGE(.BOTH.,#11824);
#11824 = SURFACE_SIDE_STYLE('',(#11825));
#11825 = SURFACE_STYLE_FILL_AREA(#11826);
#11826 = FILL_AREA_STYLE('',(#11827));
#11827 = FILL_AREA_STYLE_COLOUR('',#11170);
#11828 = CURVE_STYLE('',#11829,POSITIVE_LENGTH_MEASURE(0.1),#11170);
#11829 = DRAUGHTING_PRE_DEFINED_CURVE_FONT('continuous');
#11830 = STYLED_ITEM('color',(#11831),#3603);
#11831 = PRESENTATION_STYLE_ASSIGNMENT((#11832,#11837));
#11832 = SURFACE_STYLE_USAGE(.BOTH.,#11833);
#11833 = SURFACE_SIDE_STYLE('',(#11834));
#11834 = SURFACE_STYLE_FILL_AREA(#11835);
#11835 = FILL_AREA_STYLE('',(#11836));
#11836 = FILL_AREA_STYLE_COLOUR('',#11170);
#11837 = CURVE_STYLE('',#11838,POSITIVE_LENGTH_MEASURE(0.1),#11170);
#11838 = DRAUGHTING_PRE_DEFINED_CURVE_FONT('continuous');
#11839 = STYLED_ITEM('color',(#11840),#3620);
#11840 = PRESENTATION_STYLE_ASSIGNMENT((#11841,#11846));
#11841 = SURFACE_STYLE_USAGE(.BOTH.,#11842);
#11842 = SURFACE_SIDE_STYLE('',(#11843));
#11843 = SURFACE_STYLE_FILL_AREA(#11844);
#11844 = FILL_AREA_STYLE('',(#11845));
#11845 = FILL_AREA_STYLE_COLOUR('',#11170);
#11846 = CURVE_STYLE('',#11847,POSITIVE_LENGTH_MEASURE(0.1),#11170);
#11847 = DRAUGHTING_PRE_DEFINED_CURVE_FONT('continuous');
#11848 = STYLED_ITEM('color',(#11849),#3637);
#11849 = PRESENTATION_STYLE_ASSIGNMENT((#11850,#11855));
#11850 = SURFACE_STYLE_USAGE(.BOTH.,#11851);
#11851 = SURFACE_SIDE_STYLE('',(#11852));
#11852 = SURFACE_STYLE_FILL_AREA(#11853);
#11853 = FILL_AREA_STYLE('',(#11854));
#11854 = FILL_AREA_STYLE_COLOUR('',#11170);
#11855 = CURVE_STYLE('',#11856,POSITIVE_LENGTH_MEASURE(0.1),#11170);
#11856 = DRAUGHTING_PRE_DEFINED_CURVE_FONT('continuous');
#11857 = STYLED_ITEM('color',(#11858),#3654);
#11858 = PRESENTATION_STYLE_ASSIGNMENT((#11859,#11864));
#11859 = SURFACE_STYLE_USAGE(.BOTH.,#11860);
#11860 = SURFACE_SIDE_STYLE('',(#11861));
#11861 = SURFACE_STYLE_FILL_AREA(#11862);
#11862 = FILL_AREA_STYLE('',(#11863));
#11863 = FILL_AREA_STYLE_COLOUR('',#11170);
#11864 = CURVE_STYLE('',#11865,POSITIVE_LENGTH_MEASURE(0.1),#11170);
#11865 = DRAUGHTING_PRE_DEFINED_CURVE_FONT('continuous');
#11866 = STYLED_ITEM('color',(#11867),#3666);
#11867 = PRESENTATION_STYLE_ASSIGNMENT((#11868,#11873));
#11868 = SURFACE_STYLE_USAGE(.BOTH.,#11869);
#11869 = SURFACE_SIDE_STYLE('',(#11870));
#11870 = SURFACE_STYLE_FILL_AREA(#11871);
#11871 = FILL_AREA_STYLE('',(#11872));
#11872 = FILL_AREA_STYLE_COLOUR('',#11170);
#11873 = CURVE_STYLE('',#11874,POSITIVE_LENGTH_MEASURE(0.1),#11170);
#11874 = DRAUGHTING_PRE_DEFINED_CURVE_FONT('continuous');
#11875 = STYLED_ITEM('color',(#11876),#3683);
#11876 = PRESENTATION_STYLE_ASSIGNMENT((#11877,#11882));
#11877 = SURFACE_STYLE_USAGE(.BOTH.,#11878);
#11878 = SURFACE_SIDE_STYLE('',(#11879));
#11879 = SURFACE_STYLE_FILL_AREA(#11880);
#11880 = FILL_AREA_STYLE('',(#11881));
#11881 = FILL_AREA_STYLE_COLOUR('',#11170);
#11882 = CURVE_STYLE('',#11883,POSITIVE_LENGTH_MEASURE(0.1),#11170);
#11883 = DRAUGHTING_PRE_DEFINED_CURVE_FONT('continuous');
#11884 = STYLED_ITEM('color',(#11885),#3700);
#11885 = PRESENTATION_STYLE_ASSIGNMENT((#11886,#11891));
#11886 = SURFACE_STYLE_USAGE(.BOTH.,#11887);
#11887 = SURFACE_SIDE_STYLE('',(#11888));
#11888 = SURFACE_STYLE_FILL_AREA(#11889);
#11889 = FILL_AREA_STYLE('',(#11890));
#11890 = FILL_AREA_STYLE_COLOUR('',#11170);
#11891 = CURVE_STYLE('',#11892,POSITIVE_LENGTH_MEASURE(0.1),#11170);
#11892 = DRAUGHTING_PRE_DEFINED_CURVE_FONT('continuous');
#11893 = STYLED_ITEM('color',(#11894),#3717);
#11894 = PRESENTATION_STYLE_ASSIGNMENT((#11895,#11900));
#11895 = SURFACE_STYLE_USAGE(.BOTH.,#11896);
#11896 = SURFACE_SIDE_STYLE('',(#11897));
#11897 = SURFACE_STYLE_FILL_AREA(#11898);
#11898 = FILL_AREA_STYLE('',(#11899));
#11899 = FILL_AREA_STYLE_COLOUR('',#11170);
#11900 = CURVE_STYLE('',#11901,POSITIVE_LENGTH_MEASURE(0.1),#11170);
#11901 = DRAUGHTING_PRE_DEFINED_CURVE_FONT('continuous');
#11902 = STYLED_ITEM('color',(#11903),#3734);
#11903 = PRESENTATION_STYLE_ASSIGNMENT((#11904,#11909));
#11904 = SURFACE_STYLE_USAGE(.BOTH.,#11905);
#11905 = SURFACE_SIDE_STYLE('',(#11906));
#11906 = SURFACE_STYLE_FILL_AREA(#11907);
#11907 = FILL_AREA_STYLE('',(#11908));
#11908 = FILL_AREA_STYLE_COLOUR('',#11170);
#11909 = CURVE_STYLE('',#11910,POSITIVE_LENGTH_MEASURE(0.1),#11170);
#11910 = DRAUGHTING_PRE_DEFINED_CURVE_FONT('continuous');
#11911 = STYLED_ITEM('color',(#11912),#3751);
#11912 = PRESENTATION_STYLE_ASSIGNMENT((#11913,#11918));
#11913 = SURFACE_STYLE_USAGE(.BOTH.,#11914);
#11914 = SURFACE_SIDE_STYLE('',(#11915));
#11915 = SURFACE_STYLE_FILL_AREA(#11916);
#11916 = FILL_AREA_STYLE('',(#11917));
#11917 = FILL_AREA_STYLE_COLOUR('',#11170);
#11918 = CURVE_STYLE('',#11919,POSITIVE_LENGTH_MEASURE(0.1),#11170);
#11919 = DRAUGHTING_PRE_DEFINED_CURVE_FONT('continuous');
#11920 = STYLED_ITEM('color',(#11921),#3768);
#11921 = PRESENTATION_STYLE_ASSIGNMENT((#11922,#11927));
#11922 = SURFACE_STYLE_USAGE(.BOTH.,#11923);
#11923 = SURFACE_SIDE_STYLE('',(#11924));
#11924 = SURFACE_STYLE_FILL_AREA(#11925);
#11925 = FILL_AREA_STYLE('',(#11926));
#11926 = FILL_AREA_STYLE_COLOUR('',#11170);
#11927 = CURVE_STYLE('',#11928,POSITIVE_LENGTH_MEASURE(0.1),#11170);
#11928 = DRAUGHTING_PRE_DEFINED_CURVE_FONT('continuous');
#11929 = STYLED_ITEM('color',(#11930),#3785);
#11930 = PRESENTATION_STYLE_ASSIGNMENT((#11931,#11936));
#11931 = SURFACE_STYLE_USAGE(.BOTH.,#11932);
#11932 = SURFACE_SIDE_STYLE('',(#11933));
#11933 = SURFACE_STYLE_FILL_AREA(#11934);
#11934 = FILL_AREA_STYLE('',(#11935));
#11935 = FILL_AREA_STYLE_COLOUR('',#11170);
#11936 = CURVE_STYLE('',#11937,POSITIVE_LENGTH_MEASURE(0.1),#11170);
#11937 = DRAUGHTING_PRE_DEFINED_CURVE_FONT('continuous');
#11938 = STYLED_ITEM('color',(#11939),#3797);
#11939 = PRESENTATION_STYLE_ASSIGNMENT((#11940,#11945));
#11940 = SURFACE_STYLE_USAGE(.BOTH.,#11941);
#11941 = SURFACE_SIDE_STYLE('',(#11942));
#11942 = SURFACE_STYLE_FILL_AREA(#11943);
#11943 = FILL_AREA_STYLE('',(#11944));
#11944 = FILL_AREA_STYLE_COLOUR('',#11170);
#11945 = CURVE_STYLE('',#11946,POSITIVE_LENGTH_MEASURE(0.1),#11170);
#11946 = DRAUGHTING_PRE_DEFINED_CURVE_FONT('continuous');
#11947 = STYLED_ITEM('color',(#11948),#3814);
#11948 = PRESENTATION_STYLE_ASSIGNMENT((#11949,#11954));
#11949 = SURFACE_STYLE_USAGE(.BOTH.,#11950);
#11950 = SURFACE_SIDE_STYLE('',(#11951));
#11951 = SURFACE_STYLE_FILL_AREA(#11952);
#11952 = FILL_AREA_STYLE('',(#11953));
#11953 = FILL_AREA_STYLE_COLOUR('',#11170);
#11954 = CURVE_STYLE('',#11955,POSITIVE_LENGTH_MEASURE(0.1),#11170);
#11955 = DRAUGHTING_PRE_DEFINED_CURVE_FONT('continuous');
#11956 = STYLED_ITEM('color',(#11957),#3831);
#11957 = PRESENTATION_STYLE_ASSIGNMENT((#11958,#11963));
#11958 = SURFACE_STYLE_USAGE(.BOTH.,#11959);
#11959 = SURFACE_SIDE_STYLE('',(#11960));
#11960 = SURFACE_STYLE_FILL_AREA(#11961);
#11961 = FILL_AREA_STYLE('',(#11962));
#11962 = FILL_AREA_STYLE_COLOUR('',#11170);
#11963 = CURVE_STYLE('',#11964,POSITIVE_LENGTH_MEASURE(0.1),#11170);
#11964 = DRAUGHTING_PRE_DEFINED_CURVE_FONT('continuous');
#11965 = STYLED_ITEM('color',(#11966),#3848);
#11966 = PRESENTATION_STYLE_ASSIGNMENT((#11967,#11972));
#11967 = SURFACE_STYLE_USAGE(.BOTH.,#11968);
#11968 = SURFACE_SIDE_STYLE('',(#11969));
#11969 = SURFACE_STYLE_FILL_AREA(#11970);
#11970 = FILL_AREA_STYLE('',(#11971));
#11971 = FILL_AREA_STYLE_COLOUR('',#11170);
#11972 = CURVE_STYLE('',#11973,POSITIVE_LENGTH_MEASURE(0.1),#11170);
#11973 = DRAUGHTING_PRE_DEFINED_CURVE_FONT('continuous');
#11974 = STYLED_ITEM('color',(#11975),#3865);
#11975 = PRESENTATION_STYLE_ASSIGNMENT((#11976,#11981));
#11976 = SURFACE_STYLE_USAGE(.BOTH.,#11977);
#11977 = SURFACE_SIDE_STYLE('',(#11978));
#11978 = SURFACE_STYLE_FILL_AREA(#11979);
#11979 = FILL_AREA_STYLE('',(#11980));
#11980 = FILL_AREA_STYLE_COLOUR('',#11170);
#11981 = CURVE_STYLE('',#11982,POSITIVE_LENGTH_MEASURE(0.1),#11170);
#11982 = DRAUGHTING_PRE_DEFINED_CURVE_FONT('continuous');
#11983 = STYLED_ITEM('color',(#11984),#3882);
#11984 = PRESENTATION_STYLE_ASSIGNMENT((#11985,#11990));
#11985 = SURFACE_STYLE_USAGE(.BOTH.,#11986);
#11986 = SURFACE_SIDE_STYLE('',(#11987));
#11987 = SURFACE_STYLE_FILL_AREA(#11988);
#11988 = FILL_AREA_STYLE('',(#11989));
#11989 = FILL_AREA_STYLE_COLOUR('',#11170);
#11990 = CURVE_STYLE('',#11991,POSITIVE_LENGTH_MEASURE(0.1),#11170);
#11991 = DRAUGHTING_PRE_DEFINED_CURVE_FONT('continuous');
#11992 = STYLED_ITEM('color',(#11993),#3899);
#11993 = PRESENTATION_STYLE_ASSIGNMENT((#11994,#11999));
#11994 = SURFACE_STYLE_USAGE(.BOTH.,#11995);
#11995 = SURFACE_SIDE_STYLE('',(#11996));
#11996 = SURFACE_STYLE_FILL_AREA(#11997);
#11997 = FILL_AREA_STYLE('',(#11998));
#11998 = FILL_AREA_STYLE_COLOUR('',#11170);
#11999 = CURVE_STYLE('',#12000,POSITIVE_LENGTH_MEASURE(0.1),#11170);
#12000 = DRAUGHTING_PRE_DEFINED_CURVE_FONT('continuous');
#12001 = STYLED_ITEM('color',(#12002),#3916);
#12002 = PRESENTATION_STYLE_ASSIGNMENT((#12003,#12008));
#12003 = SURFACE_STYLE_USAGE(.BOTH.,#12004);
#12004 = SURFACE_SIDE_STYLE('',(#12005));
#12005 = SURFACE_STYLE_FILL_AREA(#12006);
#12006 = FILL_AREA_STYLE('',(#12007));
#12007 = FILL_AREA_STYLE_COLOUR('',#11170);
#12008 = CURVE_STYLE('',#12009,POSITIVE_LENGTH_MEASURE(0.1),#11170);
#12009 = DRAUGHTING_PRE_DEFINED_CURVE_FONT('continuous');
#12010 = STYLED_ITEM('color',(#12011),#3928);
#12011 = PRESENTATION_STYLE_ASSIGNMENT((#12012,#12017));
#12012 = SURFACE_STYLE_USAGE(.BOTH.,#12013);
#12013 = SURFACE_SIDE_STYLE('',(#12014));
#12014 = SURFACE_STYLE_FILL_AREA(#12015);
#12015 = FILL_AREA_STYLE('',(#12016));
#12016 = FILL_AREA_STYLE_COLOUR('',#11170);
#12017 = CURVE_STYLE('',#12018,POSITIVE_LENGTH_MEASURE(0.1),#11170);
#12018 = DRAUGHTING_PRE_DEFINED_CURVE_FONT('continuous');
#12019 = STYLED_ITEM('color',(#12020),#3945);
#12020 = PRESENTATION_STYLE_ASSIGNMENT((#12021,#12026));
#12021 = SURFACE_STYLE_USAGE(.BOTH.,#12022);
#12022 = SURFACE_SIDE_STYLE('',(#12023));
#12023 = SURFACE_STYLE_FILL_AREA(#12024);
#12024 = FILL_AREA_STYLE('',(#12025));
#12025 = FILL_AREA_STYLE_COLOUR('',#11170);
#12026 = CURVE_STYLE('',#12027,POSITIVE_LENGTH_MEASURE(0.1),#11170);
#12027 = DRAUGHTING_PRE_DEFINED_CURVE_FONT('continuous');
#12028 = STYLED_ITEM('color',(#12029),#3962);
#12029 = PRESENTATION_STYLE_ASSIGNMENT((#12030,#12035));
#12030 = SURFACE_STYLE_USAGE(.BOTH.,#12031);
#12031 = SURFACE_SIDE_STYLE('',(#12032));
#12032 = SURFACE_STYLE_FILL_AREA(#12033);
#12033 = FILL_AREA_STYLE('',(#12034));
#12034 = FILL_AREA_STYLE_COLOUR('',#11170);
#12035 = CURVE_STYLE('',#12036,POSITIVE_LENGTH_MEASURE(0.1),#11170);
#12036 = DRAUGHTING_PRE_DEFINED_CURVE_FONT('continuous');
#12037 = STYLED_ITEM('color',(#12038),#3979);
#12038 = PRESENTATION_STYLE_ASSIGNMENT((#12039,#12044));
#12039 = SURFACE_STYLE_USAGE(.BOTH.,#12040);
#12040 = SURFACE_SIDE_STYLE('',(#12041));
#12041 = SURFACE_STYLE_FILL_AREA(#12042);
#12042 = FILL_AREA_STYLE('',(#12043));
#12043 = FILL_AREA_STYLE_COLOUR('',#11170);
#12044 = CURVE_STYLE('',#12045,POSITIVE_LENGTH_MEASURE(0.1),#11170);
#12045 = DRAUGHTING_PRE_DEFINED_CURVE_FONT('continuous');
#12046 = STYLED_ITEM('color',(#12047),#3996);
#12047 = PRESENTATION_STYLE_ASSIGNMENT((#12048,#12053));
#12048 = SURFACE_STYLE_USAGE(.BOTH.,#12049);
#12049 = SURFACE_SIDE_STYLE('',(#12050));
#12050 = SURFACE_STYLE_FILL_AREA(#12051);
#12051 = FILL_AREA_STYLE('',(#12052));
#12052 = FILL_AREA_STYLE_COLOUR('',#11170);
#12053 = CURVE_STYLE('',#12054,POSITIVE_LENGTH_MEASURE(0.1),#11170);
#12054 = DRAUGHTING_PRE_DEFINED_CURVE_FONT('continuous');
#12055 = STYLED_ITEM('color',(#12056),#4013);
#12056 = PRESENTATION_STYLE_ASSIGNMENT((#12057,#12062));
#12057 = SURFACE_STYLE_USAGE(.BOTH.,#12058);
#12058 = SURFACE_SIDE_STYLE('',(#12059));
#12059 = SURFACE_STYLE_FILL_AREA(#12060);
#12060 = FILL_AREA_STYLE('',(#12061));
#12061 = FILL_AREA_STYLE_COLOUR('',#11170);
#12062 = CURVE_STYLE('',#12063,POSITIVE_LENGTH_MEASURE(0.1),#11170);
#12063 = DRAUGHTING_PRE_DEFINED_CURVE_FONT('continuous');
#12064 = STYLED_ITEM('color',(#12065),#4030);
#12065 = PRESENTATION_STYLE_ASSIGNMENT((#12066,#12071));
#12066 = SURFACE_STYLE_USAGE(.BOTH.,#12067);
#12067 = SURFACE_SIDE_STYLE('',(#12068));
#12068 = SURFACE_STYLE_FILL_AREA(#12069);
#12069 = FILL_AREA_STYLE('',(#12070));
#12070 = FILL_AREA_STYLE_COLOUR('',#11170);
#12071 = CURVE_STYLE('',#12072,POSITIVE_LENGTH_MEASURE(0.1),#11170);
#12072 = DRAUGHTING_PRE_DEFINED_CURVE_FONT('continuous');
#12073 = STYLED_ITEM('color',(#12074),#4042);
#12074 = PRESENTATION_STYLE_ASSIGNMENT((#12075,#12080));
#12075 = SURFACE_STYLE_USAGE(.BOTH.,#12076);
#12076 = SURFACE_SIDE_STYLE('',(#12077));
#12077 = SURFACE_STYLE_FILL_AREA(#12078);
#12078 = FILL_AREA_STYLE('',(#12079));
#12079 = FILL_AREA_STYLE_COLOUR('',#11170);
#12080 = CURVE_STYLE('',#12081,POSITIVE_LENGTH_MEASURE(0.1),#11170);
#12081 = DRAUGHTING_PRE_DEFINED_CURVE_FONT('continuous');
#12082 = STYLED_ITEM('color',(#12083),#4059);
#12083 = PRESENTATION_STYLE_ASSIGNMENT((#12084,#12089));
#12084 = SURFACE_STYLE_USAGE(.BOTH.,#12085);
#12085 = SURFACE_SIDE_STYLE('',(#12086));
#12086 = SURFACE_STYLE_FILL_AREA(#12087);
#12087 = FILL_AREA_STYLE('',(#12088));
#12088 = FILL_AREA_STYLE_COLOUR('',#11170);
#12089 = CURVE_STYLE('',#12090,POSITIVE_LENGTH_MEASURE(0.1),#11170);
#12090 = DRAUGHTING_PRE_DEFINED_CURVE_FONT('continuous');
#12091 = STYLED_ITEM('color',(#12092),#4076);
#12092 = PRESENTATION_STYLE_ASSIGNMENT((#12093,#12098));
#12093 = SURFACE_STYLE_USAGE(.BOTH.,#12094);
#12094 = SURFACE_SIDE_STYLE('',(#12095));
#12095 = SURFACE_STYLE_FILL_AREA(#12096);
#12096 = FILL_AREA_STYLE('',(#12097));
#12097 = FILL_AREA_STYLE_COLOUR('',#11170);
#12098 = CURVE_STYLE('',#12099,POSITIVE_LENGTH_MEASURE(0.1),#11170);
#12099 = DRAUGHTING_PRE_DEFINED_CURVE_FONT('continuous');
#12100 = STYLED_ITEM('color',(#12101),#4093);
#12101 = PRESENTATION_STYLE_ASSIGNMENT((#12102,#12107));
#12102 = SURFACE_STYLE_USAGE(.BOTH.,#12103);
#12103 = SURFACE_SIDE_STYLE('',(#12104));
#12104 = SURFACE_STYLE_FILL_AREA(#12105);
#12105 = FILL_AREA_STYLE('',(#12106));
#12106 = FILL_AREA_STYLE_COLOUR('',#11170);
#12107 = CURVE_STYLE('',#12108,POSITIVE_LENGTH_MEASURE(0.1),#11170);
#12108 = DRAUGHTING_PRE_DEFINED_CURVE_FONT('continuous');
#12109 = STYLED_ITEM('color',(#12110),#4110);
#12110 = PRESENTATION_STYLE_ASSIGNMENT((#12111,#12116));
#12111 = SURFACE_STYLE_USAGE(.BOTH.,#12112);
#12112 = SURFACE_SIDE_STYLE('',(#12113));
#12113 = SURFACE_STYLE_FILL_AREA(#12114);
#12114 = FILL_AREA_STYLE('',(#12115));
#12115 = FILL_AREA_STYLE_COLOUR('',#11170);
#12116 = CURVE_STYLE('',#12117,POSITIVE_LENGTH_MEASURE(0.1),#11170);
#12117 = DRAUGHTING_PRE_DEFINED_CURVE_FONT('continuous');
#12118 = STYLED_ITEM('color',(#12119),#4127);
#12119 = PRESENTATION_STYLE_ASSIGNMENT((#12120,#12125));
#12120 = SURFACE_STYLE_USAGE(.BOTH.,#12121);
#12121 = SURFACE_SIDE_STYLE('',(#12122));
#12122 = SURFACE_STYLE_FILL_AREA(#12123);
#12123 = FILL_AREA_STYLE('',(#12124));
#12124 = FILL_AREA_STYLE_COLOUR('',#11170);
#12125 = CURVE_STYLE('',#12126,POSITIVE_LENGTH_MEASURE(0.1),#11170);
#12126 = DRAUGHTING_PRE_DEFINED_CURVE_FONT('continuous');
#12127 = STYLED_ITEM('color',(#12128),#4144);
#12128 = PRESENTATION_STYLE_ASSIGNMENT((#12129,#12134));
#12129 = SURFACE_STYLE_USAGE(.BOTH.,#12130);
#12130 = SURFACE_SIDE_STYLE('',(#12131));
#12131 = SURFACE_STYLE_FILL_AREA(#12132);
#12132 = FILL_AREA_STYLE('',(#12133));
#12133 = FILL_AREA_STYLE_COLOUR('',#11170);
#12134 = CURVE_STYLE('',#12135,POSITIVE_LENGTH_MEASURE(0.1),#11170);
#12135 = DRAUGHTING_PRE_DEFINED_CURVE_FONT('continuous');
#12136 = STYLED_ITEM('color',(#12137),#4156);
#12137 = PRESENTATION_STYLE_ASSIGNMENT((#12138,#12143));
#12138 = SURFACE_STYLE_USAGE(.BOTH.,#12139);
#12139 = SURFACE_SIDE_STYLE('',(#12140));
#12140 = SURFACE_STYLE_FILL_AREA(#12141);
#12141 = FILL_AREA_STYLE('',(#12142));
#12142 = FILL_AREA_STYLE_COLOUR('',#11170);
#12143 = CURVE_STYLE('',#12144,POSITIVE_LENGTH_MEASURE(0.1),#11170);
#12144 = DRAUGHTING_PRE_DEFINED_CURVE_FONT('continuous');
#12145 = STYLED_ITEM('color',(#12146),#4173);
#12146 = PRESENTATION_STYLE_ASSIGNMENT((#12147,#12152));
#12147 = SURFACE_STYLE_USAGE(.BOTH.,#12148);
#12148 = SURFACE_SIDE_STYLE('',(#12149));
#12149 = SURFACE_STYLE_FILL_AREA(#12150);
#12150 = FILL_AREA_STYLE('',(#12151));
#12151 = FILL_AREA_STYLE_COLOUR('',#11170);
#12152 = CURVE_STYLE('',#12153,POSITIVE_LENGTH_MEASURE(0.1),#11170);
#12153 = DRAUGHTING_PRE_DEFINED_CURVE_FONT('continuous');
#12154 = STYLED_ITEM('color',(#12155),#4190);
#12155 = PRESENTATION_STYLE_ASSIGNMENT((#12156,#12161));
#12156 = SURFACE_STYLE_USAGE(.BOTH.,#12157);
#12157 = SURFACE_SIDE_STYLE('',(#12158));
#12158 = SURFACE_STYLE_FILL_AREA(#12159);
#12159 = FILL_AREA_STYLE('',(#12160));
#12160 = FILL_AREA_STYLE_COLOUR('',#11170);
#12161 = CURVE_STYLE('',#12162,POSITIVE_LENGTH_MEASURE(0.1),#11170);
#12162 = DRAUGHTING_PRE_DEFINED_CURVE_FONT('continuous');
#12163 = STYLED_ITEM('color',(#12164),#4207);
#12164 = PRESENTATION_STYLE_ASSIGNMENT((#12165,#12170));
#12165 = SURFACE_STYLE_USAGE(.BOTH.,#12166);
#12166 = SURFACE_SIDE_STYLE('',(#12167));
#12167 = SURFACE_STYLE_FILL_AREA(#12168);
#12168 = FILL_AREA_STYLE('',(#12169));
#12169 = FILL_AREA_STYLE_COLOUR('',#11170);
#12170 = CURVE_STYLE('',#12171,POSITIVE_LENGTH_MEASURE(0.1),#11170);
#12171 = DRAUGHTING_PRE_DEFINED_CURVE_FONT('continuous');
#12172 = STYLED_ITEM('color',(#12173),#4224);
#12173 = PRESENTATION_STYLE_ASSIGNMENT((#12174,#12179));
#12174 = SURFACE_STYLE_USAGE(.BOTH.,#12175);
#12175 = SURFACE_SIDE_STYLE('',(#12176));
#12176 = SURFACE_STYLE_FILL_AREA(#12177);
#12177 = FILL_AREA_STYLE('',(#12178));
#12178 = FILL_AREA_STYLE_COLOUR('',#11170);
#12179 = CURVE_STYLE('',#12180,POSITIVE_LENGTH_MEASURE(0.1),#11170);
#12180 = DRAUGHTING_PRE_DEFINED_CURVE_FONT('continuous');
#12181 = STYLED_ITEM('color',(#12182),#4241);
#12182 = PRESENTATION_STYLE_ASSIGNMENT((#12183,#12188));
#12183 = SURFACE_STYLE_USAGE(.BOTH.,#12184);
#12184 = SURFACE_SIDE_STYLE('',(#12185));
#12185 = SURFACE_STYLE_FILL_AREA(#12186);
#12186 = FILL_AREA_STYLE('',(#12187));
#12187 = FILL_AREA_STYLE_COLOUR('',#11170);
#12188 = CURVE_STYLE('',#12189,POSITIVE_LENGTH_MEASURE(0.1),#11170);
#12189 = DRAUGHTING_PRE_DEFINED_CURVE_FONT('continuous');
#12190 = STYLED_ITEM('color',(#12191),#4258);
#12191 = PRESENTATION_STYLE_ASSIGNMENT((#12192,#12197));
#12192 = SURFACE_STYLE_USAGE(.BOTH.,#12193);
#12193 = SURFACE_SIDE_STYLE('',(#12194));
#12194 = SURFACE_STYLE_FILL_AREA(#12195);
#12195 = FILL_AREA_STYLE('',(#12196));
#12196 = FILL_AREA_STYLE_COLOUR('',#11170);
#12197 = CURVE_STYLE('',#12198,POSITIVE_LENGTH_MEASURE(0.1),#11170);
#12198 = DRAUGHTING_PRE_DEFINED_CURVE_FONT('continuous');
#12199 = STYLED_ITEM('color',(#12200),#4275);
#12200 = PRESENTATION_STYLE_ASSIGNMENT((#12201,#12206));
#12201 = SURFACE_STYLE_USAGE(.BOTH.,#12202);
#12202 = SURFACE_SIDE_STYLE('',(#12203));
#12203 = SURFACE_STYLE_FILL_AREA(#12204);
#12204 = FILL_AREA_STYLE('',(#12205));
#12205 = FILL_AREA_STYLE_COLOUR('',#11170);
#12206 = CURVE_STYLE('',#12207,POSITIVE_LENGTH_MEASURE(0.1),#11170);
#12207 = DRAUGHTING_PRE_DEFINED_CURVE_FONT('continuous');
#12208 = STYLED_ITEM('color',(#12209),#4287);
#12209 = PRESENTATION_STYLE_ASSIGNMENT((#12210,#12215));
#12210 = SURFACE_STYLE_USAGE(.BOTH.,#12211);
#12211 = SURFACE_SIDE_STYLE('',(#12212));
#12212 = SURFACE_STYLE_FILL_AREA(#12213);
#12213 = FILL_AREA_STYLE('',(#12214));
#12214 = FILL_AREA_STYLE_COLOUR('',#11170);
#12215 = CURVE_STYLE('',#12216,POSITIVE_LENGTH_MEASURE(0.1),#11170);
#12216 = DRAUGHTING_PRE_DEFINED_CURVE_FONT('continuous');
#12217 = STYLED_ITEM('color',(#12218),#4304);
#12218 = PRESENTATION_STYLE_ASSIGNMENT((#12219,#12224));
#12219 = SURFACE_STYLE_USAGE(.BOTH.,#12220);
#12220 = SURFACE_SIDE_STYLE('',(#12221));
#12221 = SURFACE_STYLE_FILL_AREA(#12222);
#12222 = FILL_AREA_STYLE('',(#12223));
#12223 = FILL_AREA_STYLE_COLOUR('',#11170);
#12224 = CURVE_STYLE('',#12225,POSITIVE_LENGTH_MEASURE(0.1),#11170);
#12225 = DRAUGHTING_PRE_DEFINED_CURVE_FONT('continuous');
#12226 = STYLED_ITEM('color',(#12227),#4321);
#12227 = PRESENTATION_STYLE_ASSIGNMENT((#12228,#12233));
#12228 = SURFACE_STYLE_USAGE(.BOTH.,#12229);
#12229 = SURFACE_SIDE_STYLE('',(#12230));
#12230 = SURFACE_STYLE_FILL_AREA(#12231);
#12231 = FILL_AREA_STYLE('',(#12232));
#12232 = FILL_AREA_STYLE_COLOUR('',#11170);
#12233 = CURVE_STYLE('',#12234,POSITIVE_LENGTH_MEASURE(0.1),#11170);
#12234 = DRAUGHTING_PRE_DEFINED_CURVE_FONT('continuous');
#12235 = STYLED_ITEM('color',(#12236),#4338);
#12236 = PRESENTATION_STYLE_ASSIGNMENT((#12237,#12242));
#12237 = SURFACE_STYLE_USAGE(.BOTH.,#12238);
#12238 = SURFACE_SIDE_STYLE('',(#12239));
#12239 = SURFACE_STYLE_FILL_AREA(#12240);
#12240 = FILL_AREA_STYLE('',(#12241));
#12241 = FILL_AREA_STYLE_COLOUR('',#11170);
#12242 = CURVE_STYLE('',#12243,POSITIVE_LENGTH_MEASURE(0.1),#11170);
#12243 = DRAUGHTING_PRE_DEFINED_CURVE_FONT('continuous');
#12244 = STYLED_ITEM('color',(#12245),#4355);
#12245 = PRESENTATION_STYLE_ASSIGNMENT((#12246,#12251));
#12246 = SURFACE_STYLE_USAGE(.BOTH.,#12247);
#12247 = SURFACE_SIDE_STYLE('',(#12248));
#12248 = SURFACE_STYLE_FILL_AREA(#12249);
#12249 = FILL_AREA_STYLE('',(#12250));
#12250 = FILL_AREA_STYLE_COLOUR('',#11170);
#12251 = CURVE_STYLE('',#12252,POSITIVE_LENGTH_MEASURE(0.1),#11170);
#12252 = DRAUGHTING_PRE_DEFINED_CURVE_FONT('continuous');
#12253 = STYLED_ITEM('color',(#12254),#4372);
#12254 = PRESENTATION_STYLE_ASSIGNMENT((#12255,#12260));
#12255 = SURFACE_STYLE_USAGE(.BOTH.,#12256);
#12256 = SURFACE_SIDE_STYLE('',(#12257));
#12257 = SURFACE_STYLE_FILL_AREA(#12258);
#12258 = FILL_AREA_STYLE('',(#12259));
#12259 = FILL_AREA_STYLE_COLOUR('',#11170);
#12260 = CURVE_STYLE('',#12261,POSITIVE_LENGTH_MEASURE(0.1),#11170);
#12261 = DRAUGHTING_PRE_DEFINED_CURVE_FONT('continuous');
#12262 = STYLED_ITEM('color',(#12263),#4389);
#12263 = PRESENTATION_STYLE_ASSIGNMENT((#12264,#12269));
#12264 = SURFACE_STYLE_USAGE(.BOTH.,#12265);
#12265 = SURFACE_SIDE_STYLE('',(#12266));
#12266 = SURFACE_STYLE_FILL_AREA(#12267);
#12267 = FILL_AREA_STYLE('',(#12268));
#12268 = FILL_AREA_STYLE_COLOUR('',#11170);
#12269 = CURVE_STYLE('',#12270,POSITIVE_LENGTH_MEASURE(0.1),#11170);
#12270 = DRAUGHTING_PRE_DEFINED_CURVE_FONT('continuous');
#12271 = STYLED_ITEM('color',(#12272),#4406);
#12272 = PRESENTATION_STYLE_ASSIGNMENT((#12273,#12278));
#12273 = SURFACE_STYLE_USAGE(.BOTH.,#12274);
#12274 = SURFACE_SIDE_STYLE('',(#12275));
#12275 = SURFACE_STYLE_FILL_AREA(#12276);
#12276 = FILL_AREA_STYLE('',(#12277));
#12277 = FILL_AREA_STYLE_COLOUR('',#11170);
#12278 = CURVE_STYLE('',#12279,POSITIVE_LENGTH_MEASURE(0.1),#11170);
#12279 = DRAUGHTING_PRE_DEFINED_CURVE_FONT('continuous');
#12280 = STYLED_ITEM('color',(#12281),#4418);
#12281 = PRESENTATION_STYLE_ASSIGNMENT((#12282,#12287));
#12282 = SURFACE_STYLE_USAGE(.BOTH.,#12283);
#12283 = SURFACE_SIDE_STYLE('',(#12284));
#12284 = SURFACE_STYLE_FILL_AREA(#12285);
#12285 = FILL_AREA_STYLE('',(#12286));
#12286 = FILL_AREA_STYLE_COLOUR('',#11170);
#12287 = CURVE_STYLE('',#12288,POSITIVE_LENGTH_MEASURE(0.1),#11170);
#12288 = DRAUGHTING_PRE_DEFINED_CURVE_FONT('continuous');
#12289 = STYLED_ITEM('color',(#12290),#4435);
#12290 = PRESENTATION_STYLE_ASSIGNMENT((#12291,#12296));
#12291 = SURFACE_STYLE_USAGE(.BOTH.,#12292);
#12292 = SURFACE_SIDE_STYLE('',(#12293));
#12293 = SURFACE_STYLE_FILL_AREA(#12294);
#12294 = FILL_AREA_STYLE('',(#12295));
#12295 = FILL_AREA_STYLE_COLOUR('',#11170);
#12296 = CURVE_STYLE('',#12297,POSITIVE_LENGTH_MEASURE(0.1),#11170);
#12297 = DRAUGHTING_PRE_DEFINED_CURVE_FONT('continuous');
#12298 = STYLED_ITEM('color',(#12299),#4452);
#12299 = PRESENTATION_STYLE_ASSIGNMENT((#12300,#12305));
#12300 = SURFACE_STYLE_USAGE(.BOTH.,#12301);
#12301 = SURFACE_SIDE_STYLE('',(#12302));
#12302 = SURFACE_STYLE_FILL_AREA(#12303);
#12303 = FILL_AREA_STYLE('',(#12304));
#12304 = FILL_AREA_STYLE_COLOUR('',#11170);
#12305 = CURVE_STYLE('',#12306,POSITIVE_LENGTH_MEASURE(0.1),#11170);
#12306 = DRAUGHTING_PRE_DEFINED_CURVE_FONT('continuous');
#12307 = STYLED_ITEM('color',(#12308),#4469);
#12308 = PRESENTATION_STYLE_ASSIGNMENT((#12309,#12314));
#12309 = SURFACE_STYLE_USAGE(.BOTH.,#12310);
#12310 = SURFACE_SIDE_STYLE('',(#12311));
#12311 = SURFACE_STYLE_FILL_AREA(#12312);
#12312 = FILL_AREA_STYLE('',(#12313));
#12313 = FILL_AREA_STYLE_COLOUR('',#11170);
#12314 = CURVE_STYLE('',#12315,POSITIVE_LENGTH_MEASURE(0.1),#11170);
#12315 = DRAUGHTING_PRE_DEFINED_CURVE_FONT('continuous');
#12316 = STYLED_ITEM('color',(#12317),#4486);
#12317 = PRESENTATION_STYLE_ASSIGNMENT((#12318,#12323));
#12318 = SURFACE_STYLE_USAGE(.BOTH.,#12319);
#12319 = SURFACE_SIDE_STYLE('',(#12320));
#12320 = SURFACE_STYLE_FILL_AREA(#12321);
#12321 = FILL_AREA_STYLE('',(#12322));
#12322 = FILL_AREA_STYLE_COLOUR('',#11170);
#12323 = CURVE_STYLE('',#12324,POSITIVE_LENGTH_MEASURE(0.1),#11170);
#12324 = DRAUGHTING_PRE_DEFINED_CURVE_FONT('continuous');
#12325 = STYLED_ITEM('color',(#12326),#4503);
#12326 = PRESENTATION_STYLE_ASSIGNMENT((#12327,#12332));
#12327 = SURFACE_STYLE_USAGE(.BOTH.,#12328);
#12328 = SURFACE_SIDE_STYLE('',(#12329));
#12329 = SURFACE_STYLE_FILL_AREA(#12330);
#12330 = FILL_AREA_STYLE('',(#12331));
#12331 = FILL_AREA_STYLE_COLOUR('',#11170);
#12332 = CURVE_STYLE('',#12333,POSITIVE_LENGTH_MEASURE(0.1),#11170);
#12333 = DRAUGHTING_PRE_DEFINED_CURVE_FONT('continuous');
#12334 = STYLED_ITEM('color',(#12335),#4520);
#12335 = PRESENTATION_STYLE_ASSIGNMENT((#12336,#12341));
#12336 = SURFACE_STYLE_USAGE(.BOTH.,#12337);
#12337 = SURFACE_SIDE_STYLE('',(#12338));
#12338 = SURFACE_STYLE_FILL_AREA(#12339);
#12339 = FILL_AREA_STYLE('',(#12340));
#12340 = FILL_AREA_STYLE_COLOUR('',#11170);
#12341 = CURVE_STYLE('',#12342,POSITIVE_LENGTH_MEASURE(0.1),#11170);
#12342 = DRAUGHTING_PRE_DEFINED_CURVE_FONT('continuous');
#12343 = STYLED_ITEM('color',(#12344),#4537);
#12344 = PRESENTATION_STYLE_ASSIGNMENT((#12345,#12350));
#12345 = SURFACE_STYLE_USAGE(.BOTH.,#12346);
#12346 = SURFACE_SIDE_STYLE('',(#12347));
#12347 = SURFACE_STYLE_FILL_AREA(#12348);
#12348 = FILL_AREA_STYLE('',(#12349));
#12349 = FILL_AREA_STYLE_COLOUR('',#11170);
#12350 = CURVE_STYLE('',#12351,POSITIVE_LENGTH_MEASURE(0.1),#11170);
#12351 = DRAUGHTING_PRE_DEFINED_CURVE_FONT('continuous');
#12352 = STYLED_ITEM('color',(#12353),#4549);
#12353 = PRESENTATION_STYLE_ASSIGNMENT((#12354,#12360));
#12354 = SURFACE_STYLE_USAGE(.BOTH.,#12355);
#12355 = SURFACE_SIDE_STYLE('',(#12356));
#12356 = SURFACE_STYLE_FILL_AREA(#12357);
#12357 = FILL_AREA_STYLE('',(#12358));
#12358 = FILL_AREA_STYLE_COLOUR('',#12359);
#12359 = COLOUR_RGB('',0.690999998585,0.664000007176,0.597999987832);
#12360 = CURVE_STYLE('',#12361,POSITIVE_LENGTH_MEASURE(0.1),#12359);
#12361 = DRAUGHTING_PRE_DEFINED_CURVE_FONT('continuous');
ENDSEC;
END-ISO-10303-21;
