ISO-10303-21;
HEADER;
FILE_DESCRIPTION(('KiCad electronic assembly'),'2;1');
FILE_NAME('SSD1309.step','2026-10-09T23:46:22',('Pcbnew'),('Kicad'),
  'Open CASCADE STEP processor 7.9','KiCad to STEP converter','Unknown'
  );
FILE_SCHEMA(('AUTOMOTIVE_DESIGN { 1 0 10303 214 1 1 1 1 }'));
ENDSEC;
DATA;
#1 = APPLICATION_PROTOCOL_DEFINITION('international standard',
  'automotive_design',2000,#2);
#2 = APPLICATION_CONTEXT(
  'core data for automotive mechanical design processes');
#3 = SHAPE_DEFINITION_REPRESENTATION(#4,#10);
#4 = PRODUCT_DEFINITION_SHAPE('','',#5);
#5 = PRODUCT_DEFINITION('design','',#6,#9);
#6 = PRODUCT_DEFINITION_FORMATION('','',#7);
#7 = PRODUCT('SSD1309 1','SSD1309 1','',(#8));
#8 = PRODUCT_CONTEXT('',#2,'mechanical');
#9 = PRODUCT_DEFINITION_CONTEXT('part definition',#2,'design');
#10 = SHAPE_REPRESENTATION('',(#11,#15,#19,#23,#27),#31);
#11 = AXIS2_PLACEMENT_3D('',#12,#13,#14);
#12 = CARTESIAN_POINT('',(0.,0.,0.));
#13 = DIRECTION('',(0.,0.,1.));
#14 = DIRECTION('',(1.,0.,-0.));
#15 = AXIS2_PLACEMENT_3D('',#16,#17,#18);
#16 = CARTESIAN_POINT('',(-1.040949779275E-17,-1.15568641243E-33,
    -8.5E-02));
#17 = DIRECTION('',(-1.224646799147E-16,-1.359631073447E-32,-1.));
#18 = DIRECTION('',(1.110223024625E-16,-1.,0.));
#19 = AXIS2_PLACEMENT_3D('',#20,#21,#22);
#20 = CARTESIAN_POINT('',(0.,0.,0.));
#21 = DIRECTION('',(0.,0.,1.));
#22 = DIRECTION('',(1.,0.,-0.));
#23 = AXIS2_PLACEMENT_3D('',#24,#25,#26);
#24 = CARTESIAN_POINT('',(0.,0.,0.));
#25 = DIRECTION('',(0.,0.,1.));
#26 = DIRECTION('',(1.,0.,-0.));
#27 = AXIS2_PLACEMENT_3D('',#28,#29,#30);
#28 = CARTESIAN_POINT('',(0.,0.,0.));
#29 = DIRECTION('',(0.,0.,1.));
#30 = DIRECTION('',(1.,0.,-0.));
#31 = ( GEOMETRIC_REPRESENTATION_CONTEXT(3) 
GLOBAL_UNCERTAINTY_ASSIGNED_CONTEXT((#35)) GLOBAL_UNIT_ASSIGNED_CONTEXT(
(#32,#33,#34)) REPRESENTATION_CONTEXT('Context #1',
  '3D Context with UNIT and UNCERTAINTY') );
#32 = ( LENGTH_UNIT() NAMED_UNIT(*) SI_UNIT(.MILLI.,.METRE.) );
#33 = ( NAMED_UNIT(*) PLANE_ANGLE_UNIT() SI_UNIT($,.RADIAN.) );
#34 = ( NAMED_UNIT(*) SI_UNIT($,.STERADIAN.) SOLID_ANGLE_UNIT() );
#35 = UNCERTAINTY_MEASURE_WITH_UNIT(LENGTH_MEASURE(1.E-07),#32,
  'distance_accuracy_value','confusion accuracy');
#36 = PRODUCT_RELATED_PRODUCT_CATEGORY('part',$,(#7));
#37 = SHAPE_DEFINITION_REPRESENTATION(#38,#44);
#38 = PRODUCT_DEFINITION_SHAPE('','',#39);
#39 = PRODUCT_DEFINITION('design','',#40,#43);
#40 = PRODUCT_DEFINITION_FORMATION('','',#41);
#41 = PRODUCT('PinHeader_1x04_P2.54mm_Vertical',
  'PinHeader_1x04_P2.54mm_Vertical','',(#42));
#42 = PRODUCT_CONTEXT('',#2,'mechanical');
#43 = PRODUCT_DEFINITION_CONTEXT('part definition',#2,'design');
#44 = SHAPE_REPRESENTATION('',(#11,#45),#49);
#45 = AXIS2_PLACEMENT_3D('',#46,#47,#48);
#46 = CARTESIAN_POINT('',(0.,0.,0.));
#47 = DIRECTION('',(0.,0.,1.));
#48 = DIRECTION('',(1.,0.,-0.));
#49 = ( GEOMETRIC_REPRESENTATION_CONTEXT(3) 
GLOBAL_UNCERTAINTY_ASSIGNED_CONTEXT((#53)) GLOBAL_UNIT_ASSIGNED_CONTEXT(
(#50,#51,#52)) REPRESENTATION_CONTEXT('Context #1',
  '3D Context with UNIT and UNCERTAINTY') );
#50 = ( LENGTH_UNIT() NAMED_UNIT(*) SI_UNIT(.MILLI.,.METRE.) );
#51 = ( NAMED_UNIT(*) PLANE_ANGLE_UNIT() SI_UNIT($,.RADIAN.) );
#52 = ( NAMED_UNIT(*) SI_UNIT($,.STERADIAN.) SOLID_ANGLE_UNIT() );
#53 = UNCERTAINTY_MEASURE_WITH_UNIT(LENGTH_MEASURE(1.E-07),#50,
  'distance_accuracy_value','confusion accuracy');
#54 = CONTEXT_DEPENDENT_SHAPE_REPRESENTATION(#55,#57);
#55 = ( REPRESENTATION_RELATIONSHIP('','',#44,#10) 
REPRESENTATION_RELATIONSHIP_WITH_TRANSFORMATION(#56) 
SHAPE_REPRESENTATION_RELATIONSHIP() );
#56 = ITEM_DEFINED_TRANSFORMATION('','',#11,#15);
#57 = PRODUCT_DEFINITION_SHAPE('Placement','Placement of an item',#58);
#58 = NEXT_ASSEMBLY_USAGE_OCCURRENCE('2','P1','',#5,#39,$);
#59 = PRODUCT_RELATED_PRODUCT_CATEGORY('part',$,(#41));
#60 = SHAPE_DEFINITION_REPRESENTATION(#61,#67);
#61 = PRODUCT_DEFINITION_SHAPE('','',#62);
#62 = PRODUCT_DEFINITION('design','',#63,#66);
#63 = PRODUCT_DEFINITION_FORMATION('','',#64);
#64 = PRODUCT('PinHeader_1x04_P254mm_Vertical',
  'PinHeader_1x04_P254mm_Vertical','',(#65));
#65 = PRODUCT_CONTEXT('',#2,'mechanical');
#66 = PRODUCT_DEFINITION_CONTEXT('part definition',#2,'design');
#67 = ADVANCED_BREP_SHAPE_REPRESENTATION('',(#11,#68),#2848);
#68 = MANIFOLD_SOLID_BREP('',#69);
#69 = CLOSED_SHELL('',(#70,#110,#141,#172,#501,#830,#847,#864,#881,#898,
    #915,#932,#949,#966,#983,#1000,#1017,#1034,#1051,#1068,#1085,#1102,
    #1119,#1136,#1153,#1170,#1187,#1204,#1216,#1247,#1271,#1295,#1312,
    #1343,#1367,#1391,#1408,#1439,#1463,#1487,#1504,#1535,#1559,#1583,
    #1600,#1631,#1655,#1679,#1696,#1727,#1751,#1775,#1792,#1823,#1847,
    #1871,#1888,#1919,#1943,#1967,#1984,#2015,#2039,#2063,#2080,#2111,
    #2135,#2159,#2176,#2207,#2231,#2255,#2272,#2303,#2327,#2351,#2368,
    #2399,#2423,#2447,#2464,#2495,#2519,#2543,#2560,#2591,#2615,#2639,
    #2656,#2687,#2711,#2735,#2752,#2764,#2776,#2788,#2800,#2812,#2824,
    #2836));
#70 = ADVANCED_FACE('',(#71),#105,.F.);
#71 = FACE_BOUND('',#72,.F.);
#72 = EDGE_LOOP('',(#73,#83,#91,#99));
#73 = ORIENTED_EDGE('',*,*,#74,.T.);
#74 = EDGE_CURVE('',#75,#77,#79,.T.);
#75 = VERTEX_POINT('',#76);
#76 = CARTESIAN_POINT('',(-1.016,1.27,0.));
#77 = VERTEX_POINT('',#78);
#78 = CARTESIAN_POINT('',(-1.016,1.27,2.54));
#79 = LINE('',#80,#81);
#80 = CARTESIAN_POINT('',(-1.016,1.27,0.));
#81 = VECTOR('',#82,1.);
#82 = DIRECTION('',(0.,0.,1.));
#83 = ORIENTED_EDGE('',*,*,#84,.T.);
#84 = EDGE_CURVE('',#77,#85,#87,.T.);
#85 = VERTEX_POINT('',#86);
#86 = CARTESIAN_POINT('',(-1.27,1.016,2.54));
#87 = LINE('',#88,#89);
#88 = CARTESIAN_POINT('',(-1.016,1.27,2.54));
#89 = VECTOR('',#90,1.);
#90 = DIRECTION('',(-0.707106781187,-0.707106781187,0.));
#91 = ORIENTED_EDGE('',*,*,#92,.F.);
#92 = EDGE_CURVE('',#93,#85,#95,.T.);
#93 = VERTEX_POINT('',#94);
#94 = CARTESIAN_POINT('',(-1.27,1.016,0.));
#95 = LINE('',#96,#97);
#96 = CARTESIAN_POINT('',(-1.27,1.016,0.));
#97 = VECTOR('',#98,1.);
#98 = DIRECTION('',(0.,0.,1.));
#99 = ORIENTED_EDGE('',*,*,#100,.F.);
#100 = EDGE_CURVE('',#75,#93,#101,.T.);
#101 = LINE('',#102,#103);
#102 = CARTESIAN_POINT('',(-1.016,1.27,0.));
#103 = VECTOR('',#104,1.);
#104 = DIRECTION('',(-0.707106781187,-0.707106781187,0.));
#105 = PLANE('',#106);
#106 = AXIS2_PLACEMENT_3D('',#107,#108,#109);
#107 = CARTESIAN_POINT('',(-1.016,1.27,0.));
#108 = DIRECTION('',(0.707106781187,-0.707106781187,0.));
#109 = DIRECTION('',(-0.707106781187,-0.707106781187,0.));
#110 = ADVANCED_FACE('',(#111),#136,.F.);
#111 = FACE_BOUND('',#112,.F.);
#112 = EDGE_LOOP('',(#113,#123,#129,#130));
#113 = ORIENTED_EDGE('',*,*,#114,.T.);
#114 = EDGE_CURVE('',#115,#117,#119,.T.);
#115 = VERTEX_POINT('',#116);
#116 = CARTESIAN_POINT('',(1.016,1.27,0.));
#117 = VERTEX_POINT('',#118);
#118 = CARTESIAN_POINT('',(1.016,1.27,2.54));
#119 = LINE('',#120,#121);
#120 = CARTESIAN_POINT('',(1.016,1.27,0.));
#121 = VECTOR('',#122,1.);
#122 = DIRECTION('',(0.,0.,1.));
#123 = ORIENTED_EDGE('',*,*,#124,.T.);
#124 = EDGE_CURVE('',#117,#77,#125,.T.);
#125 = LINE('',#126,#127);
#126 = CARTESIAN_POINT('',(1.016,1.27,2.54));
#127 = VECTOR('',#128,1.);
#128 = DIRECTION('',(-1.,0.,0.));
#129 = ORIENTED_EDGE('',*,*,#74,.F.);
#130 = ORIENTED_EDGE('',*,*,#131,.F.);
#131 = EDGE_CURVE('',#115,#75,#132,.T.);
#132 = LINE('',#133,#134);
#133 = CARTESIAN_POINT('',(1.016,1.27,0.));
#134 = VECTOR('',#135,1.);
#135 = DIRECTION('',(-1.,0.,0.));
#136 = PLANE('',#137);
#137 = AXIS2_PLACEMENT_3D('',#138,#139,#140);
#138 = CARTESIAN_POINT('',(1.016,1.27,0.));
#139 = DIRECTION('',(0.,-1.,0.));
#140 = DIRECTION('',(-1.,0.,0.));
#141 = ADVANCED_FACE('',(#142),#167,.F.);
#142 = FACE_BOUND('',#143,.F.);
#143 = EDGE_LOOP('',(#144,#145,#153,#161));
#144 = ORIENTED_EDGE('',*,*,#92,.T.);
#145 = ORIENTED_EDGE('',*,*,#146,.T.);
#146 = EDGE_CURVE('',#85,#147,#149,.T.);
#147 = VERTEX_POINT('',#148);
#148 = CARTESIAN_POINT('',(-1.27,-1.016,2.54));
#149 = LINE('',#150,#151);
#150 = CARTESIAN_POINT('',(-1.27,1.016,2.54));
#151 = VECTOR('',#152,1.);
#152 = DIRECTION('',(0.,-1.,0.));
#153 = ORIENTED_EDGE('',*,*,#154,.F.);
#154 = EDGE_CURVE('',#155,#147,#157,.T.);
#155 = VERTEX_POINT('',#156);
#156 = CARTESIAN_POINT('',(-1.27,-1.016,0.));
#157 = LINE('',#158,#159);
#158 = CARTESIAN_POINT('',(-1.27,-1.016,0.));
#159 = VECTOR('',#160,1.);
#160 = DIRECTION('',(0.,0.,1.));
#161 = ORIENTED_EDGE('',*,*,#162,.F.);
#162 = EDGE_CURVE('',#93,#155,#163,.T.);
#163 = LINE('',#164,#165);
#164 = CARTESIAN_POINT('',(-1.27,1.016,0.));
#165 = VECTOR('',#166,1.);
#166 = DIRECTION('',(0.,-1.,0.));
#167 = PLANE('',#168);
#168 = AXIS2_PLACEMENT_3D('',#169,#170,#171);
#169 = CARTESIAN_POINT('',(-1.27,1.016,0.));
#170 = DIRECTION('',(1.,0.,0.));
#171 = DIRECTION('',(0.,-1.,0.));
#172 = ADVANCED_FACE('',(#173,#360,#394,#428,#462),#496,.F.);
#173 = FACE_BOUND('',#174,.F.);
#174 = EDGE_LOOP('',(#175,#176,#177,#185,#193,#201,#209,#217,#225,#233,
    #241,#249,#257,#265,#273,#281,#289,#297,#305,#313,#321,#329,#337,
    #345,#353,#359));
#175 = ORIENTED_EDGE('',*,*,#100,.T.);
#176 = ORIENTED_EDGE('',*,*,#162,.T.);
#177 = ORIENTED_EDGE('',*,*,#178,.T.);
#178 = EDGE_CURVE('',#155,#179,#181,.T.);
#179 = VERTEX_POINT('',#180);
#180 = CARTESIAN_POINT('',(-1.016,-1.27,0.));
#181 = LINE('',#182,#183);
#182 = CARTESIAN_POINT('',(-1.27,-1.016,0.));
#183 = VECTOR('',#184,1.);
#184 = DIRECTION('',(0.707106781187,-0.707106781187,0.));
#185 = ORIENTED_EDGE('',*,*,#186,.T.);
#186 = EDGE_CURVE('',#179,#187,#189,.T.);
#187 = VERTEX_POINT('',#188);
#188 = CARTESIAN_POINT('',(-1.27,-1.524,0.));
#189 = LINE('',#190,#191);
#190 = CARTESIAN_POINT('',(-1.016,-1.27,0.));
#191 = VECTOR('',#192,1.);
#192 = DIRECTION('',(-0.707106781187,-0.707106781187,0.));
#193 = ORIENTED_EDGE('',*,*,#194,.T.);
#194 = EDGE_CURVE('',#187,#195,#197,.T.);
#195 = VERTEX_POINT('',#196);
#196 = CARTESIAN_POINT('',(-1.27,-3.556,0.));
#197 = LINE('',#198,#199);
#198 = CARTESIAN_POINT('',(-1.27,-1.524,0.));
#199 = VECTOR('',#200,1.);
#200 = DIRECTION('',(0.,-1.,0.));
#201 = ORIENTED_EDGE('',*,*,#202,.T.);
#202 = EDGE_CURVE('',#195,#203,#205,.T.);
#203 = VERTEX_POINT('',#204);
#204 = CARTESIAN_POINT('',(-1.016,-3.81,0.));
#205 = LINE('',#206,#207);
#206 = CARTESIAN_POINT('',(-1.27,-3.556,0.));
#207 = VECTOR('',#208,1.);
#208 = DIRECTION('',(0.707106781187,-0.707106781187,0.));
#209 = ORIENTED_EDGE('',*,*,#210,.T.);
#210 = EDGE_CURVE('',#203,#211,#213,.T.);
#211 = VERTEX_POINT('',#212);
#212 = CARTESIAN_POINT('',(-1.27,-4.064,0.));
#213 = LINE('',#214,#215);
#214 = CARTESIAN_POINT('',(-1.016,-3.81,0.));
#215 = VECTOR('',#216,1.);
#216 = DIRECTION('',(-0.707106781187,-0.707106781187,0.));
#217 = ORIENTED_EDGE('',*,*,#218,.T.);
#218 = EDGE_CURVE('',#211,#219,#221,.T.);
#219 = VERTEX_POINT('',#220);
#220 = CARTESIAN_POINT('',(-1.27,-6.096,0.));
#221 = LINE('',#222,#223);
#222 = CARTESIAN_POINT('',(-1.27,-4.064,0.));
#223 = VECTOR('',#224,1.);
#224 = DIRECTION('',(0.,-1.,0.));
#225 = ORIENTED_EDGE('',*,*,#226,.T.);
#226 = EDGE_CURVE('',#219,#227,#229,.T.);
#227 = VERTEX_POINT('',#228);
#228 = CARTESIAN_POINT('',(-1.016,-6.35,0.));
#229 = LINE('',#230,#231);
#230 = CARTESIAN_POINT('',(-1.27,-6.096,0.));
#231 = VECTOR('',#232,1.);
#232 = DIRECTION('',(0.707106781187,-0.707106781187,0.));
#233 = ORIENTED_EDGE('',*,*,#234,.T.);
#234 = EDGE_CURVE('',#227,#235,#237,.T.);
#235 = VERTEX_POINT('',#236);
#236 = CARTESIAN_POINT('',(-1.27,-6.604,0.));
#237 = LINE('',#238,#239);
#238 = CARTESIAN_POINT('',(-1.016,-6.35,0.));
#239 = VECTOR('',#240,1.);
#240 = DIRECTION('',(-0.707106781187,-0.707106781187,0.));
#241 = ORIENTED_EDGE('',*,*,#242,.T.);
#242 = EDGE_CURVE('',#235,#243,#245,.T.);
#243 = VERTEX_POINT('',#244);
#244 = CARTESIAN_POINT('',(-1.27,-8.636,0.));
#245 = LINE('',#246,#247);
#246 = CARTESIAN_POINT('',(-1.27,-6.604,0.));
#247 = VECTOR('',#248,1.);
#248 = DIRECTION('',(0.,-1.,0.));
#249 = ORIENTED_EDGE('',*,*,#250,.T.);
#250 = EDGE_CURVE('',#243,#251,#253,.T.);
#251 = VERTEX_POINT('',#252);
#252 = CARTESIAN_POINT('',(-1.016,-8.89,0.));
#253 = LINE('',#254,#255);
#254 = CARTESIAN_POINT('',(-1.27,-8.636,0.));
#255 = VECTOR('',#256,1.);
#256 = DIRECTION('',(0.707106781187,-0.707106781187,0.));
#257 = ORIENTED_EDGE('',*,*,#258,.T.);
#258 = EDGE_CURVE('',#251,#259,#261,.T.);
#259 = VERTEX_POINT('',#260);
#260 = CARTESIAN_POINT('',(1.016,-8.89,0.));
#261 = LINE('',#262,#263);
#262 = CARTESIAN_POINT('',(-1.016,-8.89,0.));
#263 = VECTOR('',#264,1.);
#264 = DIRECTION('',(1.,0.,0.));
#265 = ORIENTED_EDGE('',*,*,#266,.T.);
#266 = EDGE_CURVE('',#259,#267,#269,.T.);
#267 = VERTEX_POINT('',#268);
#268 = CARTESIAN_POINT('',(1.27,-8.636,0.));
#269 = LINE('',#270,#271);
#270 = CARTESIAN_POINT('',(1.016,-8.89,0.));
#271 = VECTOR('',#272,1.);
#272 = DIRECTION('',(0.707106781187,0.707106781187,0.));
#273 = ORIENTED_EDGE('',*,*,#274,.T.);
#274 = EDGE_CURVE('',#267,#275,#277,.T.);
#275 = VERTEX_POINT('',#276);
#276 = CARTESIAN_POINT('',(1.27,-6.604,0.));
#277 = LINE('',#278,#279);
#278 = CARTESIAN_POINT('',(1.27,-8.636,0.));
#279 = VECTOR('',#280,1.);
#280 = DIRECTION('',(0.,1.,0.));
#281 = ORIENTED_EDGE('',*,*,#282,.T.);
#282 = EDGE_CURVE('',#275,#283,#285,.T.);
#283 = VERTEX_POINT('',#284);
#284 = CARTESIAN_POINT('',(1.016,-6.35,0.));
#285 = LINE('',#286,#287);
#286 = CARTESIAN_POINT('',(1.27,-6.604,0.));
#287 = VECTOR('',#288,1.);
#288 = DIRECTION('',(-0.707106781187,0.707106781187,0.));
#289 = ORIENTED_EDGE('',*,*,#290,.T.);
#290 = EDGE_CURVE('',#283,#291,#293,.T.);
#291 = VERTEX_POINT('',#292);
#292 = CARTESIAN_POINT('',(1.27,-6.096,0.));
#293 = LINE('',#294,#295);
#294 = CARTESIAN_POINT('',(1.016,-6.35,0.));
#295 = VECTOR('',#296,1.);
#296 = DIRECTION('',(0.707106781187,0.707106781187,0.));
#297 = ORIENTED_EDGE('',*,*,#298,.T.);
#298 = EDGE_CURVE('',#291,#299,#301,.T.);
#299 = VERTEX_POINT('',#300);
#300 = CARTESIAN_POINT('',(1.27,-4.064,0.));
#301 = LINE('',#302,#303);
#302 = CARTESIAN_POINT('',(1.27,-6.096,0.));
#303 = VECTOR('',#304,1.);
#304 = DIRECTION('',(0.,1.,0.));
#305 = ORIENTED_EDGE('',*,*,#306,.T.);
#306 = EDGE_CURVE('',#299,#307,#309,.T.);
#307 = VERTEX_POINT('',#308);
#308 = CARTESIAN_POINT('',(1.016,-3.81,0.));
#309 = LINE('',#310,#311);
#310 = CARTESIAN_POINT('',(1.27,-4.064,0.));
#311 = VECTOR('',#312,1.);
#312 = DIRECTION('',(-0.707106781187,0.707106781187,0.));
#313 = ORIENTED_EDGE('',*,*,#314,.T.);
#314 = EDGE_CURVE('',#307,#315,#317,.T.);
#315 = VERTEX_POINT('',#316);
#316 = CARTESIAN_POINT('',(1.27,-3.556,0.));
#317 = LINE('',#318,#319);
#318 = CARTESIAN_POINT('',(1.016,-3.81,0.));
#319 = VECTOR('',#320,1.);
#320 = DIRECTION('',(0.707106781187,0.707106781187,0.));
#321 = ORIENTED_EDGE('',*,*,#322,.T.);
#322 = EDGE_CURVE('',#315,#323,#325,.T.);
#323 = VERTEX_POINT('',#324);
#324 = CARTESIAN_POINT('',(1.27,-1.524,0.));
#325 = LINE('',#326,#327);
#326 = CARTESIAN_POINT('',(1.27,-3.556,0.));
#327 = VECTOR('',#328,1.);
#328 = DIRECTION('',(0.,1.,0.));
#329 = ORIENTED_EDGE('',*,*,#330,.T.);
#330 = EDGE_CURVE('',#323,#331,#333,.T.);
#331 = VERTEX_POINT('',#332);
#332 = CARTESIAN_POINT('',(1.016,-1.27,0.));
#333 = LINE('',#334,#335);
#334 = CARTESIAN_POINT('',(1.27,-1.524,0.));
#335 = VECTOR('',#336,1.);
#336 = DIRECTION('',(-0.707106781187,0.707106781187,0.));
#337 = ORIENTED_EDGE('',*,*,#338,.T.);
#338 = EDGE_CURVE('',#331,#339,#341,.T.);
#339 = VERTEX_POINT('',#340);
#340 = CARTESIAN_POINT('',(1.27,-1.016,0.));
#341 = LINE('',#342,#343);
#342 = CARTESIAN_POINT('',(1.016,-1.27,0.));
#343 = VECTOR('',#344,1.);
#344 = DIRECTION('',(0.707106781187,0.707106781187,0.));
#345 = ORIENTED_EDGE('',*,*,#346,.T.);
#346 = EDGE_CURVE('',#339,#347,#349,.T.);
#347 = VERTEX_POINT('',#348);
#348 = CARTESIAN_POINT('',(1.27,1.016,0.));
#349 = LINE('',#350,#351);
#350 = CARTESIAN_POINT('',(1.27,-1.016,0.));
#351 = VECTOR('',#352,1.);
#352 = DIRECTION('',(0.,1.,0.));
#353 = ORIENTED_EDGE('',*,*,#354,.T.);
#354 = EDGE_CURVE('',#347,#115,#355,.T.);
#355 = LINE('',#356,#357);
#356 = CARTESIAN_POINT('',(1.27,1.016,0.));
#357 = VECTOR('',#358,1.);
#358 = DIRECTION('',(-0.707106781187,0.707106781187,0.));
#359 = ORIENTED_EDGE('',*,*,#131,.T.);
#360 = FACE_BOUND('',#361,.F.);
#361 = EDGE_LOOP('',(#362,#372,#380,#388));
#362 = ORIENTED_EDGE('',*,*,#363,.F.);
#363 = EDGE_CURVE('',#364,#366,#368,.T.);
#364 = VERTEX_POINT('',#365);
#365 = CARTESIAN_POINT('',(0.32,-4.76,0.));
#366 = VERTEX_POINT('',#367);
#367 = CARTESIAN_POINT('',(-0.32,-4.76,0.));
#368 = LINE('',#369,#370);
#369 = CARTESIAN_POINT('',(-0.16,-4.76,0.));
#370 = VECTOR('',#371,1.);
#371 = DIRECTION('',(-1.,0.,0.));
#372 = ORIENTED_EDGE('',*,*,#373,.F.);
#373 = EDGE_CURVE('',#374,#364,#376,.T.);
#374 = VERTEX_POINT('',#375);
#375 = CARTESIAN_POINT('',(0.32,-5.4,0.));
#376 = LINE('',#377,#378);
#377 = CARTESIAN_POINT('',(0.32,-4.605,0.));
#378 = VECTOR('',#379,1.);
#379 = DIRECTION('',(0.,1.,0.));
#380 = ORIENTED_EDGE('',*,*,#381,.T.);
#381 = EDGE_CURVE('',#374,#382,#384,.T.);
#382 = VERTEX_POINT('',#383);
#383 = CARTESIAN_POINT('',(-0.32,-5.4,0.));
#384 = LINE('',#385,#386);
#385 = CARTESIAN_POINT('',(-0.16,-5.4,0.));
#386 = VECTOR('',#387,1.);
#387 = DIRECTION('',(-1.,0.,0.));
#388 = ORIENTED_EDGE('',*,*,#389,.T.);
#389 = EDGE_CURVE('',#382,#366,#390,.T.);
#390 = LINE('',#391,#392);
#391 = CARTESIAN_POINT('',(-0.32,-4.605,0.));
#392 = VECTOR('',#393,1.);
#393 = DIRECTION('',(0.,1.,0.));
#394 = FACE_BOUND('',#395,.F.);
#395 = EDGE_LOOP('',(#396,#406,#414,#422));
#396 = ORIENTED_EDGE('',*,*,#397,.F.);
#397 = EDGE_CURVE('',#398,#400,#402,.T.);
#398 = VERTEX_POINT('',#399);
#399 = CARTESIAN_POINT('',(0.32,-7.94,0.));
#400 = VERTEX_POINT('',#401);
#401 = CARTESIAN_POINT('',(0.32,-7.3,0.));
#402 = LINE('',#403,#404);
#403 = CARTESIAN_POINT('',(0.32,-5.875,0.));
#404 = VECTOR('',#405,1.);
#405 = DIRECTION('',(0.,1.,0.));
#406 = ORIENTED_EDGE('',*,*,#407,.T.);
#407 = EDGE_CURVE('',#398,#408,#410,.T.);
#408 = VERTEX_POINT('',#409);
#409 = CARTESIAN_POINT('',(-0.32,-7.94,0.));
#410 = LINE('',#411,#412);
#411 = CARTESIAN_POINT('',(-0.16,-7.94,0.));
#412 = VECTOR('',#413,1.);
#413 = DIRECTION('',(-1.,0.,0.));
#414 = ORIENTED_EDGE('',*,*,#415,.T.);
#415 = EDGE_CURVE('',#408,#416,#418,.T.);
#416 = VERTEX_POINT('',#417);
#417 = CARTESIAN_POINT('',(-0.32,-7.3,0.));
#418 = LINE('',#419,#420);
#419 = CARTESIAN_POINT('',(-0.32,-5.875,0.));
#420 = VECTOR('',#421,1.);
#421 = DIRECTION('',(0.,1.,0.));
#422 = ORIENTED_EDGE('',*,*,#423,.F.);
#423 = EDGE_CURVE('',#400,#416,#424,.T.);
#424 = LINE('',#425,#426);
#425 = CARTESIAN_POINT('',(-0.16,-7.3,0.));
#426 = VECTOR('',#427,1.);
#427 = DIRECTION('',(-1.,0.,0.));
#428 = FACE_BOUND('',#429,.F.);
#429 = EDGE_LOOP('',(#430,#440,#448,#456));
#430 = ORIENTED_EDGE('',*,*,#431,.F.);
#431 = EDGE_CURVE('',#432,#434,#436,.T.);
#432 = VERTEX_POINT('',#433);
#433 = CARTESIAN_POINT('',(0.32,-0.32,0.));
#434 = VERTEX_POINT('',#435);
#435 = CARTESIAN_POINT('',(0.32,0.32,0.));
#436 = LINE('',#437,#438);
#437 = CARTESIAN_POINT('',(0.32,-2.065,0.));
#438 = VECTOR('',#439,1.);
#439 = DIRECTION('',(0.,1.,0.));
#440 = ORIENTED_EDGE('',*,*,#441,.T.);
#441 = EDGE_CURVE('',#432,#442,#444,.T.);
#442 = VERTEX_POINT('',#443);
#443 = CARTESIAN_POINT('',(-0.32,-0.32,0.));
#444 = LINE('',#445,#446);
#445 = CARTESIAN_POINT('',(-0.16,-0.32,0.));
#446 = VECTOR('',#447,1.);
#447 = DIRECTION('',(-1.,0.,0.));
#448 = ORIENTED_EDGE('',*,*,#449,.T.);
#449 = EDGE_CURVE('',#442,#450,#452,.T.);
#450 = VERTEX_POINT('',#451);
#451 = CARTESIAN_POINT('',(-0.32,0.32,0.));
#452 = LINE('',#453,#454);
#453 = CARTESIAN_POINT('',(-0.32,-2.065,0.));
#454 = VECTOR('',#455,1.);
#455 = DIRECTION('',(0.,1.,0.));
#456 = ORIENTED_EDGE('',*,*,#457,.F.);
#457 = EDGE_CURVE('',#434,#450,#458,.T.);
#458 = LINE('',#459,#460);
#459 = CARTESIAN_POINT('',(-0.16,0.32,0.));
#460 = VECTOR('',#461,1.);
#461 = DIRECTION('',(-1.,0.,0.));
#462 = FACE_BOUND('',#463,.F.);
#463 = EDGE_LOOP('',(#464,#474,#482,#490));
#464 = ORIENTED_EDGE('',*,*,#465,.F.);
#465 = EDGE_CURVE('',#466,#468,#470,.T.);
#466 = VERTEX_POINT('',#467);
#467 = CARTESIAN_POINT('',(0.32,-2.22,0.));
#468 = VERTEX_POINT('',#469);
#469 = CARTESIAN_POINT('',(-0.32,-2.22,0.));
#470 = LINE('',#471,#472);
#471 = CARTESIAN_POINT('',(-0.16,-2.22,0.));
#472 = VECTOR('',#473,1.);
#473 = DIRECTION('',(-1.,0.,0.));
#474 = ORIENTED_EDGE('',*,*,#475,.F.);
#475 = EDGE_CURVE('',#476,#466,#478,.T.);
#476 = VERTEX_POINT('',#477);
#477 = CARTESIAN_POINT('',(0.32,-2.86,0.));
#478 = LINE('',#479,#480);
#479 = CARTESIAN_POINT('',(0.32,-3.335,0.));
#480 = VECTOR('',#481,1.);
#481 = DIRECTION('',(0.,1.,0.));
#482 = ORIENTED_EDGE('',*,*,#483,.T.);
#483 = EDGE_CURVE('',#476,#484,#486,.T.);
#484 = VERTEX_POINT('',#485);
#485 = CARTESIAN_POINT('',(-0.32,-2.86,0.));
#486 = LINE('',#487,#488);
#487 = CARTESIAN_POINT('',(-0.16,-2.86,0.));
#488 = VECTOR('',#489,1.);
#489 = DIRECTION('',(-1.,0.,0.));
#490 = ORIENTED_EDGE('',*,*,#491,.T.);
#491 = EDGE_CURVE('',#484,#468,#492,.T.);
#492 = LINE('',#493,#494);
#493 = CARTESIAN_POINT('',(-0.32,-3.335,0.));
#494 = VECTOR('',#495,1.);
#495 = DIRECTION('',(0.,1.,0.));
#496 = PLANE('',#497);
#497 = AXIS2_PLACEMENT_3D('',#498,#499,#500);
#498 = CARTESIAN_POINT('',(4.259053689278E-17,-3.81,0.));
#499 = DIRECTION('',(0.,0.,1.));
#500 = DIRECTION('',(1.,0.,-0.));
#501 = ADVANCED_FACE('',(#502,#689,#723,#757,#791),#825,.T.);
#502 = FACE_BOUND('',#503,.T.);
#503 = EDGE_LOOP('',(#504,#505,#506,#514,#522,#530,#538,#546,#554,#562,
    #570,#578,#586,#594,#602,#610,#618,#626,#634,#642,#650,#658,#666,
    #674,#682,#688));
#504 = ORIENTED_EDGE('',*,*,#84,.T.);
#505 = ORIENTED_EDGE('',*,*,#146,.T.);
#506 = ORIENTED_EDGE('',*,*,#507,.T.);
#507 = EDGE_CURVE('',#147,#508,#510,.T.);
#508 = VERTEX_POINT('',#509);
#509 = CARTESIAN_POINT('',(-1.016,-1.27,2.54));
#510 = LINE('',#511,#512);
#511 = CARTESIAN_POINT('',(-1.27,-1.016,2.54));
#512 = VECTOR('',#513,1.);
#513 = DIRECTION('',(0.707106781187,-0.707106781187,0.));
#514 = ORIENTED_EDGE('',*,*,#515,.T.);
#515 = EDGE_CURVE('',#508,#516,#518,.T.);
#516 = VERTEX_POINT('',#517);
#517 = CARTESIAN_POINT('',(-1.27,-1.524,2.54));
#518 = LINE('',#519,#520);
#519 = CARTESIAN_POINT('',(-1.016,-1.27,2.54));
#520 = VECTOR('',#521,1.);
#521 = DIRECTION('',(-0.707106781187,-0.707106781187,0.));
#522 = ORIENTED_EDGE('',*,*,#523,.T.);
#523 = EDGE_CURVE('',#516,#524,#526,.T.);
#524 = VERTEX_POINT('',#525);
#525 = CARTESIAN_POINT('',(-1.27,-3.556,2.54));
#526 = LINE('',#527,#528);
#527 = CARTESIAN_POINT('',(-1.27,-1.524,2.54));
#528 = VECTOR('',#529,1.);
#529 = DIRECTION('',(0.,-1.,0.));
#530 = ORIENTED_EDGE('',*,*,#531,.T.);
#531 = EDGE_CURVE('',#524,#532,#534,.T.);
#532 = VERTEX_POINT('',#533);
#533 = CARTESIAN_POINT('',(-1.016,-3.81,2.54));
#534 = LINE('',#535,#536);
#535 = CARTESIAN_POINT('',(-1.27,-3.556,2.54));
#536 = VECTOR('',#537,1.);
#537 = DIRECTION('',(0.707106781187,-0.707106781187,0.));
#538 = ORIENTED_EDGE('',*,*,#539,.T.);
#539 = EDGE_CURVE('',#532,#540,#542,.T.);
#540 = VERTEX_POINT('',#541);
#541 = CARTESIAN_POINT('',(-1.27,-4.064,2.54));
#542 = LINE('',#543,#544);
#543 = CARTESIAN_POINT('',(-1.016,-3.81,2.54));
#544 = VECTOR('',#545,1.);
#545 = DIRECTION('',(-0.707106781187,-0.707106781187,0.));
#546 = ORIENTED_EDGE('',*,*,#547,.T.);
#547 = EDGE_CURVE('',#540,#548,#550,.T.);
#548 = VERTEX_POINT('',#549);
#549 = CARTESIAN_POINT('',(-1.27,-6.096,2.54));
#550 = LINE('',#551,#552);
#551 = CARTESIAN_POINT('',(-1.27,-4.064,2.54));
#552 = VECTOR('',#553,1.);
#553 = DIRECTION('',(0.,-1.,0.));
#554 = ORIENTED_EDGE('',*,*,#555,.T.);
#555 = EDGE_CURVE('',#548,#556,#558,.T.);
#556 = VERTEX_POINT('',#557);
#557 = CARTESIAN_POINT('',(-1.016,-6.35,2.54));
#558 = LINE('',#559,#560);
#559 = CARTESIAN_POINT('',(-1.27,-6.096,2.54));
#560 = VECTOR('',#561,1.);
#561 = DIRECTION('',(0.707106781187,-0.707106781187,0.));
#562 = ORIENTED_EDGE('',*,*,#563,.T.);
#563 = EDGE_CURVE('',#556,#564,#566,.T.);
#564 = VERTEX_POINT('',#565);
#565 = CARTESIAN_POINT('',(-1.27,-6.604,2.54));
#566 = LINE('',#567,#568);
#567 = CARTESIAN_POINT('',(-1.016,-6.35,2.54));
#568 = VECTOR('',#569,1.);
#569 = DIRECTION('',(-0.707106781187,-0.707106781187,0.));
#570 = ORIENTED_EDGE('',*,*,#571,.T.);
#571 = EDGE_CURVE('',#564,#572,#574,.T.);
#572 = VERTEX_POINT('',#573);
#573 = CARTESIAN_POINT('',(-1.27,-8.636,2.54));
#574 = LINE('',#575,#576);
#575 = CARTESIAN_POINT('',(-1.27,-6.604,2.54));
#576 = VECTOR('',#577,1.);
#577 = DIRECTION('',(0.,-1.,0.));
#578 = ORIENTED_EDGE('',*,*,#579,.T.);
#579 = EDGE_CURVE('',#572,#580,#582,.T.);
#580 = VERTEX_POINT('',#581);
#581 = CARTESIAN_POINT('',(-1.016,-8.89,2.54));
#582 = LINE('',#583,#584);
#583 = CARTESIAN_POINT('',(-1.27,-8.636,2.54));
#584 = VECTOR('',#585,1.);
#585 = DIRECTION('',(0.707106781187,-0.707106781187,0.));
#586 = ORIENTED_EDGE('',*,*,#587,.T.);
#587 = EDGE_CURVE('',#580,#588,#590,.T.);
#588 = VERTEX_POINT('',#589);
#589 = CARTESIAN_POINT('',(1.016,-8.89,2.54));
#590 = LINE('',#591,#592);
#591 = CARTESIAN_POINT('',(-1.016,-8.89,2.54));
#592 = VECTOR('',#593,1.);
#593 = DIRECTION('',(1.,0.,0.));
#594 = ORIENTED_EDGE('',*,*,#595,.T.);
#595 = EDGE_CURVE('',#588,#596,#598,.T.);
#596 = VERTEX_POINT('',#597);
#597 = CARTESIAN_POINT('',(1.27,-8.636,2.54));
#598 = LINE('',#599,#600);
#599 = CARTESIAN_POINT('',(1.016,-8.89,2.54));
#600 = VECTOR('',#601,1.);
#601 = DIRECTION('',(0.707106781187,0.707106781187,0.));
#602 = ORIENTED_EDGE('',*,*,#603,.T.);
#603 = EDGE_CURVE('',#596,#604,#606,.T.);
#604 = VERTEX_POINT('',#605);
#605 = CARTESIAN_POINT('',(1.27,-6.604,2.54));
#606 = LINE('',#607,#608);
#607 = CARTESIAN_POINT('',(1.27,-8.636,2.54));
#608 = VECTOR('',#609,1.);
#609 = DIRECTION('',(0.,1.,0.));
#610 = ORIENTED_EDGE('',*,*,#611,.T.);
#611 = EDGE_CURVE('',#604,#612,#614,.T.);
#612 = VERTEX_POINT('',#613);
#613 = CARTESIAN_POINT('',(1.016,-6.35,2.54));
#614 = LINE('',#615,#616);
#615 = CARTESIAN_POINT('',(1.27,-6.604,2.54));
#616 = VECTOR('',#617,1.);
#617 = DIRECTION('',(-0.707106781187,0.707106781187,0.));
#618 = ORIENTED_EDGE('',*,*,#619,.T.);
#619 = EDGE_CURVE('',#612,#620,#622,.T.);
#620 = VERTEX_POINT('',#621);
#621 = CARTESIAN_POINT('',(1.27,-6.096,2.54));
#622 = LINE('',#623,#624);
#623 = CARTESIAN_POINT('',(1.016,-6.35,2.54));
#624 = VECTOR('',#625,1.);
#625 = DIRECTION('',(0.707106781187,0.707106781187,0.));
#626 = ORIENTED_EDGE('',*,*,#627,.T.);
#627 = EDGE_CURVE('',#620,#628,#630,.T.);
#628 = VERTEX_POINT('',#629);
#629 = CARTESIAN_POINT('',(1.27,-4.064,2.54));
#630 = LINE('',#631,#632);
#631 = CARTESIAN_POINT('',(1.27,-6.096,2.54));
#632 = VECTOR('',#633,1.);
#633 = DIRECTION('',(0.,1.,0.));
#634 = ORIENTED_EDGE('',*,*,#635,.T.);
#635 = EDGE_CURVE('',#628,#636,#638,.T.);
#636 = VERTEX_POINT('',#637);
#637 = CARTESIAN_POINT('',(1.016,-3.81,2.54));
#638 = LINE('',#639,#640);
#639 = CARTESIAN_POINT('',(1.27,-4.064,2.54));
#640 = VECTOR('',#641,1.);
#641 = DIRECTION('',(-0.707106781187,0.707106781187,0.));
#642 = ORIENTED_EDGE('',*,*,#643,.T.);
#643 = EDGE_CURVE('',#636,#644,#646,.T.);
#644 = VERTEX_POINT('',#645);
#645 = CARTESIAN_POINT('',(1.27,-3.556,2.54));
#646 = LINE('',#647,#648);
#647 = CARTESIAN_POINT('',(1.016,-3.81,2.54));
#648 = VECTOR('',#649,1.);
#649 = DIRECTION('',(0.707106781187,0.707106781187,0.));
#650 = ORIENTED_EDGE('',*,*,#651,.T.);
#651 = EDGE_CURVE('',#644,#652,#654,.T.);
#652 = VERTEX_POINT('',#653);
#653 = CARTESIAN_POINT('',(1.27,-1.524,2.54));
#654 = LINE('',#655,#656);
#655 = CARTESIAN_POINT('',(1.27,-3.556,2.54));
#656 = VECTOR('',#657,1.);
#657 = DIRECTION('',(0.,1.,0.));
#658 = ORIENTED_EDGE('',*,*,#659,.T.);
#659 = EDGE_CURVE('',#652,#660,#662,.T.);
#660 = VERTEX_POINT('',#661);
#661 = CARTESIAN_POINT('',(1.016,-1.27,2.54));
#662 = LINE('',#663,#664);
#663 = CARTESIAN_POINT('',(1.27,-1.524,2.54));
#664 = VECTOR('',#665,1.);
#665 = DIRECTION('',(-0.707106781187,0.707106781187,0.));
#666 = ORIENTED_EDGE('',*,*,#667,.T.);
#667 = EDGE_CURVE('',#660,#668,#670,.T.);
#668 = VERTEX_POINT('',#669);
#669 = CARTESIAN_POINT('',(1.27,-1.016,2.54));
#670 = LINE('',#671,#672);
#671 = CARTESIAN_POINT('',(1.016,-1.27,2.54));
#672 = VECTOR('',#673,1.);
#673 = DIRECTION('',(0.707106781187,0.707106781187,0.));
#674 = ORIENTED_EDGE('',*,*,#675,.T.);
#675 = EDGE_CURVE('',#668,#676,#678,.T.);
#676 = VERTEX_POINT('',#677);
#677 = CARTESIAN_POINT('',(1.27,1.016,2.54));
#678 = LINE('',#679,#680);
#679 = CARTESIAN_POINT('',(1.27,-1.016,2.54));
#680 = VECTOR('',#681,1.);
#681 = DIRECTION('',(0.,1.,0.));
#682 = ORIENTED_EDGE('',*,*,#683,.T.);
#683 = EDGE_CURVE('',#676,#117,#684,.T.);
#684 = LINE('',#685,#686);
#685 = CARTESIAN_POINT('',(1.27,1.016,2.54));
#686 = VECTOR('',#687,1.);
#687 = DIRECTION('',(-0.707106781187,0.707106781187,0.));
#688 = ORIENTED_EDGE('',*,*,#124,.T.);
#689 = FACE_BOUND('',#690,.T.);
#690 = EDGE_LOOP('',(#691,#701,#709,#717));
#691 = ORIENTED_EDGE('',*,*,#692,.F.);
#692 = EDGE_CURVE('',#693,#695,#697,.T.);
#693 = VERTEX_POINT('',#694);
#694 = CARTESIAN_POINT('',(0.32,-4.76,2.54));
#695 = VERTEX_POINT('',#696);
#696 = CARTESIAN_POINT('',(-0.32,-4.76,2.54));
#697 = LINE('',#698,#699);
#698 = CARTESIAN_POINT('',(-0.16,-4.76,2.54));
#699 = VECTOR('',#700,1.);
#700 = DIRECTION('',(-1.,0.,0.));
#701 = ORIENTED_EDGE('',*,*,#702,.F.);
#702 = EDGE_CURVE('',#703,#693,#705,.T.);
#703 = VERTEX_POINT('',#704);
#704 = CARTESIAN_POINT('',(0.32,-5.4,2.54));
#705 = LINE('',#706,#707);
#706 = CARTESIAN_POINT('',(0.32,-4.605,2.54));
#707 = VECTOR('',#708,1.);
#708 = DIRECTION('',(0.,1.,0.));
#709 = ORIENTED_EDGE('',*,*,#710,.T.);
#710 = EDGE_CURVE('',#703,#711,#713,.T.);
#711 = VERTEX_POINT('',#712);
#712 = CARTESIAN_POINT('',(-0.32,-5.4,2.54));
#713 = LINE('',#714,#715);
#714 = CARTESIAN_POINT('',(-0.16,-5.4,2.54));
#715 = VECTOR('',#716,1.);
#716 = DIRECTION('',(-1.,0.,0.));
#717 = ORIENTED_EDGE('',*,*,#718,.T.);
#718 = EDGE_CURVE('',#711,#695,#719,.T.);
#719 = LINE('',#720,#721);
#720 = CARTESIAN_POINT('',(-0.32,-4.605,2.54));
#721 = VECTOR('',#722,1.);
#722 = DIRECTION('',(0.,1.,0.));
#723 = FACE_BOUND('',#724,.T.);
#724 = EDGE_LOOP('',(#725,#735,#743,#751));
#725 = ORIENTED_EDGE('',*,*,#726,.F.);
#726 = EDGE_CURVE('',#727,#729,#731,.T.);
#727 = VERTEX_POINT('',#728);
#728 = CARTESIAN_POINT('',(0.32,-7.94,2.54));
#729 = VERTEX_POINT('',#730);
#730 = CARTESIAN_POINT('',(0.32,-7.3,2.54));
#731 = LINE('',#732,#733);
#732 = CARTESIAN_POINT('',(0.32,-5.875,2.54));
#733 = VECTOR('',#734,1.);
#734 = DIRECTION('',(0.,1.,0.));
#735 = ORIENTED_EDGE('',*,*,#736,.T.);
#736 = EDGE_CURVE('',#727,#737,#739,.T.);
#737 = VERTEX_POINT('',#738);
#738 = CARTESIAN_POINT('',(-0.32,-7.94,2.54));
#739 = LINE('',#740,#741);
#740 = CARTESIAN_POINT('',(-0.16,-7.94,2.54));
#741 = VECTOR('',#742,1.);
#742 = DIRECTION('',(-1.,0.,0.));
#743 = ORIENTED_EDGE('',*,*,#744,.T.);
#744 = EDGE_CURVE('',#737,#745,#747,.T.);
#745 = VERTEX_POINT('',#746);
#746 = CARTESIAN_POINT('',(-0.32,-7.3,2.54));
#747 = LINE('',#748,#749);
#748 = CARTESIAN_POINT('',(-0.32,-5.875,2.54));
#749 = VECTOR('',#750,1.);
#750 = DIRECTION('',(0.,1.,0.));
#751 = ORIENTED_EDGE('',*,*,#752,.F.);
#752 = EDGE_CURVE('',#729,#745,#753,.T.);
#753 = LINE('',#754,#755);
#754 = CARTESIAN_POINT('',(-0.16,-7.3,2.54));
#755 = VECTOR('',#756,1.);
#756 = DIRECTION('',(-1.,0.,0.));
#757 = FACE_BOUND('',#758,.T.);
#758 = EDGE_LOOP('',(#759,#769,#777,#785));
#759 = ORIENTED_EDGE('',*,*,#760,.F.);
#760 = EDGE_CURVE('',#761,#763,#765,.T.);
#761 = VERTEX_POINT('',#762);
#762 = CARTESIAN_POINT('',(0.32,-0.32,2.54));
#763 = VERTEX_POINT('',#764);
#764 = CARTESIAN_POINT('',(0.32,0.32,2.54));
#765 = LINE('',#766,#767);
#766 = CARTESIAN_POINT('',(0.32,-2.065,2.54));
#767 = VECTOR('',#768,1.);
#768 = DIRECTION('',(0.,1.,0.));
#769 = ORIENTED_EDGE('',*,*,#770,.T.);
#770 = EDGE_CURVE('',#761,#771,#773,.T.);
#771 = VERTEX_POINT('',#772);
#772 = CARTESIAN_POINT('',(-0.32,-0.32,2.54));
#773 = LINE('',#774,#775);
#774 = CARTESIAN_POINT('',(-0.16,-0.32,2.54));
#775 = VECTOR('',#776,1.);
#776 = DIRECTION('',(-1.,0.,0.));
#777 = ORIENTED_EDGE('',*,*,#778,.T.);
#778 = EDGE_CURVE('',#771,#779,#781,.T.);
#779 = VERTEX_POINT('',#780);
#780 = CARTESIAN_POINT('',(-0.32,0.32,2.54));
#781 = LINE('',#782,#783);
#782 = CARTESIAN_POINT('',(-0.32,-2.065,2.54));
#783 = VECTOR('',#784,1.);
#784 = DIRECTION('',(0.,1.,0.));
#785 = ORIENTED_EDGE('',*,*,#786,.F.);
#786 = EDGE_CURVE('',#763,#779,#787,.T.);
#787 = LINE('',#788,#789);
#788 = CARTESIAN_POINT('',(-0.16,0.32,2.54));
#789 = VECTOR('',#790,1.);
#790 = DIRECTION('',(-1.,0.,0.));
#791 = FACE_BOUND('',#792,.T.);
#792 = EDGE_LOOP('',(#793,#803,#811,#819));
#793 = ORIENTED_EDGE('',*,*,#794,.F.);
#794 = EDGE_CURVE('',#795,#797,#799,.T.);
#795 = VERTEX_POINT('',#796);
#796 = CARTESIAN_POINT('',(0.32,-2.22,2.54));
#797 = VERTEX_POINT('',#798);
#798 = CARTESIAN_POINT('',(-0.32,-2.22,2.54));
#799 = LINE('',#800,#801);
#800 = CARTESIAN_POINT('',(-0.16,-2.22,2.54));
#801 = VECTOR('',#802,1.);
#802 = DIRECTION('',(-1.,0.,0.));
#803 = ORIENTED_EDGE('',*,*,#804,.F.);
#804 = EDGE_CURVE('',#805,#795,#807,.T.);
#805 = VERTEX_POINT('',#806);
#806 = CARTESIAN_POINT('',(0.32,-2.86,2.54));
#807 = LINE('',#808,#809);
#808 = CARTESIAN_POINT('',(0.32,-3.335,2.54));
#809 = VECTOR('',#810,1.);
#810 = DIRECTION('',(0.,1.,0.));
#811 = ORIENTED_EDGE('',*,*,#812,.T.);
#812 = EDGE_CURVE('',#805,#813,#815,.T.);
#813 = VERTEX_POINT('',#814);
#814 = CARTESIAN_POINT('',(-0.32,-2.86,2.54));
#815 = LINE('',#816,#817);
#816 = CARTESIAN_POINT('',(-0.16,-2.86,2.54));
#817 = VECTOR('',#818,1.);
#818 = DIRECTION('',(-1.,0.,0.));
#819 = ORIENTED_EDGE('',*,*,#820,.T.);
#820 = EDGE_CURVE('',#813,#797,#821,.T.);
#821 = LINE('',#822,#823);
#822 = CARTESIAN_POINT('',(-0.32,-3.335,2.54));
#823 = VECTOR('',#824,1.);
#824 = DIRECTION('',(0.,1.,0.));
#825 = PLANE('',#826);
#826 = AXIS2_PLACEMENT_3D('',#827,#828,#829);
#827 = CARTESIAN_POINT('',(4.259053689278E-17,-3.81,2.54));
#828 = DIRECTION('',(0.,0.,1.));
#829 = DIRECTION('',(1.,0.,-0.));
#830 = ADVANCED_FACE('',(#831),#842,.F.);
#831 = FACE_BOUND('',#832,.F.);
#832 = EDGE_LOOP('',(#833,#839,#840,#841));
#833 = ORIENTED_EDGE('',*,*,#834,.T.);
#834 = EDGE_CURVE('',#347,#676,#835,.T.);
#835 = LINE('',#836,#837);
#836 = CARTESIAN_POINT('',(1.27,1.016,0.));
#837 = VECTOR('',#838,1.);
#838 = DIRECTION('',(0.,0.,1.));
#839 = ORIENTED_EDGE('',*,*,#683,.T.);
#840 = ORIENTED_EDGE('',*,*,#114,.F.);
#841 = ORIENTED_EDGE('',*,*,#354,.F.);
#842 = PLANE('',#843);
#843 = AXIS2_PLACEMENT_3D('',#844,#845,#846);
#844 = CARTESIAN_POINT('',(1.27,1.016,0.));
#845 = DIRECTION('',(-0.707106781187,-0.707106781187,0.));
#846 = DIRECTION('',(-0.707106781187,0.707106781187,0.));
#847 = ADVANCED_FACE('',(#848),#859,.F.);
#848 = FACE_BOUND('',#849,.F.);
#849 = EDGE_LOOP('',(#850,#851,#852,#858));
#850 = ORIENTED_EDGE('',*,*,#154,.T.);
#851 = ORIENTED_EDGE('',*,*,#507,.T.);
#852 = ORIENTED_EDGE('',*,*,#853,.F.);
#853 = EDGE_CURVE('',#179,#508,#854,.T.);
#854 = LINE('',#855,#856);
#855 = CARTESIAN_POINT('',(-1.016,-1.27,0.));
#856 = VECTOR('',#857,1.);
#857 = DIRECTION('',(0.,0.,1.));
#858 = ORIENTED_EDGE('',*,*,#178,.F.);
#859 = PLANE('',#860);
#860 = AXIS2_PLACEMENT_3D('',#861,#862,#863);
#861 = CARTESIAN_POINT('',(-1.27,-1.016,0.));
#862 = DIRECTION('',(0.707106781187,0.707106781187,0.));
#863 = DIRECTION('',(0.707106781187,-0.707106781187,0.));
#864 = ADVANCED_FACE('',(#865),#876,.F.);
#865 = FACE_BOUND('',#866,.F.);
#866 = EDGE_LOOP('',(#867,#873,#874,#875));
#867 = ORIENTED_EDGE('',*,*,#868,.T.);
#868 = EDGE_CURVE('',#339,#668,#869,.T.);
#869 = LINE('',#870,#871);
#870 = CARTESIAN_POINT('',(1.27,-1.016,0.));
#871 = VECTOR('',#872,1.);
#872 = DIRECTION('',(0.,0.,1.));
#873 = ORIENTED_EDGE('',*,*,#675,.T.);
#874 = ORIENTED_EDGE('',*,*,#834,.F.);
#875 = ORIENTED_EDGE('',*,*,#346,.F.);
#876 = PLANE('',#877);
#877 = AXIS2_PLACEMENT_3D('',#878,#879,#880);
#878 = CARTESIAN_POINT('',(1.27,-1.016,0.));
#879 = DIRECTION('',(-1.,0.,0.));
#880 = DIRECTION('',(0.,1.,0.));
#881 = ADVANCED_FACE('',(#882),#893,.F.);
#882 = FACE_BOUND('',#883,.F.);
#883 = EDGE_LOOP('',(#884,#885,#886,#892));
#884 = ORIENTED_EDGE('',*,*,#853,.T.);
#885 = ORIENTED_EDGE('',*,*,#515,.T.);
#886 = ORIENTED_EDGE('',*,*,#887,.F.);
#887 = EDGE_CURVE('',#187,#516,#888,.T.);
#888 = LINE('',#889,#890);
#889 = CARTESIAN_POINT('',(-1.27,-1.524,0.));
#890 = VECTOR('',#891,1.);
#891 = DIRECTION('',(0.,0.,1.));
#892 = ORIENTED_EDGE('',*,*,#186,.F.);
#893 = PLANE('',#894);
#894 = AXIS2_PLACEMENT_3D('',#895,#896,#897);
#895 = CARTESIAN_POINT('',(-1.016,-1.27,0.));
#896 = DIRECTION('',(0.707106781187,-0.707106781187,0.));
#897 = DIRECTION('',(-0.707106781187,-0.707106781187,0.));
#898 = ADVANCED_FACE('',(#899),#910,.F.);
#899 = FACE_BOUND('',#900,.F.);
#900 = EDGE_LOOP('',(#901,#907,#908,#909));
#901 = ORIENTED_EDGE('',*,*,#902,.T.);
#902 = EDGE_CURVE('',#331,#660,#903,.T.);
#903 = LINE('',#904,#905);
#904 = CARTESIAN_POINT('',(1.016,-1.27,0.));
#905 = VECTOR('',#906,1.);
#906 = DIRECTION('',(0.,0.,1.));
#907 = ORIENTED_EDGE('',*,*,#667,.T.);
#908 = ORIENTED_EDGE('',*,*,#868,.F.);
#909 = ORIENTED_EDGE('',*,*,#338,.F.);
#910 = PLANE('',#911);
#911 = AXIS2_PLACEMENT_3D('',#912,#913,#914);
#912 = CARTESIAN_POINT('',(1.016,-1.27,0.));
#913 = DIRECTION('',(-0.707106781187,0.707106781187,0.));
#914 = DIRECTION('',(0.707106781187,0.707106781187,0.));
#915 = ADVANCED_FACE('',(#916),#927,.F.);
#916 = FACE_BOUND('',#917,.F.);
#917 = EDGE_LOOP('',(#918,#919,#920,#926));
#918 = ORIENTED_EDGE('',*,*,#887,.T.);
#919 = ORIENTED_EDGE('',*,*,#523,.T.);
#920 = ORIENTED_EDGE('',*,*,#921,.F.);
#921 = EDGE_CURVE('',#195,#524,#922,.T.);
#922 = LINE('',#923,#924);
#923 = CARTESIAN_POINT('',(-1.27,-3.556,0.));
#924 = VECTOR('',#925,1.);
#925 = DIRECTION('',(0.,0.,1.));
#926 = ORIENTED_EDGE('',*,*,#194,.F.);
#927 = PLANE('',#928);
#928 = AXIS2_PLACEMENT_3D('',#929,#930,#931);
#929 = CARTESIAN_POINT('',(-1.27,-1.524,0.));
#930 = DIRECTION('',(1.,0.,0.));
#931 = DIRECTION('',(0.,-1.,0.));
#932 = ADVANCED_FACE('',(#933),#944,.F.);
#933 = FACE_BOUND('',#934,.F.);
#934 = EDGE_LOOP('',(#935,#941,#942,#943));
#935 = ORIENTED_EDGE('',*,*,#936,.T.);
#936 = EDGE_CURVE('',#323,#652,#937,.T.);
#937 = LINE('',#938,#939);
#938 = CARTESIAN_POINT('',(1.27,-1.524,0.));
#939 = VECTOR('',#940,1.);
#940 = DIRECTION('',(0.,0.,1.));
#941 = ORIENTED_EDGE('',*,*,#659,.T.);
#942 = ORIENTED_EDGE('',*,*,#902,.F.);
#943 = ORIENTED_EDGE('',*,*,#330,.F.);
#944 = PLANE('',#945);
#945 = AXIS2_PLACEMENT_3D('',#946,#947,#948);
#946 = CARTESIAN_POINT('',(1.27,-1.524,0.));
#947 = DIRECTION('',(-0.707106781187,-0.707106781187,0.));
#948 = DIRECTION('',(-0.707106781187,0.707106781187,0.));
#949 = ADVANCED_FACE('',(#950),#961,.F.);
#950 = FACE_BOUND('',#951,.F.);
#951 = EDGE_LOOP('',(#952,#953,#954,#960));
#952 = ORIENTED_EDGE('',*,*,#921,.T.);
#953 = ORIENTED_EDGE('',*,*,#531,.T.);
#954 = ORIENTED_EDGE('',*,*,#955,.F.);
#955 = EDGE_CURVE('',#203,#532,#956,.T.);
#956 = LINE('',#957,#958);
#957 = CARTESIAN_POINT('',(-1.016,-3.81,0.));
#958 = VECTOR('',#959,1.);
#959 = DIRECTION('',(0.,0.,1.));
#960 = ORIENTED_EDGE('',*,*,#202,.F.);
#961 = PLANE('',#962);
#962 = AXIS2_PLACEMENT_3D('',#963,#964,#965);
#963 = CARTESIAN_POINT('',(-1.27,-3.556,0.));
#964 = DIRECTION('',(0.707106781187,0.707106781187,0.));
#965 = DIRECTION('',(0.707106781187,-0.707106781187,0.));
#966 = ADVANCED_FACE('',(#967),#978,.F.);
#967 = FACE_BOUND('',#968,.F.);
#968 = EDGE_LOOP('',(#969,#975,#976,#977));
#969 = ORIENTED_EDGE('',*,*,#970,.T.);
#970 = EDGE_CURVE('',#315,#644,#971,.T.);
#971 = LINE('',#972,#973);
#972 = CARTESIAN_POINT('',(1.27,-3.556,0.));
#973 = VECTOR('',#974,1.);
#974 = DIRECTION('',(0.,0.,1.));
#975 = ORIENTED_EDGE('',*,*,#651,.T.);
#976 = ORIENTED_EDGE('',*,*,#936,.F.);
#977 = ORIENTED_EDGE('',*,*,#322,.F.);
#978 = PLANE('',#979);
#979 = AXIS2_PLACEMENT_3D('',#980,#981,#982);
#980 = CARTESIAN_POINT('',(1.27,-3.556,0.));
#981 = DIRECTION('',(-1.,0.,0.));
#982 = DIRECTION('',(0.,1.,0.));
#983 = ADVANCED_FACE('',(#984),#995,.F.);
#984 = FACE_BOUND('',#985,.F.);
#985 = EDGE_LOOP('',(#986,#987,#988,#994));
#986 = ORIENTED_EDGE('',*,*,#955,.T.);
#987 = ORIENTED_EDGE('',*,*,#539,.T.);
#988 = ORIENTED_EDGE('',*,*,#989,.F.);
#989 = EDGE_CURVE('',#211,#540,#990,.T.);
#990 = LINE('',#991,#992);
#991 = CARTESIAN_POINT('',(-1.27,-4.064,0.));
#992 = VECTOR('',#993,1.);
#993 = DIRECTION('',(0.,0.,1.));
#994 = ORIENTED_EDGE('',*,*,#210,.F.);
#995 = PLANE('',#996);
#996 = AXIS2_PLACEMENT_3D('',#997,#998,#999);
#997 = CARTESIAN_POINT('',(-1.016,-3.81,0.));
#998 = DIRECTION('',(0.707106781187,-0.707106781187,0.));
#999 = DIRECTION('',(-0.707106781187,-0.707106781187,0.));
#1000 = ADVANCED_FACE('',(#1001),#1012,.F.);
#1001 = FACE_BOUND('',#1002,.F.);
#1002 = EDGE_LOOP('',(#1003,#1009,#1010,#1011));
#1003 = ORIENTED_EDGE('',*,*,#1004,.T.);
#1004 = EDGE_CURVE('',#307,#636,#1005,.T.);
#1005 = LINE('',#1006,#1007);
#1006 = CARTESIAN_POINT('',(1.016,-3.81,0.));
#1007 = VECTOR('',#1008,1.);
#1008 = DIRECTION('',(0.,0.,1.));
#1009 = ORIENTED_EDGE('',*,*,#643,.T.);
#1010 = ORIENTED_EDGE('',*,*,#970,.F.);
#1011 = ORIENTED_EDGE('',*,*,#314,.F.);
#1012 = PLANE('',#1013);
#1013 = AXIS2_PLACEMENT_3D('',#1014,#1015,#1016);
#1014 = CARTESIAN_POINT('',(1.016,-3.81,0.));
#1015 = DIRECTION('',(-0.707106781187,0.707106781187,0.));
#1016 = DIRECTION('',(0.707106781187,0.707106781187,0.));
#1017 = ADVANCED_FACE('',(#1018),#1029,.F.);
#1018 = FACE_BOUND('',#1019,.F.);
#1019 = EDGE_LOOP('',(#1020,#1021,#1022,#1028));
#1020 = ORIENTED_EDGE('',*,*,#989,.T.);
#1021 = ORIENTED_EDGE('',*,*,#547,.T.);
#1022 = ORIENTED_EDGE('',*,*,#1023,.F.);
#1023 = EDGE_CURVE('',#219,#548,#1024,.T.);
#1024 = LINE('',#1025,#1026);
#1025 = CARTESIAN_POINT('',(-1.27,-6.096,0.));
#1026 = VECTOR('',#1027,1.);
#1027 = DIRECTION('',(0.,0.,1.));
#1028 = ORIENTED_EDGE('',*,*,#218,.F.);
#1029 = PLANE('',#1030);
#1030 = AXIS2_PLACEMENT_3D('',#1031,#1032,#1033);
#1031 = CARTESIAN_POINT('',(-1.27,-4.064,0.));
#1032 = DIRECTION('',(1.,0.,0.));
#1033 = DIRECTION('',(0.,-1.,0.));
#1034 = ADVANCED_FACE('',(#1035),#1046,.F.);
#1035 = FACE_BOUND('',#1036,.F.);
#1036 = EDGE_LOOP('',(#1037,#1043,#1044,#1045));
#1037 = ORIENTED_EDGE('',*,*,#1038,.T.);
#1038 = EDGE_CURVE('',#299,#628,#1039,.T.);
#1039 = LINE('',#1040,#1041);
#1040 = CARTESIAN_POINT('',(1.27,-4.064,0.));
#1041 = VECTOR('',#1042,1.);
#1042 = DIRECTION('',(0.,0.,1.));
#1043 = ORIENTED_EDGE('',*,*,#635,.T.);
#1044 = ORIENTED_EDGE('',*,*,#1004,.F.);
#1045 = ORIENTED_EDGE('',*,*,#306,.F.);
#1046 = PLANE('',#1047);
#1047 = AXIS2_PLACEMENT_3D('',#1048,#1049,#1050);
#1048 = CARTESIAN_POINT('',(1.27,-4.064,0.));
#1049 = DIRECTION('',(-0.707106781187,-0.707106781187,0.));
#1050 = DIRECTION('',(-0.707106781187,0.707106781187,0.));
#1051 = ADVANCED_FACE('',(#1052),#1063,.F.);
#1052 = FACE_BOUND('',#1053,.F.);
#1053 = EDGE_LOOP('',(#1054,#1055,#1056,#1062));
#1054 = ORIENTED_EDGE('',*,*,#1023,.T.);
#1055 = ORIENTED_EDGE('',*,*,#555,.T.);
#1056 = ORIENTED_EDGE('',*,*,#1057,.F.);
#1057 = EDGE_CURVE('',#227,#556,#1058,.T.);
#1058 = LINE('',#1059,#1060);
#1059 = CARTESIAN_POINT('',(-1.016,-6.35,0.));
#1060 = VECTOR('',#1061,1.);
#1061 = DIRECTION('',(0.,0.,1.));
#1062 = ORIENTED_EDGE('',*,*,#226,.F.);
#1063 = PLANE('',#1064);
#1064 = AXIS2_PLACEMENT_3D('',#1065,#1066,#1067);
#1065 = CARTESIAN_POINT('',(-1.27,-6.096,0.));
#1066 = DIRECTION('',(0.707106781187,0.707106781187,0.));
#1067 = DIRECTION('',(0.707106781187,-0.707106781187,0.));
#1068 = ADVANCED_FACE('',(#1069),#1080,.F.);
#1069 = FACE_BOUND('',#1070,.F.);
#1070 = EDGE_LOOP('',(#1071,#1077,#1078,#1079));
#1071 = ORIENTED_EDGE('',*,*,#1072,.T.);
#1072 = EDGE_CURVE('',#291,#620,#1073,.T.);
#1073 = LINE('',#1074,#1075);
#1074 = CARTESIAN_POINT('',(1.27,-6.096,0.));
#1075 = VECTOR('',#1076,1.);
#1076 = DIRECTION('',(0.,0.,1.));
#1077 = ORIENTED_EDGE('',*,*,#627,.T.);
#1078 = ORIENTED_EDGE('',*,*,#1038,.F.);
#1079 = ORIENTED_EDGE('',*,*,#298,.F.);
#1080 = PLANE('',#1081);
#1081 = AXIS2_PLACEMENT_3D('',#1082,#1083,#1084);
#1082 = CARTESIAN_POINT('',(1.27,-6.096,0.));
#1083 = DIRECTION('',(-1.,0.,0.));
#1084 = DIRECTION('',(0.,1.,0.));
#1085 = ADVANCED_FACE('',(#1086),#1097,.F.);
#1086 = FACE_BOUND('',#1087,.F.);
#1087 = EDGE_LOOP('',(#1088,#1089,#1090,#1096));
#1088 = ORIENTED_EDGE('',*,*,#1057,.T.);
#1089 = ORIENTED_EDGE('',*,*,#563,.T.);
#1090 = ORIENTED_EDGE('',*,*,#1091,.F.);
#1091 = EDGE_CURVE('',#235,#564,#1092,.T.);
#1092 = LINE('',#1093,#1094);
#1093 = CARTESIAN_POINT('',(-1.27,-6.604,0.));
#1094 = VECTOR('',#1095,1.);
#1095 = DIRECTION('',(0.,0.,1.));
#1096 = ORIENTED_EDGE('',*,*,#234,.F.);
#1097 = PLANE('',#1098);
#1098 = AXIS2_PLACEMENT_3D('',#1099,#1100,#1101);
#1099 = CARTESIAN_POINT('',(-1.016,-6.35,0.));
#1100 = DIRECTION('',(0.707106781187,-0.707106781187,0.));
#1101 = DIRECTION('',(-0.707106781187,-0.707106781187,0.));
#1102 = ADVANCED_FACE('',(#1103),#1114,.F.);
#1103 = FACE_BOUND('',#1104,.F.);
#1104 = EDGE_LOOP('',(#1105,#1111,#1112,#1113));
#1105 = ORIENTED_EDGE('',*,*,#1106,.T.);
#1106 = EDGE_CURVE('',#283,#612,#1107,.T.);
#1107 = LINE('',#1108,#1109);
#1108 = CARTESIAN_POINT('',(1.016,-6.35,0.));
#1109 = VECTOR('',#1110,1.);
#1110 = DIRECTION('',(0.,0.,1.));
#1111 = ORIENTED_EDGE('',*,*,#619,.T.);
#1112 = ORIENTED_EDGE('',*,*,#1072,.F.);
#1113 = ORIENTED_EDGE('',*,*,#290,.F.);
#1114 = PLANE('',#1115);
#1115 = AXIS2_PLACEMENT_3D('',#1116,#1117,#1118);
#1116 = CARTESIAN_POINT('',(1.016,-6.35,0.));
#1117 = DIRECTION('',(-0.707106781187,0.707106781187,0.));
#1118 = DIRECTION('',(0.707106781187,0.707106781187,0.));
#1119 = ADVANCED_FACE('',(#1120),#1131,.F.);
#1120 = FACE_BOUND('',#1121,.F.);
#1121 = EDGE_LOOP('',(#1122,#1123,#1124,#1130));
#1122 = ORIENTED_EDGE('',*,*,#1091,.T.);
#1123 = ORIENTED_EDGE('',*,*,#571,.T.);
#1124 = ORIENTED_EDGE('',*,*,#1125,.F.);
#1125 = EDGE_CURVE('',#243,#572,#1126,.T.);
#1126 = LINE('',#1127,#1128);
#1127 = CARTESIAN_POINT('',(-1.27,-8.636,0.));
#1128 = VECTOR('',#1129,1.);
#1129 = DIRECTION('',(0.,0.,1.));
#1130 = ORIENTED_EDGE('',*,*,#242,.F.);
#1131 = PLANE('',#1132);
#1132 = AXIS2_PLACEMENT_3D('',#1133,#1134,#1135);
#1133 = CARTESIAN_POINT('',(-1.27,-6.604,0.));
#1134 = DIRECTION('',(1.,0.,0.));
#1135 = DIRECTION('',(0.,-1.,0.));
#1136 = ADVANCED_FACE('',(#1137),#1148,.F.);
#1137 = FACE_BOUND('',#1138,.F.);
#1138 = EDGE_LOOP('',(#1139,#1145,#1146,#1147));
#1139 = ORIENTED_EDGE('',*,*,#1140,.T.);
#1140 = EDGE_CURVE('',#275,#604,#1141,.T.);
#1141 = LINE('',#1142,#1143);
#1142 = CARTESIAN_POINT('',(1.27,-6.604,0.));
#1143 = VECTOR('',#1144,1.);
#1144 = DIRECTION('',(0.,0.,1.));
#1145 = ORIENTED_EDGE('',*,*,#611,.T.);
#1146 = ORIENTED_EDGE('',*,*,#1106,.F.);
#1147 = ORIENTED_EDGE('',*,*,#282,.F.);
#1148 = PLANE('',#1149);
#1149 = AXIS2_PLACEMENT_3D('',#1150,#1151,#1152);
#1150 = CARTESIAN_POINT('',(1.27,-6.604,0.));
#1151 = DIRECTION('',(-0.707106781187,-0.707106781187,0.));
#1152 = DIRECTION('',(-0.707106781187,0.707106781187,0.));
#1153 = ADVANCED_FACE('',(#1154),#1165,.F.);
#1154 = FACE_BOUND('',#1155,.F.);
#1155 = EDGE_LOOP('',(#1156,#1157,#1158,#1164));
#1156 = ORIENTED_EDGE('',*,*,#1125,.T.);
#1157 = ORIENTED_EDGE('',*,*,#579,.T.);
#1158 = ORIENTED_EDGE('',*,*,#1159,.F.);
#1159 = EDGE_CURVE('',#251,#580,#1160,.T.);
#1160 = LINE('',#1161,#1162);
#1161 = CARTESIAN_POINT('',(-1.016,-8.89,0.));
#1162 = VECTOR('',#1163,1.);
#1163 = DIRECTION('',(0.,0.,1.));
#1164 = ORIENTED_EDGE('',*,*,#250,.F.);
#1165 = PLANE('',#1166);
#1166 = AXIS2_PLACEMENT_3D('',#1167,#1168,#1169);
#1167 = CARTESIAN_POINT('',(-1.27,-8.636,0.));
#1168 = DIRECTION('',(0.707106781187,0.707106781187,0.));
#1169 = DIRECTION('',(0.707106781187,-0.707106781187,0.));
#1170 = ADVANCED_FACE('',(#1171),#1182,.F.);
#1171 = FACE_BOUND('',#1172,.F.);
#1172 = EDGE_LOOP('',(#1173,#1179,#1180,#1181));
#1173 = ORIENTED_EDGE('',*,*,#1174,.T.);
#1174 = EDGE_CURVE('',#267,#596,#1175,.T.);
#1175 = LINE('',#1176,#1177);
#1176 = CARTESIAN_POINT('',(1.27,-8.636,0.));
#1177 = VECTOR('',#1178,1.);
#1178 = DIRECTION('',(0.,0.,1.));
#1179 = ORIENTED_EDGE('',*,*,#603,.T.);
#1180 = ORIENTED_EDGE('',*,*,#1140,.F.);
#1181 = ORIENTED_EDGE('',*,*,#274,.F.);
#1182 = PLANE('',#1183);
#1183 = AXIS2_PLACEMENT_3D('',#1184,#1185,#1186);
#1184 = CARTESIAN_POINT('',(1.27,-8.636,0.));
#1185 = DIRECTION('',(-1.,0.,0.));
#1186 = DIRECTION('',(0.,1.,0.));
#1187 = ADVANCED_FACE('',(#1188),#1199,.F.);
#1188 = FACE_BOUND('',#1189,.F.);
#1189 = EDGE_LOOP('',(#1190,#1191,#1192,#1198));
#1190 = ORIENTED_EDGE('',*,*,#1159,.T.);
#1191 = ORIENTED_EDGE('',*,*,#587,.T.);
#1192 = ORIENTED_EDGE('',*,*,#1193,.F.);
#1193 = EDGE_CURVE('',#259,#588,#1194,.T.);
#1194 = LINE('',#1195,#1196);
#1195 = CARTESIAN_POINT('',(1.016,-8.89,0.));
#1196 = VECTOR('',#1197,1.);
#1197 = DIRECTION('',(0.,0.,1.));
#1198 = ORIENTED_EDGE('',*,*,#258,.F.);
#1199 = PLANE('',#1200);
#1200 = AXIS2_PLACEMENT_3D('',#1201,#1202,#1203);
#1201 = CARTESIAN_POINT('',(-1.016,-8.89,0.));
#1202 = DIRECTION('',(0.,1.,0.));
#1203 = DIRECTION('',(1.,0.,0.));
#1204 = ADVANCED_FACE('',(#1205),#1211,.F.);
#1205 = FACE_BOUND('',#1206,.F.);
#1206 = EDGE_LOOP('',(#1207,#1208,#1209,#1210));
#1207 = ORIENTED_EDGE('',*,*,#1193,.T.);
#1208 = ORIENTED_EDGE('',*,*,#595,.T.);
#1209 = ORIENTED_EDGE('',*,*,#1174,.F.);
#1210 = ORIENTED_EDGE('',*,*,#266,.F.);
#1211 = PLANE('',#1212);
#1212 = AXIS2_PLACEMENT_3D('',#1213,#1214,#1215);
#1213 = CARTESIAN_POINT('',(1.016,-8.89,0.));
#1214 = DIRECTION('',(-0.707106781187,0.707106781187,0.));
#1215 = DIRECTION('',(0.707106781187,0.707106781187,0.));
#1216 = ADVANCED_FACE('',(#1217),#1242,.T.);
#1217 = FACE_BOUND('',#1218,.T.);
#1218 = EDGE_LOOP('',(#1219,#1227,#1235,#1241));
#1219 = ORIENTED_EDGE('',*,*,#1220,.F.);
#1220 = EDGE_CURVE('',#1221,#364,#1223,.T.);
#1221 = VERTEX_POINT('',#1222);
#1222 = CARTESIAN_POINT('',(0.32,-4.76,-2.84));
#1223 = LINE('',#1224,#1225);
#1224 = CARTESIAN_POINT('',(0.32,-4.76,-3.));
#1225 = VECTOR('',#1226,1.);
#1226 = DIRECTION('',(0.,0.,1.));
#1227 = ORIENTED_EDGE('',*,*,#1228,.F.);
#1228 = EDGE_CURVE('',#1229,#1221,#1231,.T.);
#1229 = VERTEX_POINT('',#1230);
#1230 = CARTESIAN_POINT('',(-0.32,-4.76,-2.84));
#1231 = LINE('',#1232,#1233);
#1232 = CARTESIAN_POINT('',(-0.32,-4.76,-2.84));
#1233 = VECTOR('',#1234,1.);
#1234 = DIRECTION('',(1.,0.,0.));
#1235 = ORIENTED_EDGE('',*,*,#1236,.T.);
#1236 = EDGE_CURVE('',#1229,#366,#1237,.T.);
#1237 = LINE('',#1238,#1239);
#1238 = CARTESIAN_POINT('',(-0.32,-4.76,-3.));
#1239 = VECTOR('',#1240,1.);
#1240 = DIRECTION('',(0.,0.,1.));
#1241 = ORIENTED_EDGE('',*,*,#363,.F.);
#1242 = PLANE('',#1243);
#1243 = AXIS2_PLACEMENT_3D('',#1244,#1245,#1246);
#1244 = CARTESIAN_POINT('',(-0.32,-4.76,-3.));
#1245 = DIRECTION('',(0.,1.,0.));
#1246 = DIRECTION('',(0.,-0.,1.));
#1247 = ADVANCED_FACE('',(#1248),#1266,.F.);
#1248 = FACE_BOUND('',#1249,.F.);
#1249 = EDGE_LOOP('',(#1250,#1258,#1264,#1265));
#1250 = ORIENTED_EDGE('',*,*,#1251,.F.);
#1251 = EDGE_CURVE('',#1252,#382,#1254,.T.);
#1252 = VERTEX_POINT('',#1253);
#1253 = CARTESIAN_POINT('',(-0.32,-5.4,-2.84));
#1254 = LINE('',#1255,#1256);
#1255 = CARTESIAN_POINT('',(-0.32,-5.4,-3.));
#1256 = VECTOR('',#1257,1.);
#1257 = DIRECTION('',(0.,0.,1.));
#1258 = ORIENTED_EDGE('',*,*,#1259,.T.);
#1259 = EDGE_CURVE('',#1252,#1229,#1260,.T.);
#1260 = LINE('',#1261,#1262);
#1261 = CARTESIAN_POINT('',(-0.32,-5.4,-2.84));
#1262 = VECTOR('',#1263,1.);
#1263 = DIRECTION('',(0.,1.,0.));
#1264 = ORIENTED_EDGE('',*,*,#1236,.T.);
#1265 = ORIENTED_EDGE('',*,*,#389,.F.);
#1266 = PLANE('',#1267);
#1267 = AXIS2_PLACEMENT_3D('',#1268,#1269,#1270);
#1268 = CARTESIAN_POINT('',(-0.32,-5.4,-3.));
#1269 = DIRECTION('',(1.,0.,0.));
#1270 = DIRECTION('',(0.,0.,1.));
#1271 = ADVANCED_FACE('',(#1272),#1290,.F.);
#1272 = FACE_BOUND('',#1273,.F.);
#1273 = EDGE_LOOP('',(#1274,#1282,#1288,#1289));
#1274 = ORIENTED_EDGE('',*,*,#1275,.F.);
#1275 = EDGE_CURVE('',#1276,#374,#1278,.T.);
#1276 = VERTEX_POINT('',#1277);
#1277 = CARTESIAN_POINT('',(0.32,-5.4,-2.84));
#1278 = LINE('',#1279,#1280);
#1279 = CARTESIAN_POINT('',(0.32,-5.4,-3.));
#1280 = VECTOR('',#1281,1.);
#1281 = DIRECTION('',(0.,0.,1.));
#1282 = ORIENTED_EDGE('',*,*,#1283,.F.);
#1283 = EDGE_CURVE('',#1252,#1276,#1284,.T.);
#1284 = LINE('',#1285,#1286);
#1285 = CARTESIAN_POINT('',(-0.32,-5.4,-2.84));
#1286 = VECTOR('',#1287,1.);
#1287 = DIRECTION('',(1.,0.,0.));
#1288 = ORIENTED_EDGE('',*,*,#1251,.T.);
#1289 = ORIENTED_EDGE('',*,*,#381,.F.);
#1290 = PLANE('',#1291);
#1291 = AXIS2_PLACEMENT_3D('',#1292,#1293,#1294);
#1292 = CARTESIAN_POINT('',(-0.32,-5.4,-3.));
#1293 = DIRECTION('',(0.,1.,0.));
#1294 = DIRECTION('',(0.,-0.,1.));
#1295 = ADVANCED_FACE('',(#1296),#1307,.T.);
#1296 = FACE_BOUND('',#1297,.T.);
#1297 = EDGE_LOOP('',(#1298,#1299,#1305,#1306));
#1298 = ORIENTED_EDGE('',*,*,#1275,.F.);
#1299 = ORIENTED_EDGE('',*,*,#1300,.T.);
#1300 = EDGE_CURVE('',#1276,#1221,#1301,.T.);
#1301 = LINE('',#1302,#1303);
#1302 = CARTESIAN_POINT('',(0.32,-5.4,-2.84));
#1303 = VECTOR('',#1304,1.);
#1304 = DIRECTION('',(0.,1.,0.));
#1305 = ORIENTED_EDGE('',*,*,#1220,.T.);
#1306 = ORIENTED_EDGE('',*,*,#373,.F.);
#1307 = PLANE('',#1308);
#1308 = AXIS2_PLACEMENT_3D('',#1309,#1310,#1311);
#1309 = CARTESIAN_POINT('',(0.32,-5.4,-3.));
#1310 = DIRECTION('',(1.,0.,0.));
#1311 = DIRECTION('',(0.,0.,1.));
#1312 = ADVANCED_FACE('',(#1313),#1338,.T.);
#1313 = FACE_BOUND('',#1314,.T.);
#1314 = EDGE_LOOP('',(#1315,#1323,#1331,#1337));
#1315 = ORIENTED_EDGE('',*,*,#1316,.F.);
#1316 = EDGE_CURVE('',#1317,#398,#1319,.T.);
#1317 = VERTEX_POINT('',#1318);
#1318 = CARTESIAN_POINT('',(0.32,-7.94,-2.84));
#1319 = LINE('',#1320,#1321);
#1320 = CARTESIAN_POINT('',(0.32,-7.94,-3.));
#1321 = VECTOR('',#1322,1.);
#1322 = DIRECTION('',(0.,0.,1.));
#1323 = ORIENTED_EDGE('',*,*,#1324,.T.);
#1324 = EDGE_CURVE('',#1317,#1325,#1327,.T.);
#1325 = VERTEX_POINT('',#1326);
#1326 = CARTESIAN_POINT('',(0.32,-7.3,-2.84));
#1327 = LINE('',#1328,#1329);
#1328 = CARTESIAN_POINT('',(0.32,-7.94,-2.84));
#1329 = VECTOR('',#1330,1.);
#1330 = DIRECTION('',(0.,1.,0.));
#1331 = ORIENTED_EDGE('',*,*,#1332,.T.);
#1332 = EDGE_CURVE('',#1325,#400,#1333,.T.);
#1333 = LINE('',#1334,#1335);
#1334 = CARTESIAN_POINT('',(0.32,-7.3,-3.));
#1335 = VECTOR('',#1336,1.);
#1336 = DIRECTION('',(0.,0.,1.));
#1337 = ORIENTED_EDGE('',*,*,#397,.F.);
#1338 = PLANE('',#1339);
#1339 = AXIS2_PLACEMENT_3D('',#1340,#1341,#1342);
#1340 = CARTESIAN_POINT('',(0.32,-7.94,-3.));
#1341 = DIRECTION('',(1.,0.,0.));
#1342 = DIRECTION('',(0.,0.,1.));
#1343 = ADVANCED_FACE('',(#1344),#1362,.T.);
#1344 = FACE_BOUND('',#1345,.T.);
#1345 = EDGE_LOOP('',(#1346,#1347,#1355,#1361));
#1346 = ORIENTED_EDGE('',*,*,#1332,.F.);
#1347 = ORIENTED_EDGE('',*,*,#1348,.F.);
#1348 = EDGE_CURVE('',#1349,#1325,#1351,.T.);
#1349 = VERTEX_POINT('',#1350);
#1350 = CARTESIAN_POINT('',(-0.32,-7.3,-2.84));
#1351 = LINE('',#1352,#1353);
#1352 = CARTESIAN_POINT('',(-0.32,-7.3,-2.84));
#1353 = VECTOR('',#1354,1.);
#1354 = DIRECTION('',(1.,0.,0.));
#1355 = ORIENTED_EDGE('',*,*,#1356,.T.);
#1356 = EDGE_CURVE('',#1349,#416,#1357,.T.);
#1357 = LINE('',#1358,#1359);
#1358 = CARTESIAN_POINT('',(-0.32,-7.3,-3.));
#1359 = VECTOR('',#1360,1.);
#1360 = DIRECTION('',(0.,0.,1.));
#1361 = ORIENTED_EDGE('',*,*,#423,.F.);
#1362 = PLANE('',#1363);
#1363 = AXIS2_PLACEMENT_3D('',#1364,#1365,#1366);
#1364 = CARTESIAN_POINT('',(-0.32,-7.3,-3.));
#1365 = DIRECTION('',(0.,1.,0.));
#1366 = DIRECTION('',(0.,-0.,1.));
#1367 = ADVANCED_FACE('',(#1368),#1386,.F.);
#1368 = FACE_BOUND('',#1369,.F.);
#1369 = EDGE_LOOP('',(#1370,#1378,#1384,#1385));
#1370 = ORIENTED_EDGE('',*,*,#1371,.F.);
#1371 = EDGE_CURVE('',#1372,#408,#1374,.T.);
#1372 = VERTEX_POINT('',#1373);
#1373 = CARTESIAN_POINT('',(-0.32,-7.94,-2.84));
#1374 = LINE('',#1375,#1376);
#1375 = CARTESIAN_POINT('',(-0.32,-7.94,-3.));
#1376 = VECTOR('',#1377,1.);
#1377 = DIRECTION('',(0.,0.,1.));
#1378 = ORIENTED_EDGE('',*,*,#1379,.T.);
#1379 = EDGE_CURVE('',#1372,#1349,#1380,.T.);
#1380 = LINE('',#1381,#1382);
#1381 = CARTESIAN_POINT('',(-0.32,-7.94,-2.84));
#1382 = VECTOR('',#1383,1.);
#1383 = DIRECTION('',(0.,1.,0.));
#1384 = ORIENTED_EDGE('',*,*,#1356,.T.);
#1385 = ORIENTED_EDGE('',*,*,#415,.F.);
#1386 = PLANE('',#1387);
#1387 = AXIS2_PLACEMENT_3D('',#1388,#1389,#1390);
#1388 = CARTESIAN_POINT('',(-0.32,-7.94,-3.));
#1389 = DIRECTION('',(1.,0.,0.));
#1390 = DIRECTION('',(0.,0.,1.));
#1391 = ADVANCED_FACE('',(#1392),#1403,.F.);
#1392 = FACE_BOUND('',#1393,.F.);
#1393 = EDGE_LOOP('',(#1394,#1395,#1401,#1402));
#1394 = ORIENTED_EDGE('',*,*,#1316,.F.);
#1395 = ORIENTED_EDGE('',*,*,#1396,.F.);
#1396 = EDGE_CURVE('',#1372,#1317,#1397,.T.);
#1397 = LINE('',#1398,#1399);
#1398 = CARTESIAN_POINT('',(-0.32,-7.94,-2.84));
#1399 = VECTOR('',#1400,1.);
#1400 = DIRECTION('',(1.,0.,0.));
#1401 = ORIENTED_EDGE('',*,*,#1371,.T.);
#1402 = ORIENTED_EDGE('',*,*,#407,.F.);
#1403 = PLANE('',#1404);
#1404 = AXIS2_PLACEMENT_3D('',#1405,#1406,#1407);
#1405 = CARTESIAN_POINT('',(-0.32,-7.94,-3.));
#1406 = DIRECTION('',(0.,1.,0.));
#1407 = DIRECTION('',(0.,-0.,1.));
#1408 = ADVANCED_FACE('',(#1409),#1434,.T.);
#1409 = FACE_BOUND('',#1410,.T.);
#1410 = EDGE_LOOP('',(#1411,#1419,#1427,#1433));
#1411 = ORIENTED_EDGE('',*,*,#1412,.F.);
#1412 = EDGE_CURVE('',#1413,#432,#1415,.T.);
#1413 = VERTEX_POINT('',#1414);
#1414 = CARTESIAN_POINT('',(0.32,-0.32,-2.84));
#1415 = LINE('',#1416,#1417);
#1416 = CARTESIAN_POINT('',(0.32,-0.32,-3.));
#1417 = VECTOR('',#1418,1.);
#1418 = DIRECTION('',(0.,0.,1.));
#1419 = ORIENTED_EDGE('',*,*,#1420,.T.);
#1420 = EDGE_CURVE('',#1413,#1421,#1423,.T.);
#1421 = VERTEX_POINT('',#1422);
#1422 = CARTESIAN_POINT('',(0.32,0.32,-2.84));
#1423 = LINE('',#1424,#1425);
#1424 = CARTESIAN_POINT('',(0.32,-0.32,-2.84));
#1425 = VECTOR('',#1426,1.);
#1426 = DIRECTION('',(0.,1.,0.));
#1427 = ORIENTED_EDGE('',*,*,#1428,.T.);
#1428 = EDGE_CURVE('',#1421,#434,#1429,.T.);
#1429 = LINE('',#1430,#1431);
#1430 = CARTESIAN_POINT('',(0.32,0.32,-3.));
#1431 = VECTOR('',#1432,1.);
#1432 = DIRECTION('',(0.,0.,1.));
#1433 = ORIENTED_EDGE('',*,*,#431,.F.);
#1434 = PLANE('',#1435);
#1435 = AXIS2_PLACEMENT_3D('',#1436,#1437,#1438);
#1436 = CARTESIAN_POINT('',(0.32,-0.32,-3.));
#1437 = DIRECTION('',(1.,0.,0.));
#1438 = DIRECTION('',(0.,0.,1.));
#1439 = ADVANCED_FACE('',(#1440),#1458,.T.);
#1440 = FACE_BOUND('',#1441,.T.);
#1441 = EDGE_LOOP('',(#1442,#1443,#1451,#1457));
#1442 = ORIENTED_EDGE('',*,*,#1428,.F.);
#1443 = ORIENTED_EDGE('',*,*,#1444,.F.);
#1444 = EDGE_CURVE('',#1445,#1421,#1447,.T.);
#1445 = VERTEX_POINT('',#1446);
#1446 = CARTESIAN_POINT('',(-0.32,0.32,-2.84));
#1447 = LINE('',#1448,#1449);
#1448 = CARTESIAN_POINT('',(-0.32,0.32,-2.84));
#1449 = VECTOR('',#1450,1.);
#1450 = DIRECTION('',(1.,0.,0.));
#1451 = ORIENTED_EDGE('',*,*,#1452,.T.);
#1452 = EDGE_CURVE('',#1445,#450,#1453,.T.);
#1453 = LINE('',#1454,#1455);
#1454 = CARTESIAN_POINT('',(-0.32,0.32,-3.));
#1455 = VECTOR('',#1456,1.);
#1456 = DIRECTION('',(0.,0.,1.));
#1457 = ORIENTED_EDGE('',*,*,#457,.F.);
#1458 = PLANE('',#1459);
#1459 = AXIS2_PLACEMENT_3D('',#1460,#1461,#1462);
#1460 = CARTESIAN_POINT('',(-0.32,0.32,-3.));
#1461 = DIRECTION('',(0.,1.,0.));
#1462 = DIRECTION('',(0.,-0.,1.));
#1463 = ADVANCED_FACE('',(#1464),#1482,.F.);
#1464 = FACE_BOUND('',#1465,.F.);
#1465 = EDGE_LOOP('',(#1466,#1474,#1480,#1481));
#1466 = ORIENTED_EDGE('',*,*,#1467,.F.);
#1467 = EDGE_CURVE('',#1468,#442,#1470,.T.);
#1468 = VERTEX_POINT('',#1469);
#1469 = CARTESIAN_POINT('',(-0.32,-0.32,-2.84));
#1470 = LINE('',#1471,#1472);
#1471 = CARTESIAN_POINT('',(-0.32,-0.32,-3.));
#1472 = VECTOR('',#1473,1.);
#1473 = DIRECTION('',(0.,0.,1.));
#1474 = ORIENTED_EDGE('',*,*,#1475,.T.);
#1475 = EDGE_CURVE('',#1468,#1445,#1476,.T.);
#1476 = LINE('',#1477,#1478);
#1477 = CARTESIAN_POINT('',(-0.32,-0.32,-2.84));
#1478 = VECTOR('',#1479,1.);
#1479 = DIRECTION('',(0.,1.,0.));
#1480 = ORIENTED_EDGE('',*,*,#1452,.T.);
#1481 = ORIENTED_EDGE('',*,*,#449,.F.);
#1482 = PLANE('',#1483);
#1483 = AXIS2_PLACEMENT_3D('',#1484,#1485,#1486);
#1484 = CARTESIAN_POINT('',(-0.32,-0.32,-3.));
#1485 = DIRECTION('',(1.,0.,0.));
#1486 = DIRECTION('',(0.,0.,1.));
#1487 = ADVANCED_FACE('',(#1488),#1499,.F.);
#1488 = FACE_BOUND('',#1489,.F.);
#1489 = EDGE_LOOP('',(#1490,#1491,#1497,#1498));
#1490 = ORIENTED_EDGE('',*,*,#1412,.F.);
#1491 = ORIENTED_EDGE('',*,*,#1492,.F.);
#1492 = EDGE_CURVE('',#1468,#1413,#1493,.T.);
#1493 = LINE('',#1494,#1495);
#1494 = CARTESIAN_POINT('',(-0.32,-0.32,-2.84));
#1495 = VECTOR('',#1496,1.);
#1496 = DIRECTION('',(1.,0.,0.));
#1497 = ORIENTED_EDGE('',*,*,#1467,.T.);
#1498 = ORIENTED_EDGE('',*,*,#441,.F.);
#1499 = PLANE('',#1500);
#1500 = AXIS2_PLACEMENT_3D('',#1501,#1502,#1503);
#1501 = CARTESIAN_POINT('',(-0.32,-0.32,-3.));
#1502 = DIRECTION('',(0.,1.,0.));
#1503 = DIRECTION('',(0.,-0.,1.));
#1504 = ADVANCED_FACE('',(#1505),#1530,.T.);
#1505 = FACE_BOUND('',#1506,.T.);
#1506 = EDGE_LOOP('',(#1507,#1515,#1523,#1529));
#1507 = ORIENTED_EDGE('',*,*,#1508,.F.);
#1508 = EDGE_CURVE('',#1509,#466,#1511,.T.);
#1509 = VERTEX_POINT('',#1510);
#1510 = CARTESIAN_POINT('',(0.32,-2.22,-2.84));
#1511 = LINE('',#1512,#1513);
#1512 = CARTESIAN_POINT('',(0.32,-2.22,-3.));
#1513 = VECTOR('',#1514,1.);
#1514 = DIRECTION('',(0.,0.,1.));
#1515 = ORIENTED_EDGE('',*,*,#1516,.F.);
#1516 = EDGE_CURVE('',#1517,#1509,#1519,.T.);
#1517 = VERTEX_POINT('',#1518);
#1518 = CARTESIAN_POINT('',(-0.32,-2.22,-2.84));
#1519 = LINE('',#1520,#1521);
#1520 = CARTESIAN_POINT('',(-0.32,-2.22,-2.84));
#1521 = VECTOR('',#1522,1.);
#1522 = DIRECTION('',(1.,0.,0.));
#1523 = ORIENTED_EDGE('',*,*,#1524,.T.);
#1524 = EDGE_CURVE('',#1517,#468,#1525,.T.);
#1525 = LINE('',#1526,#1527);
#1526 = CARTESIAN_POINT('',(-0.32,-2.22,-3.));
#1527 = VECTOR('',#1528,1.);
#1528 = DIRECTION('',(0.,0.,1.));
#1529 = ORIENTED_EDGE('',*,*,#465,.F.);
#1530 = PLANE('',#1531);
#1531 = AXIS2_PLACEMENT_3D('',#1532,#1533,#1534);
#1532 = CARTESIAN_POINT('',(-0.32,-2.22,-3.));
#1533 = DIRECTION('',(0.,1.,0.));
#1534 = DIRECTION('',(0.,-0.,1.));
#1535 = ADVANCED_FACE('',(#1536),#1554,.F.);
#1536 = FACE_BOUND('',#1537,.F.);
#1537 = EDGE_LOOP('',(#1538,#1546,#1552,#1553));
#1538 = ORIENTED_EDGE('',*,*,#1539,.F.);
#1539 = EDGE_CURVE('',#1540,#484,#1542,.T.);
#1540 = VERTEX_POINT('',#1541);
#1541 = CARTESIAN_POINT('',(-0.32,-2.86,-2.84));
#1542 = LINE('',#1543,#1544);
#1543 = CARTESIAN_POINT('',(-0.32,-2.86,-3.));
#1544 = VECTOR('',#1545,1.);
#1545 = DIRECTION('',(0.,0.,1.));
#1546 = ORIENTED_EDGE('',*,*,#1547,.T.);
#1547 = EDGE_CURVE('',#1540,#1517,#1548,.T.);
#1548 = LINE('',#1549,#1550);
#1549 = CARTESIAN_POINT('',(-0.32,-2.86,-2.84));
#1550 = VECTOR('',#1551,1.);
#1551 = DIRECTION('',(0.,1.,0.));
#1552 = ORIENTED_EDGE('',*,*,#1524,.T.);
#1553 = ORIENTED_EDGE('',*,*,#491,.F.);
#1554 = PLANE('',#1555);
#1555 = AXIS2_PLACEMENT_3D('',#1556,#1557,#1558);
#1556 = CARTESIAN_POINT('',(-0.32,-2.86,-3.));
#1557 = DIRECTION('',(1.,0.,0.));
#1558 = DIRECTION('',(0.,0.,1.));
#1559 = ADVANCED_FACE('',(#1560),#1578,.F.);
#1560 = FACE_BOUND('',#1561,.F.);
#1561 = EDGE_LOOP('',(#1562,#1570,#1576,#1577));
#1562 = ORIENTED_EDGE('',*,*,#1563,.F.);
#1563 = EDGE_CURVE('',#1564,#476,#1566,.T.);
#1564 = VERTEX_POINT('',#1565);
#1565 = CARTESIAN_POINT('',(0.32,-2.86,-2.84));
#1566 = LINE('',#1567,#1568);
#1567 = CARTESIAN_POINT('',(0.32,-2.86,-3.));
#1568 = VECTOR('',#1569,1.);
#1569 = DIRECTION('',(0.,0.,1.));
#1570 = ORIENTED_EDGE('',*,*,#1571,.F.);
#1571 = EDGE_CURVE('',#1540,#1564,#1572,.T.);
#1572 = LINE('',#1573,#1574);
#1573 = CARTESIAN_POINT('',(-0.32,-2.86,-2.84));
#1574 = VECTOR('',#1575,1.);
#1575 = DIRECTION('',(1.,0.,0.));
#1576 = ORIENTED_EDGE('',*,*,#1539,.T.);
#1577 = ORIENTED_EDGE('',*,*,#483,.F.);
#1578 = PLANE('',#1579);
#1579 = AXIS2_PLACEMENT_3D('',#1580,#1581,#1582);
#1580 = CARTESIAN_POINT('',(-0.32,-2.86,-3.));
#1581 = DIRECTION('',(0.,1.,0.));
#1582 = DIRECTION('',(0.,-0.,1.));
#1583 = ADVANCED_FACE('',(#1584),#1595,.T.);
#1584 = FACE_BOUND('',#1585,.T.);
#1585 = EDGE_LOOP('',(#1586,#1587,#1593,#1594));
#1586 = ORIENTED_EDGE('',*,*,#1563,.F.);
#1587 = ORIENTED_EDGE('',*,*,#1588,.T.);
#1588 = EDGE_CURVE('',#1564,#1509,#1589,.T.);
#1589 = LINE('',#1590,#1591);
#1590 = CARTESIAN_POINT('',(0.32,-2.86,-2.84));
#1591 = VECTOR('',#1592,1.);
#1592 = DIRECTION('',(0.,1.,0.));
#1593 = ORIENTED_EDGE('',*,*,#1508,.T.);
#1594 = ORIENTED_EDGE('',*,*,#475,.F.);
#1595 = PLANE('',#1596);
#1596 = AXIS2_PLACEMENT_3D('',#1597,#1598,#1599);
#1597 = CARTESIAN_POINT('',(0.32,-2.86,-3.));
#1598 = DIRECTION('',(1.,0.,0.));
#1599 = DIRECTION('',(0.,0.,1.));
#1600 = ADVANCED_FACE('',(#1601),#1626,.T.);
#1601 = FACE_BOUND('',#1602,.T.);
#1602 = EDGE_LOOP('',(#1603,#1611,#1612,#1620));
#1603 = ORIENTED_EDGE('',*,*,#1604,.F.);
#1604 = EDGE_CURVE('',#693,#1605,#1607,.T.);
#1605 = VERTEX_POINT('',#1606);
#1606 = CARTESIAN_POINT('',(0.32,-4.76,8.38));
#1607 = LINE('',#1608,#1609);
#1608 = CARTESIAN_POINT('',(0.32,-4.76,-3.));
#1609 = VECTOR('',#1610,1.);
#1610 = DIRECTION('',(0.,0.,1.));
#1611 = ORIENTED_EDGE('',*,*,#692,.T.);
#1612 = ORIENTED_EDGE('',*,*,#1613,.T.);
#1613 = EDGE_CURVE('',#695,#1614,#1616,.T.);
#1614 = VERTEX_POINT('',#1615);
#1615 = CARTESIAN_POINT('',(-0.32,-4.76,8.38));
#1616 = LINE('',#1617,#1618);
#1617 = CARTESIAN_POINT('',(-0.32,-4.76,-3.));
#1618 = VECTOR('',#1619,1.);
#1619 = DIRECTION('',(0.,0.,1.));
#1620 = ORIENTED_EDGE('',*,*,#1621,.T.);
#1621 = EDGE_CURVE('',#1614,#1605,#1622,.T.);
#1622 = LINE('',#1623,#1624);
#1623 = CARTESIAN_POINT('',(-0.32,-4.76,8.38));
#1624 = VECTOR('',#1625,1.);
#1625 = DIRECTION('',(1.,0.,0.));
#1626 = PLANE('',#1627);
#1627 = AXIS2_PLACEMENT_3D('',#1628,#1629,#1630);
#1628 = CARTESIAN_POINT('',(-0.32,-4.76,-3.));
#1629 = DIRECTION('',(0.,1.,0.));
#1630 = DIRECTION('',(0.,-0.,1.));
#1631 = ADVANCED_FACE('',(#1632),#1650,.F.);
#1632 = FACE_BOUND('',#1633,.F.);
#1633 = EDGE_LOOP('',(#1634,#1642,#1643,#1644));
#1634 = ORIENTED_EDGE('',*,*,#1635,.F.);
#1635 = EDGE_CURVE('',#711,#1636,#1638,.T.);
#1636 = VERTEX_POINT('',#1637);
#1637 = CARTESIAN_POINT('',(-0.32,-5.4,8.38));
#1638 = LINE('',#1639,#1640);
#1639 = CARTESIAN_POINT('',(-0.32,-5.4,-3.));
#1640 = VECTOR('',#1641,1.);
#1641 = DIRECTION('',(0.,0.,1.));
#1642 = ORIENTED_EDGE('',*,*,#718,.T.);
#1643 = ORIENTED_EDGE('',*,*,#1613,.T.);
#1644 = ORIENTED_EDGE('',*,*,#1645,.F.);
#1645 = EDGE_CURVE('',#1636,#1614,#1646,.T.);
#1646 = LINE('',#1647,#1648);
#1647 = CARTESIAN_POINT('',(-0.32,-5.4,8.38));
#1648 = VECTOR('',#1649,1.);
#1649 = DIRECTION('',(0.,1.,0.));
#1650 = PLANE('',#1651);
#1651 = AXIS2_PLACEMENT_3D('',#1652,#1653,#1654);
#1652 = CARTESIAN_POINT('',(-0.32,-5.4,-3.));
#1653 = DIRECTION('',(1.,0.,0.));
#1654 = DIRECTION('',(0.,0.,1.));
#1655 = ADVANCED_FACE('',(#1656),#1674,.F.);
#1656 = FACE_BOUND('',#1657,.F.);
#1657 = EDGE_LOOP('',(#1658,#1666,#1667,#1668));
#1658 = ORIENTED_EDGE('',*,*,#1659,.F.);
#1659 = EDGE_CURVE('',#703,#1660,#1662,.T.);
#1660 = VERTEX_POINT('',#1661);
#1661 = CARTESIAN_POINT('',(0.32,-5.4,8.38));
#1662 = LINE('',#1663,#1664);
#1663 = CARTESIAN_POINT('',(0.32,-5.4,-3.));
#1664 = VECTOR('',#1665,1.);
#1665 = DIRECTION('',(0.,0.,1.));
#1666 = ORIENTED_EDGE('',*,*,#710,.T.);
#1667 = ORIENTED_EDGE('',*,*,#1635,.T.);
#1668 = ORIENTED_EDGE('',*,*,#1669,.T.);
#1669 = EDGE_CURVE('',#1636,#1660,#1670,.T.);
#1670 = LINE('',#1671,#1672);
#1671 = CARTESIAN_POINT('',(-0.32,-5.4,8.38));
#1672 = VECTOR('',#1673,1.);
#1673 = DIRECTION('',(1.,0.,0.));
#1674 = PLANE('',#1675);
#1675 = AXIS2_PLACEMENT_3D('',#1676,#1677,#1678);
#1676 = CARTESIAN_POINT('',(-0.32,-5.4,-3.));
#1677 = DIRECTION('',(0.,1.,0.));
#1678 = DIRECTION('',(0.,-0.,1.));
#1679 = ADVANCED_FACE('',(#1680),#1691,.T.);
#1680 = FACE_BOUND('',#1681,.T.);
#1681 = EDGE_LOOP('',(#1682,#1683,#1684,#1685));
#1682 = ORIENTED_EDGE('',*,*,#1659,.F.);
#1683 = ORIENTED_EDGE('',*,*,#702,.T.);
#1684 = ORIENTED_EDGE('',*,*,#1604,.T.);
#1685 = ORIENTED_EDGE('',*,*,#1686,.F.);
#1686 = EDGE_CURVE('',#1660,#1605,#1687,.T.);
#1687 = LINE('',#1688,#1689);
#1688 = CARTESIAN_POINT('',(0.32,-5.4,8.38));
#1689 = VECTOR('',#1690,1.);
#1690 = DIRECTION('',(0.,1.,0.));
#1691 = PLANE('',#1692);
#1692 = AXIS2_PLACEMENT_3D('',#1693,#1694,#1695);
#1693 = CARTESIAN_POINT('',(0.32,-5.4,-3.));
#1694 = DIRECTION('',(1.,0.,0.));
#1695 = DIRECTION('',(0.,0.,1.));
#1696 = ADVANCED_FACE('',(#1697),#1722,.T.);
#1697 = FACE_BOUND('',#1698,.T.);
#1698 = EDGE_LOOP('',(#1699,#1707,#1708,#1716));
#1699 = ORIENTED_EDGE('',*,*,#1700,.F.);
#1700 = EDGE_CURVE('',#727,#1701,#1703,.T.);
#1701 = VERTEX_POINT('',#1702);
#1702 = CARTESIAN_POINT('',(0.32,-7.94,8.38));
#1703 = LINE('',#1704,#1705);
#1704 = CARTESIAN_POINT('',(0.32,-7.94,-3.));
#1705 = VECTOR('',#1706,1.);
#1706 = DIRECTION('',(0.,0.,1.));
#1707 = ORIENTED_EDGE('',*,*,#726,.T.);
#1708 = ORIENTED_EDGE('',*,*,#1709,.T.);
#1709 = EDGE_CURVE('',#729,#1710,#1712,.T.);
#1710 = VERTEX_POINT('',#1711);
#1711 = CARTESIAN_POINT('',(0.32,-7.3,8.38));
#1712 = LINE('',#1713,#1714);
#1713 = CARTESIAN_POINT('',(0.32,-7.3,-3.));
#1714 = VECTOR('',#1715,1.);
#1715 = DIRECTION('',(0.,0.,1.));
#1716 = ORIENTED_EDGE('',*,*,#1717,.F.);
#1717 = EDGE_CURVE('',#1701,#1710,#1718,.T.);
#1718 = LINE('',#1719,#1720);
#1719 = CARTESIAN_POINT('',(0.32,-7.94,8.38));
#1720 = VECTOR('',#1721,1.);
#1721 = DIRECTION('',(0.,1.,0.));
#1722 = PLANE('',#1723);
#1723 = AXIS2_PLACEMENT_3D('',#1724,#1725,#1726);
#1724 = CARTESIAN_POINT('',(0.32,-7.94,-3.));
#1725 = DIRECTION('',(1.,0.,0.));
#1726 = DIRECTION('',(0.,0.,1.));
#1727 = ADVANCED_FACE('',(#1728),#1746,.T.);
#1728 = FACE_BOUND('',#1729,.T.);
#1729 = EDGE_LOOP('',(#1730,#1731,#1732,#1740));
#1730 = ORIENTED_EDGE('',*,*,#1709,.F.);
#1731 = ORIENTED_EDGE('',*,*,#752,.T.);
#1732 = ORIENTED_EDGE('',*,*,#1733,.T.);
#1733 = EDGE_CURVE('',#745,#1734,#1736,.T.);
#1734 = VERTEX_POINT('',#1735);
#1735 = CARTESIAN_POINT('',(-0.32,-7.3,8.38));
#1736 = LINE('',#1737,#1738);
#1737 = CARTESIAN_POINT('',(-0.32,-7.3,-3.));
#1738 = VECTOR('',#1739,1.);
#1739 = DIRECTION('',(0.,0.,1.));
#1740 = ORIENTED_EDGE('',*,*,#1741,.T.);
#1741 = EDGE_CURVE('',#1734,#1710,#1742,.T.);
#1742 = LINE('',#1743,#1744);
#1743 = CARTESIAN_POINT('',(-0.32,-7.3,8.38));
#1744 = VECTOR('',#1745,1.);
#1745 = DIRECTION('',(1.,0.,0.));
#1746 = PLANE('',#1747);
#1747 = AXIS2_PLACEMENT_3D('',#1748,#1749,#1750);
#1748 = CARTESIAN_POINT('',(-0.32,-7.3,-3.));
#1749 = DIRECTION('',(0.,1.,0.));
#1750 = DIRECTION('',(0.,-0.,1.));
#1751 = ADVANCED_FACE('',(#1752),#1770,.F.);
#1752 = FACE_BOUND('',#1753,.F.);
#1753 = EDGE_LOOP('',(#1754,#1762,#1763,#1764));
#1754 = ORIENTED_EDGE('',*,*,#1755,.F.);
#1755 = EDGE_CURVE('',#737,#1756,#1758,.T.);
#1756 = VERTEX_POINT('',#1757);
#1757 = CARTESIAN_POINT('',(-0.32,-7.94,8.38));
#1758 = LINE('',#1759,#1760);
#1759 = CARTESIAN_POINT('',(-0.32,-7.94,-3.));
#1760 = VECTOR('',#1761,1.);
#1761 = DIRECTION('',(0.,0.,1.));
#1762 = ORIENTED_EDGE('',*,*,#744,.T.);
#1763 = ORIENTED_EDGE('',*,*,#1733,.T.);
#1764 = ORIENTED_EDGE('',*,*,#1765,.F.);
#1765 = EDGE_CURVE('',#1756,#1734,#1766,.T.);
#1766 = LINE('',#1767,#1768);
#1767 = CARTESIAN_POINT('',(-0.32,-7.94,8.38));
#1768 = VECTOR('',#1769,1.);
#1769 = DIRECTION('',(0.,1.,0.));
#1770 = PLANE('',#1771);
#1771 = AXIS2_PLACEMENT_3D('',#1772,#1773,#1774);
#1772 = CARTESIAN_POINT('',(-0.32,-7.94,-3.));
#1773 = DIRECTION('',(1.,0.,0.));
#1774 = DIRECTION('',(0.,0.,1.));
#1775 = ADVANCED_FACE('',(#1776),#1787,.F.);
#1776 = FACE_BOUND('',#1777,.F.);
#1777 = EDGE_LOOP('',(#1778,#1779,#1780,#1781));
#1778 = ORIENTED_EDGE('',*,*,#1700,.F.);
#1779 = ORIENTED_EDGE('',*,*,#736,.T.);
#1780 = ORIENTED_EDGE('',*,*,#1755,.T.);
#1781 = ORIENTED_EDGE('',*,*,#1782,.T.);
#1782 = EDGE_CURVE('',#1756,#1701,#1783,.T.);
#1783 = LINE('',#1784,#1785);
#1784 = CARTESIAN_POINT('',(-0.32,-7.94,8.38));
#1785 = VECTOR('',#1786,1.);
#1786 = DIRECTION('',(1.,0.,0.));
#1787 = PLANE('',#1788);
#1788 = AXIS2_PLACEMENT_3D('',#1789,#1790,#1791);
#1789 = CARTESIAN_POINT('',(-0.32,-7.94,-3.));
#1790 = DIRECTION('',(0.,1.,0.));
#1791 = DIRECTION('',(0.,-0.,1.));
#1792 = ADVANCED_FACE('',(#1793),#1818,.T.);
#1793 = FACE_BOUND('',#1794,.T.);
#1794 = EDGE_LOOP('',(#1795,#1803,#1804,#1812));
#1795 = ORIENTED_EDGE('',*,*,#1796,.F.);
#1796 = EDGE_CURVE('',#761,#1797,#1799,.T.);
#1797 = VERTEX_POINT('',#1798);
#1798 = CARTESIAN_POINT('',(0.32,-0.32,8.38));
#1799 = LINE('',#1800,#1801);
#1800 = CARTESIAN_POINT('',(0.32,-0.32,-3.));
#1801 = VECTOR('',#1802,1.);
#1802 = DIRECTION('',(0.,0.,1.));
#1803 = ORIENTED_EDGE('',*,*,#760,.T.);
#1804 = ORIENTED_EDGE('',*,*,#1805,.T.);
#1805 = EDGE_CURVE('',#763,#1806,#1808,.T.);
#1806 = VERTEX_POINT('',#1807);
#1807 = CARTESIAN_POINT('',(0.32,0.32,8.38));
#1808 = LINE('',#1809,#1810);
#1809 = CARTESIAN_POINT('',(0.32,0.32,-3.));
#1810 = VECTOR('',#1811,1.);
#1811 = DIRECTION('',(0.,0.,1.));
#1812 = ORIENTED_EDGE('',*,*,#1813,.F.);
#1813 = EDGE_CURVE('',#1797,#1806,#1814,.T.);
#1814 = LINE('',#1815,#1816);
#1815 = CARTESIAN_POINT('',(0.32,-0.32,8.38));
#1816 = VECTOR('',#1817,1.);
#1817 = DIRECTION('',(0.,1.,0.));
#1818 = PLANE('',#1819);
#1819 = AXIS2_PLACEMENT_3D('',#1820,#1821,#1822);
#1820 = CARTESIAN_POINT('',(0.32,-0.32,-3.));
#1821 = DIRECTION('',(1.,0.,0.));
#1822 = DIRECTION('',(0.,0.,1.));
#1823 = ADVANCED_FACE('',(#1824),#1842,.T.);
#1824 = FACE_BOUND('',#1825,.T.);
#1825 = EDGE_LOOP('',(#1826,#1827,#1828,#1836));
#1826 = ORIENTED_EDGE('',*,*,#1805,.F.);
#1827 = ORIENTED_EDGE('',*,*,#786,.T.);
#1828 = ORIENTED_EDGE('',*,*,#1829,.T.);
#1829 = EDGE_CURVE('',#779,#1830,#1832,.T.);
#1830 = VERTEX_POINT('',#1831);
#1831 = CARTESIAN_POINT('',(-0.32,0.32,8.38));
#1832 = LINE('',#1833,#1834);
#1833 = CARTESIAN_POINT('',(-0.32,0.32,-3.));
#1834 = VECTOR('',#1835,1.);
#1835 = DIRECTION('',(0.,0.,1.));
#1836 = ORIENTED_EDGE('',*,*,#1837,.T.);
#1837 = EDGE_CURVE('',#1830,#1806,#1838,.T.);
#1838 = LINE('',#1839,#1840);
#1839 = CARTESIAN_POINT('',(-0.32,0.32,8.38));
#1840 = VECTOR('',#1841,1.);
#1841 = DIRECTION('',(1.,0.,0.));
#1842 = PLANE('',#1843);
#1843 = AXIS2_PLACEMENT_3D('',#1844,#1845,#1846);
#1844 = CARTESIAN_POINT('',(-0.32,0.32,-3.));
#1845 = DIRECTION('',(0.,1.,0.));
#1846 = DIRECTION('',(0.,-0.,1.));
#1847 = ADVANCED_FACE('',(#1848),#1866,.F.);
#1848 = FACE_BOUND('',#1849,.F.);
#1849 = EDGE_LOOP('',(#1850,#1858,#1859,#1860));
#1850 = ORIENTED_EDGE('',*,*,#1851,.F.);
#1851 = EDGE_CURVE('',#771,#1852,#1854,.T.);
#1852 = VERTEX_POINT('',#1853);
#1853 = CARTESIAN_POINT('',(-0.32,-0.32,8.38));
#1854 = LINE('',#1855,#1856);
#1855 = CARTESIAN_POINT('',(-0.32,-0.32,-3.));
#1856 = VECTOR('',#1857,1.);
#1857 = DIRECTION('',(0.,0.,1.));
#1858 = ORIENTED_EDGE('',*,*,#778,.T.);
#1859 = ORIENTED_EDGE('',*,*,#1829,.T.);
#1860 = ORIENTED_EDGE('',*,*,#1861,.F.);
#1861 = EDGE_CURVE('',#1852,#1830,#1862,.T.);
#1862 = LINE('',#1863,#1864);
#1863 = CARTESIAN_POINT('',(-0.32,-0.32,8.38));
#1864 = VECTOR('',#1865,1.);
#1865 = DIRECTION('',(0.,1.,0.));
#1866 = PLANE('',#1867);
#1867 = AXIS2_PLACEMENT_3D('',#1868,#1869,#1870);
#1868 = CARTESIAN_POINT('',(-0.32,-0.32,-3.));
#1869 = DIRECTION('',(1.,0.,0.));
#1870 = DIRECTION('',(0.,0.,1.));
#1871 = ADVANCED_FACE('',(#1872),#1883,.F.);
#1872 = FACE_BOUND('',#1873,.F.);
#1873 = EDGE_LOOP('',(#1874,#1875,#1876,#1877));
#1874 = ORIENTED_EDGE('',*,*,#1796,.F.);
#1875 = ORIENTED_EDGE('',*,*,#770,.T.);
#1876 = ORIENTED_EDGE('',*,*,#1851,.T.);
#1877 = ORIENTED_EDGE('',*,*,#1878,.T.);
#1878 = EDGE_CURVE('',#1852,#1797,#1879,.T.);
#1879 = LINE('',#1880,#1881);
#1880 = CARTESIAN_POINT('',(-0.32,-0.32,8.38));
#1881 = VECTOR('',#1882,1.);
#1882 = DIRECTION('',(1.,0.,0.));
#1883 = PLANE('',#1884);
#1884 = AXIS2_PLACEMENT_3D('',#1885,#1886,#1887);
#1885 = CARTESIAN_POINT('',(-0.32,-0.32,-3.));
#1886 = DIRECTION('',(0.,1.,0.));
#1887 = DIRECTION('',(0.,-0.,1.));
#1888 = ADVANCED_FACE('',(#1889),#1914,.T.);
#1889 = FACE_BOUND('',#1890,.T.);
#1890 = EDGE_LOOP('',(#1891,#1899,#1900,#1908));
#1891 = ORIENTED_EDGE('',*,*,#1892,.F.);
#1892 = EDGE_CURVE('',#795,#1893,#1895,.T.);
#1893 = VERTEX_POINT('',#1894);
#1894 = CARTESIAN_POINT('',(0.32,-2.22,8.38));
#1895 = LINE('',#1896,#1897);
#1896 = CARTESIAN_POINT('',(0.32,-2.22,-3.));
#1897 = VECTOR('',#1898,1.);
#1898 = DIRECTION('',(0.,0.,1.));
#1899 = ORIENTED_EDGE('',*,*,#794,.T.);
#1900 = ORIENTED_EDGE('',*,*,#1901,.T.);
#1901 = EDGE_CURVE('',#797,#1902,#1904,.T.);
#1902 = VERTEX_POINT('',#1903);
#1903 = CARTESIAN_POINT('',(-0.32,-2.22,8.38));
#1904 = LINE('',#1905,#1906);
#1905 = CARTESIAN_POINT('',(-0.32,-2.22,-3.));
#1906 = VECTOR('',#1907,1.);
#1907 = DIRECTION('',(0.,0.,1.));
#1908 = ORIENTED_EDGE('',*,*,#1909,.T.);
#1909 = EDGE_CURVE('',#1902,#1893,#1910,.T.);
#1910 = LINE('',#1911,#1912);
#1911 = CARTESIAN_POINT('',(-0.32,-2.22,8.38));
#1912 = VECTOR('',#1913,1.);
#1913 = DIRECTION('',(1.,0.,0.));
#1914 = PLANE('',#1915);
#1915 = AXIS2_PLACEMENT_3D('',#1916,#1917,#1918);
#1916 = CARTESIAN_POINT('',(-0.32,-2.22,-3.));
#1917 = DIRECTION('',(0.,1.,0.));
#1918 = DIRECTION('',(0.,-0.,1.));
#1919 = ADVANCED_FACE('',(#1920),#1938,.F.);
#1920 = FACE_BOUND('',#1921,.F.);
#1921 = EDGE_LOOP('',(#1922,#1930,#1931,#1932));
#1922 = ORIENTED_EDGE('',*,*,#1923,.F.);
#1923 = EDGE_CURVE('',#813,#1924,#1926,.T.);
#1924 = VERTEX_POINT('',#1925);
#1925 = CARTESIAN_POINT('',(-0.32,-2.86,8.38));
#1926 = LINE('',#1927,#1928);
#1927 = CARTESIAN_POINT('',(-0.32,-2.86,-3.));
#1928 = VECTOR('',#1929,1.);
#1929 = DIRECTION('',(0.,0.,1.));
#1930 = ORIENTED_EDGE('',*,*,#820,.T.);
#1931 = ORIENTED_EDGE('',*,*,#1901,.T.);
#1932 = ORIENTED_EDGE('',*,*,#1933,.F.);
#1933 = EDGE_CURVE('',#1924,#1902,#1934,.T.);
#1934 = LINE('',#1935,#1936);
#1935 = CARTESIAN_POINT('',(-0.32,-2.86,8.38));
#1936 = VECTOR('',#1937,1.);
#1937 = DIRECTION('',(0.,1.,0.));
#1938 = PLANE('',#1939);
#1939 = AXIS2_PLACEMENT_3D('',#1940,#1941,#1942);
#1940 = CARTESIAN_POINT('',(-0.32,-2.86,-3.));
#1941 = DIRECTION('',(1.,0.,0.));
#1942 = DIRECTION('',(0.,0.,1.));
#1943 = ADVANCED_FACE('',(#1944),#1962,.F.);
#1944 = FACE_BOUND('',#1945,.F.);
#1945 = EDGE_LOOP('',(#1946,#1954,#1955,#1956));
#1946 = ORIENTED_EDGE('',*,*,#1947,.F.);
#1947 = EDGE_CURVE('',#805,#1948,#1950,.T.);
#1948 = VERTEX_POINT('',#1949);
#1949 = CARTESIAN_POINT('',(0.32,-2.86,8.38));
#1950 = LINE('',#1951,#1952);
#1951 = CARTESIAN_POINT('',(0.32,-2.86,-3.));
#1952 = VECTOR('',#1953,1.);
#1953 = DIRECTION('',(0.,0.,1.));
#1954 = ORIENTED_EDGE('',*,*,#812,.T.);
#1955 = ORIENTED_EDGE('',*,*,#1923,.T.);
#1956 = ORIENTED_EDGE('',*,*,#1957,.T.);
#1957 = EDGE_CURVE('',#1924,#1948,#1958,.T.);
#1958 = LINE('',#1959,#1960);
#1959 = CARTESIAN_POINT('',(-0.32,-2.86,8.38));
#1960 = VECTOR('',#1961,1.);
#1961 = DIRECTION('',(1.,0.,0.));
#1962 = PLANE('',#1963);
#1963 = AXIS2_PLACEMENT_3D('',#1964,#1965,#1966);
#1964 = CARTESIAN_POINT('',(-0.32,-2.86,-3.));
#1965 = DIRECTION('',(0.,1.,0.));
#1966 = DIRECTION('',(0.,-0.,1.));
#1967 = ADVANCED_FACE('',(#1968),#1979,.T.);
#1968 = FACE_BOUND('',#1969,.T.);
#1969 = EDGE_LOOP('',(#1970,#1971,#1972,#1973));
#1970 = ORIENTED_EDGE('',*,*,#1947,.F.);
#1971 = ORIENTED_EDGE('',*,*,#804,.T.);
#1972 = ORIENTED_EDGE('',*,*,#1892,.T.);
#1973 = ORIENTED_EDGE('',*,*,#1974,.F.);
#1974 = EDGE_CURVE('',#1948,#1893,#1975,.T.);
#1975 = LINE('',#1976,#1977);
#1976 = CARTESIAN_POINT('',(0.32,-2.86,8.38));
#1977 = VECTOR('',#1978,1.);
#1978 = DIRECTION('',(0.,1.,0.));
#1979 = PLANE('',#1980);
#1980 = AXIS2_PLACEMENT_3D('',#1981,#1982,#1983);
#1981 = CARTESIAN_POINT('',(0.32,-2.86,-3.));
#1982 = DIRECTION('',(1.,0.,0.));
#1983 = DIRECTION('',(0.,0.,1.));
#1984 = ADVANCED_FACE('',(#1985),#2010,.F.);
#1985 = FACE_BOUND('',#1986,.T.);
#1986 = EDGE_LOOP('',(#1987,#1995,#1996,#2004));
#1987 = ORIENTED_EDGE('',*,*,#1988,.F.);
#1988 = EDGE_CURVE('',#1229,#1989,#1991,.T.);
#1989 = VERTEX_POINT('',#1990);
#1990 = CARTESIAN_POINT('',(-0.16,-4.92,-3.));
#1991 = LINE('',#1992,#1993);
#1992 = CARTESIAN_POINT('',(-0.16,-4.92,-3.));
#1993 = VECTOR('',#1994,1.);
#1994 = DIRECTION('',(0.57735026919,-0.57735026919,-0.57735026919));
#1995 = ORIENTED_EDGE('',*,*,#1228,.T.);
#1996 = ORIENTED_EDGE('',*,*,#1997,.T.);
#1997 = EDGE_CURVE('',#1221,#1998,#2000,.T.);
#1998 = VERTEX_POINT('',#1999);
#1999 = CARTESIAN_POINT('',(0.16,-4.92,-3.));
#2000 = LINE('',#2001,#2002);
#2001 = CARTESIAN_POINT('',(5.333333333333E-02,-5.026666666667,
    -3.106666666667));
#2002 = VECTOR('',#2003,1.);
#2003 = DIRECTION('',(-0.57735026919,-0.57735026919,-0.57735026919));
#2004 = ORIENTED_EDGE('',*,*,#2005,.F.);
#2005 = EDGE_CURVE('',#1989,#1998,#2006,.T.);
#2006 = LINE('',#2007,#2008);
#2007 = CARTESIAN_POINT('',(-0.32,-4.92,-3.));
#2008 = VECTOR('',#2009,1.);
#2009 = DIRECTION('',(1.,0.,0.));
#2010 = PLANE('',#2011);
#2011 = AXIS2_PLACEMENT_3D('',#2012,#2013,#2014);
#2012 = CARTESIAN_POINT('',(-0.32,-4.84,-2.92));
#2013 = DIRECTION('',(-1.735167508357E-18,-0.707106781187,0.707106781187
    ));
#2014 = DIRECTION('',(-1.,1.226948711654E-18,-1.226948711654E-18));
#2015 = ADVANCED_FACE('',(#2016),#2034,.T.);
#2016 = FACE_BOUND('',#2017,.T.);
#2017 = EDGE_LOOP('',(#2018,#2026,#2027,#2028));
#2018 = ORIENTED_EDGE('',*,*,#2019,.F.);
#2019 = EDGE_CURVE('',#1252,#2020,#2022,.T.);
#2020 = VERTEX_POINT('',#2021);
#2021 = CARTESIAN_POINT('',(-0.16,-5.24,-3.));
#2022 = LINE('',#2023,#2024);
#2023 = CARTESIAN_POINT('',(-0.266666666667,-5.346666666667,
    -2.893333333333));
#2024 = VECTOR('',#2025,1.);
#2025 = DIRECTION('',(0.57735026919,0.57735026919,-0.57735026919));
#2026 = ORIENTED_EDGE('',*,*,#1259,.T.);
#2027 = ORIENTED_EDGE('',*,*,#1988,.T.);
#2028 = ORIENTED_EDGE('',*,*,#2029,.F.);
#2029 = EDGE_CURVE('',#2020,#1989,#2030,.T.);
#2030 = LINE('',#2031,#2032);
#2031 = CARTESIAN_POINT('',(-0.16,-5.4,-3.));
#2032 = VECTOR('',#2033,1.);
#2033 = DIRECTION('',(0.,1.,0.));
#2034 = PLANE('',#2035);
#2035 = AXIS2_PLACEMENT_3D('',#2036,#2037,#2038);
#2036 = CARTESIAN_POINT('',(-0.24,-5.4,-2.92));
#2037 = DIRECTION('',(-0.707106781187,-1.735167508357E-18,
    -0.707106781187));
#2038 = DIRECTION('',(-1.226948711654E-18,1.,-1.226948711654E-18));
#2039 = ADVANCED_FACE('',(#2040),#2058,.T.);
#2040 = FACE_BOUND('',#2041,.F.);
#2041 = EDGE_LOOP('',(#2042,#2043,#2044,#2052));
#2042 = ORIENTED_EDGE('',*,*,#2019,.F.);
#2043 = ORIENTED_EDGE('',*,*,#1283,.T.);
#2044 = ORIENTED_EDGE('',*,*,#2045,.T.);
#2045 = EDGE_CURVE('',#1276,#2046,#2048,.T.);
#2046 = VERTEX_POINT('',#2047);
#2047 = CARTESIAN_POINT('',(0.16,-5.24,-3.));
#2048 = LINE('',#2049,#2050);
#2049 = CARTESIAN_POINT('',(0.16,-5.24,-3.));
#2050 = VECTOR('',#2051,1.);
#2051 = DIRECTION('',(-0.57735026919,0.57735026919,-0.57735026919));
#2052 = ORIENTED_EDGE('',*,*,#2053,.F.);
#2053 = EDGE_CURVE('',#2020,#2046,#2054,.T.);
#2054 = LINE('',#2055,#2056);
#2055 = CARTESIAN_POINT('',(-0.32,-5.24,-3.));
#2056 = VECTOR('',#2057,1.);
#2057 = DIRECTION('',(1.,0.,0.));
#2058 = PLANE('',#2059);
#2059 = AXIS2_PLACEMENT_3D('',#2060,#2061,#2062);
#2060 = CARTESIAN_POINT('',(-0.32,-5.32,-2.92));
#2061 = DIRECTION('',(1.735167508357E-18,-0.707106781187,-0.707106781187
    ));
#2062 = DIRECTION('',(-1.,-1.226948711654E-18,-1.226948711654E-18));
#2063 = ADVANCED_FACE('',(#2064),#2075,.F.);
#2064 = FACE_BOUND('',#2065,.F.);
#2065 = EDGE_LOOP('',(#2066,#2067,#2068,#2069));
#2066 = ORIENTED_EDGE('',*,*,#2045,.F.);
#2067 = ORIENTED_EDGE('',*,*,#1300,.T.);
#2068 = ORIENTED_EDGE('',*,*,#1997,.T.);
#2069 = ORIENTED_EDGE('',*,*,#2070,.F.);
#2070 = EDGE_CURVE('',#2046,#1998,#2071,.T.);
#2071 = LINE('',#2072,#2073);
#2072 = CARTESIAN_POINT('',(0.16,-5.4,-3.));
#2073 = VECTOR('',#2074,1.);
#2074 = DIRECTION('',(0.,1.,0.));
#2075 = PLANE('',#2076);
#2076 = AXIS2_PLACEMENT_3D('',#2077,#2078,#2079);
#2077 = CARTESIAN_POINT('',(0.24,-5.4,-2.92));
#2078 = DIRECTION('',(-0.707106781187,1.735167508357E-18,0.707106781187)
  );
#2079 = DIRECTION('',(1.226948711654E-18,1.,-1.226948711654E-18));
#2080 = ADVANCED_FACE('',(#2081),#2106,.F.);
#2081 = FACE_BOUND('',#2082,.F.);
#2082 = EDGE_LOOP('',(#2083,#2091,#2092,#2100));
#2083 = ORIENTED_EDGE('',*,*,#2084,.F.);
#2084 = EDGE_CURVE('',#1317,#2085,#2087,.T.);
#2085 = VERTEX_POINT('',#2086);
#2086 = CARTESIAN_POINT('',(0.16,-7.78,-3.));
#2087 = LINE('',#2088,#2089);
#2088 = CARTESIAN_POINT('',(0.16,-7.78,-3.));
#2089 = VECTOR('',#2090,1.);
#2090 = DIRECTION('',(-0.57735026919,0.57735026919,-0.57735026919));
#2091 = ORIENTED_EDGE('',*,*,#1324,.T.);
#2092 = ORIENTED_EDGE('',*,*,#2093,.T.);
#2093 = EDGE_CURVE('',#1325,#2094,#2096,.T.);
#2094 = VERTEX_POINT('',#2095);
#2095 = CARTESIAN_POINT('',(0.16,-7.46,-3.));
#2096 = LINE('',#2097,#2098);
#2097 = CARTESIAN_POINT('',(5.333333333333E-02,-7.566666666667,
    -3.106666666667));
#2098 = VECTOR('',#2099,1.);
#2099 = DIRECTION('',(-0.57735026919,-0.57735026919,-0.57735026919));
#2100 = ORIENTED_EDGE('',*,*,#2101,.F.);
#2101 = EDGE_CURVE('',#2085,#2094,#2102,.T.);
#2102 = LINE('',#2103,#2104);
#2103 = CARTESIAN_POINT('',(0.16,-7.94,-3.));
#2104 = VECTOR('',#2105,1.);
#2105 = DIRECTION('',(0.,1.,0.));
#2106 = PLANE('',#2107);
#2107 = AXIS2_PLACEMENT_3D('',#2108,#2109,#2110);
#2108 = CARTESIAN_POINT('',(0.24,-7.94,-2.92));
#2109 = DIRECTION('',(-0.707106781187,1.735167508357E-18,0.707106781187)
  );
#2110 = DIRECTION('',(1.226948711654E-18,1.,-1.226948711654E-18));
#2111 = ADVANCED_FACE('',(#2112),#2130,.F.);
#2112 = FACE_BOUND('',#2113,.T.);
#2113 = EDGE_LOOP('',(#2114,#2122,#2123,#2124));
#2114 = ORIENTED_EDGE('',*,*,#2115,.F.);
#2115 = EDGE_CURVE('',#1349,#2116,#2118,.T.);
#2116 = VERTEX_POINT('',#2117);
#2117 = CARTESIAN_POINT('',(-0.16,-7.46,-3.));
#2118 = LINE('',#2119,#2120);
#2119 = CARTESIAN_POINT('',(-0.16,-7.46,-3.));
#2120 = VECTOR('',#2121,1.);
#2121 = DIRECTION('',(0.57735026919,-0.57735026919,-0.57735026919));
#2122 = ORIENTED_EDGE('',*,*,#1348,.T.);
#2123 = ORIENTED_EDGE('',*,*,#2093,.T.);
#2124 = ORIENTED_EDGE('',*,*,#2125,.F.);
#2125 = EDGE_CURVE('',#2116,#2094,#2126,.T.);
#2126 = LINE('',#2127,#2128);
#2127 = CARTESIAN_POINT('',(-0.32,-7.46,-3.));
#2128 = VECTOR('',#2129,1.);
#2129 = DIRECTION('',(1.,0.,0.));
#2130 = PLANE('',#2131);
#2131 = AXIS2_PLACEMENT_3D('',#2132,#2133,#2134);
#2132 = CARTESIAN_POINT('',(-0.32,-7.38,-2.92));
#2133 = DIRECTION('',(-1.735167508357E-18,-0.707106781187,0.707106781187
    ));
#2134 = DIRECTION('',(-1.,1.226948711654E-18,-1.226948711654E-18));
#2135 = ADVANCED_FACE('',(#2136),#2154,.T.);
#2136 = FACE_BOUND('',#2137,.T.);
#2137 = EDGE_LOOP('',(#2138,#2146,#2147,#2148));
#2138 = ORIENTED_EDGE('',*,*,#2139,.F.);
#2139 = EDGE_CURVE('',#1372,#2140,#2142,.T.);
#2140 = VERTEX_POINT('',#2141);
#2141 = CARTESIAN_POINT('',(-0.16,-7.78,-3.));
#2142 = LINE('',#2143,#2144);
#2143 = CARTESIAN_POINT('',(-0.266666666667,-7.886666666667,
    -2.893333333333));
#2144 = VECTOR('',#2145,1.);
#2145 = DIRECTION('',(0.57735026919,0.57735026919,-0.57735026919));
#2146 = ORIENTED_EDGE('',*,*,#1379,.T.);
#2147 = ORIENTED_EDGE('',*,*,#2115,.T.);
#2148 = ORIENTED_EDGE('',*,*,#2149,.F.);
#2149 = EDGE_CURVE('',#2140,#2116,#2150,.T.);
#2150 = LINE('',#2151,#2152);
#2151 = CARTESIAN_POINT('',(-0.16,-7.94,-3.));
#2152 = VECTOR('',#2153,1.);
#2153 = DIRECTION('',(0.,1.,0.));
#2154 = PLANE('',#2155);
#2155 = AXIS2_PLACEMENT_3D('',#2156,#2157,#2158);
#2156 = CARTESIAN_POINT('',(-0.24,-7.94,-2.92));
#2157 = DIRECTION('',(-0.707106781187,-1.735167508357E-18,
    -0.707106781187));
#2158 = DIRECTION('',(-1.226948711654E-18,1.,-1.226948711654E-18));
#2159 = ADVANCED_FACE('',(#2160),#2171,.T.);
#2160 = FACE_BOUND('',#2161,.F.);
#2161 = EDGE_LOOP('',(#2162,#2163,#2164,#2165));
#2162 = ORIENTED_EDGE('',*,*,#2139,.F.);
#2163 = ORIENTED_EDGE('',*,*,#1396,.T.);
#2164 = ORIENTED_EDGE('',*,*,#2084,.T.);
#2165 = ORIENTED_EDGE('',*,*,#2166,.F.);
#2166 = EDGE_CURVE('',#2140,#2085,#2167,.T.);
#2167 = LINE('',#2168,#2169);
#2168 = CARTESIAN_POINT('',(-0.32,-7.78,-3.));
#2169 = VECTOR('',#2170,1.);
#2170 = DIRECTION('',(1.,0.,0.));
#2171 = PLANE('',#2172);
#2172 = AXIS2_PLACEMENT_3D('',#2173,#2174,#2175);
#2173 = CARTESIAN_POINT('',(-0.32,-7.86,-2.92));
#2174 = DIRECTION('',(1.735167508357E-18,-0.707106781187,-0.707106781187
    ));
#2175 = DIRECTION('',(-1.,-1.226948711654E-18,-1.226948711654E-18));
#2176 = ADVANCED_FACE('',(#2177),#2202,.F.);
#2177 = FACE_BOUND('',#2178,.F.);
#2178 = EDGE_LOOP('',(#2179,#2187,#2188,#2196));
#2179 = ORIENTED_EDGE('',*,*,#2180,.F.);
#2180 = EDGE_CURVE('',#1413,#2181,#2183,.T.);
#2181 = VERTEX_POINT('',#2182);
#2182 = CARTESIAN_POINT('',(0.16,-0.16,-3.));
#2183 = LINE('',#2184,#2185);
#2184 = CARTESIAN_POINT('',(0.16,-0.16,-3.));
#2185 = VECTOR('',#2186,1.);
#2186 = DIRECTION('',(-0.57735026919,0.57735026919,-0.57735026919));
#2187 = ORIENTED_EDGE('',*,*,#1420,.T.);
#2188 = ORIENTED_EDGE('',*,*,#2189,.T.);
#2189 = EDGE_CURVE('',#1421,#2190,#2192,.T.);
#2190 = VERTEX_POINT('',#2191);
#2191 = CARTESIAN_POINT('',(0.16,0.16,-3.));
#2192 = LINE('',#2193,#2194);
#2193 = CARTESIAN_POINT('',(5.333333333333E-02,5.333333333333E-02,
    -3.106666666667));
#2194 = VECTOR('',#2195,1.);
#2195 = DIRECTION('',(-0.57735026919,-0.57735026919,-0.57735026919));
#2196 = ORIENTED_EDGE('',*,*,#2197,.F.);
#2197 = EDGE_CURVE('',#2181,#2190,#2198,.T.);
#2198 = LINE('',#2199,#2200);
#2199 = CARTESIAN_POINT('',(0.16,-0.32,-3.));
#2200 = VECTOR('',#2201,1.);
#2201 = DIRECTION('',(0.,1.,0.));
#2202 = PLANE('',#2203);
#2203 = AXIS2_PLACEMENT_3D('',#2204,#2205,#2206);
#2204 = CARTESIAN_POINT('',(0.24,-0.32,-2.92));
#2205 = DIRECTION('',(-0.707106781187,1.735167508357E-18,0.707106781187)
  );
#2206 = DIRECTION('',(1.226948711654E-18,1.,-1.226948711654E-18));
#2207 = ADVANCED_FACE('',(#2208),#2226,.F.);
#2208 = FACE_BOUND('',#2209,.T.);
#2209 = EDGE_LOOP('',(#2210,#2218,#2219,#2220));
#2210 = ORIENTED_EDGE('',*,*,#2211,.F.);
#2211 = EDGE_CURVE('',#1445,#2212,#2214,.T.);
#2212 = VERTEX_POINT('',#2213);
#2213 = CARTESIAN_POINT('',(-0.16,0.16,-3.));
#2214 = LINE('',#2215,#2216);
#2215 = CARTESIAN_POINT('',(-0.16,0.16,-3.));
#2216 = VECTOR('',#2217,1.);
#2217 = DIRECTION('',(0.57735026919,-0.57735026919,-0.57735026919));
#2218 = ORIENTED_EDGE('',*,*,#1444,.T.);
#2219 = ORIENTED_EDGE('',*,*,#2189,.T.);
#2220 = ORIENTED_EDGE('',*,*,#2221,.F.);
#2221 = EDGE_CURVE('',#2212,#2190,#2222,.T.);
#2222 = LINE('',#2223,#2224);
#2223 = CARTESIAN_POINT('',(-0.32,0.16,-3.));
#2224 = VECTOR('',#2225,1.);
#2225 = DIRECTION('',(1.,0.,0.));
#2226 = PLANE('',#2227);
#2227 = AXIS2_PLACEMENT_3D('',#2228,#2229,#2230);
#2228 = CARTESIAN_POINT('',(-0.32,0.24,-2.92));
#2229 = DIRECTION('',(-1.735167508357E-18,-0.707106781187,0.707106781187
    ));
#2230 = DIRECTION('',(-1.,1.226948711654E-18,-1.226948711654E-18));
#2231 = ADVANCED_FACE('',(#2232),#2250,.T.);
#2232 = FACE_BOUND('',#2233,.T.);
#2233 = EDGE_LOOP('',(#2234,#2242,#2243,#2244));
#2234 = ORIENTED_EDGE('',*,*,#2235,.F.);
#2235 = EDGE_CURVE('',#1468,#2236,#2238,.T.);
#2236 = VERTEX_POINT('',#2237);
#2237 = CARTESIAN_POINT('',(-0.16,-0.16,-3.));
#2238 = LINE('',#2239,#2240);
#2239 = CARTESIAN_POINT('',(-0.266666666667,-0.266666666667,
    -2.893333333333));
#2240 = VECTOR('',#2241,1.);
#2241 = DIRECTION('',(0.57735026919,0.57735026919,-0.57735026919));
#2242 = ORIENTED_EDGE('',*,*,#1475,.T.);
#2243 = ORIENTED_EDGE('',*,*,#2211,.T.);
#2244 = ORIENTED_EDGE('',*,*,#2245,.F.);
#2245 = EDGE_CURVE('',#2236,#2212,#2246,.T.);
#2246 = LINE('',#2247,#2248);
#2247 = CARTESIAN_POINT('',(-0.16,-0.32,-3.));
#2248 = VECTOR('',#2249,1.);
#2249 = DIRECTION('',(0.,1.,0.));
#2250 = PLANE('',#2251);
#2251 = AXIS2_PLACEMENT_3D('',#2252,#2253,#2254);
#2252 = CARTESIAN_POINT('',(-0.24,-0.32,-2.92));
#2253 = DIRECTION('',(-0.707106781187,-1.735167508357E-18,
    -0.707106781187));
#2254 = DIRECTION('',(-1.226948711654E-18,1.,-1.226948711654E-18));
#2255 = ADVANCED_FACE('',(#2256),#2267,.T.);
#2256 = FACE_BOUND('',#2257,.F.);
#2257 = EDGE_LOOP('',(#2258,#2259,#2260,#2261));
#2258 = ORIENTED_EDGE('',*,*,#2235,.F.);
#2259 = ORIENTED_EDGE('',*,*,#1492,.T.);
#2260 = ORIENTED_EDGE('',*,*,#2180,.T.);
#2261 = ORIENTED_EDGE('',*,*,#2262,.F.);
#2262 = EDGE_CURVE('',#2236,#2181,#2263,.T.);
#2263 = LINE('',#2264,#2265);
#2264 = CARTESIAN_POINT('',(-0.32,-0.16,-3.));
#2265 = VECTOR('',#2266,1.);
#2266 = DIRECTION('',(1.,0.,0.));
#2267 = PLANE('',#2268);
#2268 = AXIS2_PLACEMENT_3D('',#2269,#2270,#2271);
#2269 = CARTESIAN_POINT('',(-0.32,-0.24,-2.92));
#2270 = DIRECTION('',(1.735167508357E-18,-0.707106781187,-0.707106781187
    ));
#2271 = DIRECTION('',(-1.,-1.226948711654E-18,-1.226948711654E-18));
#2272 = ADVANCED_FACE('',(#2273),#2298,.F.);
#2273 = FACE_BOUND('',#2274,.T.);
#2274 = EDGE_LOOP('',(#2275,#2283,#2284,#2292));
#2275 = ORIENTED_EDGE('',*,*,#2276,.F.);
#2276 = EDGE_CURVE('',#1517,#2277,#2279,.T.);
#2277 = VERTEX_POINT('',#2278);
#2278 = CARTESIAN_POINT('',(-0.16,-2.38,-3.));
#2279 = LINE('',#2280,#2281);
#2280 = CARTESIAN_POINT('',(-0.16,-2.38,-3.));
#2281 = VECTOR('',#2282,1.);
#2282 = DIRECTION('',(0.57735026919,-0.57735026919,-0.57735026919));
#2283 = ORIENTED_EDGE('',*,*,#1516,.T.);
#2284 = ORIENTED_EDGE('',*,*,#2285,.T.);
#2285 = EDGE_CURVE('',#1509,#2286,#2288,.T.);
#2286 = VERTEX_POINT('',#2287);
#2287 = CARTESIAN_POINT('',(0.16,-2.38,-3.));
#2288 = LINE('',#2289,#2290);
#2289 = CARTESIAN_POINT('',(5.333333333333E-02,-2.486666666667,
    -3.106666666667));
#2290 = VECTOR('',#2291,1.);
#2291 = DIRECTION('',(-0.57735026919,-0.57735026919,-0.57735026919));
#2292 = ORIENTED_EDGE('',*,*,#2293,.F.);
#2293 = EDGE_CURVE('',#2277,#2286,#2294,.T.);
#2294 = LINE('',#2295,#2296);
#2295 = CARTESIAN_POINT('',(-0.32,-2.38,-3.));
#2296 = VECTOR('',#2297,1.);
#2297 = DIRECTION('',(1.,0.,0.));
#2298 = PLANE('',#2299);
#2299 = AXIS2_PLACEMENT_3D('',#2300,#2301,#2302);
#2300 = CARTESIAN_POINT('',(-0.32,-2.3,-2.92));
#2301 = DIRECTION('',(-1.735167508357E-18,-0.707106781187,0.707106781187
    ));
#2302 = DIRECTION('',(-1.,1.226948711654E-18,-1.226948711654E-18));
#2303 = ADVANCED_FACE('',(#2304),#2322,.T.);
#2304 = FACE_BOUND('',#2305,.T.);
#2305 = EDGE_LOOP('',(#2306,#2314,#2315,#2316));
#2306 = ORIENTED_EDGE('',*,*,#2307,.F.);
#2307 = EDGE_CURVE('',#1540,#2308,#2310,.T.);
#2308 = VERTEX_POINT('',#2309);
#2309 = CARTESIAN_POINT('',(-0.16,-2.7,-3.));
#2310 = LINE('',#2311,#2312);
#2311 = CARTESIAN_POINT('',(-0.266666666667,-2.806666666667,
    -2.893333333333));
#2312 = VECTOR('',#2313,1.);
#2313 = DIRECTION('',(0.57735026919,0.57735026919,-0.57735026919));
#2314 = ORIENTED_EDGE('',*,*,#1547,.T.);
#2315 = ORIENTED_EDGE('',*,*,#2276,.T.);
#2316 = ORIENTED_EDGE('',*,*,#2317,.F.);
#2317 = EDGE_CURVE('',#2308,#2277,#2318,.T.);
#2318 = LINE('',#2319,#2320);
#2319 = CARTESIAN_POINT('',(-0.16,-2.86,-3.));
#2320 = VECTOR('',#2321,1.);
#2321 = DIRECTION('',(0.,1.,0.));
#2322 = PLANE('',#2323);
#2323 = AXIS2_PLACEMENT_3D('',#2324,#2325,#2326);
#2324 = CARTESIAN_POINT('',(-0.24,-2.86,-2.92));
#2325 = DIRECTION('',(-0.707106781187,-1.735167508357E-18,
    -0.707106781187));
#2326 = DIRECTION('',(-1.226948711654E-18,1.,-1.226948711654E-18));
#2327 = ADVANCED_FACE('',(#2328),#2346,.T.);
#2328 = FACE_BOUND('',#2329,.F.);
#2329 = EDGE_LOOP('',(#2330,#2331,#2332,#2340));
#2330 = ORIENTED_EDGE('',*,*,#2307,.F.);
#2331 = ORIENTED_EDGE('',*,*,#1571,.T.);
#2332 = ORIENTED_EDGE('',*,*,#2333,.T.);
#2333 = EDGE_CURVE('',#1564,#2334,#2336,.T.);
#2334 = VERTEX_POINT('',#2335);
#2335 = CARTESIAN_POINT('',(0.16,-2.7,-3.));
#2336 = LINE('',#2337,#2338);
#2337 = CARTESIAN_POINT('',(0.16,-2.7,-3.));
#2338 = VECTOR('',#2339,1.);
#2339 = DIRECTION('',(-0.57735026919,0.57735026919,-0.57735026919));
#2340 = ORIENTED_EDGE('',*,*,#2341,.F.);
#2341 = EDGE_CURVE('',#2308,#2334,#2342,.T.);
#2342 = LINE('',#2343,#2344);
#2343 = CARTESIAN_POINT('',(-0.32,-2.7,-3.));
#2344 = VECTOR('',#2345,1.);
#2345 = DIRECTION('',(1.,0.,0.));
#2346 = PLANE('',#2347);
#2347 = AXIS2_PLACEMENT_3D('',#2348,#2349,#2350);
#2348 = CARTESIAN_POINT('',(-0.32,-2.78,-2.92));
#2349 = DIRECTION('',(1.735167508357E-18,-0.707106781187,-0.707106781187
    ));
#2350 = DIRECTION('',(-1.,-1.226948711654E-18,-1.226948711654E-18));
#2351 = ADVANCED_FACE('',(#2352),#2363,.F.);
#2352 = FACE_BOUND('',#2353,.F.);
#2353 = EDGE_LOOP('',(#2354,#2355,#2356,#2357));
#2354 = ORIENTED_EDGE('',*,*,#2333,.F.);
#2355 = ORIENTED_EDGE('',*,*,#1588,.T.);
#2356 = ORIENTED_EDGE('',*,*,#2285,.T.);
#2357 = ORIENTED_EDGE('',*,*,#2358,.F.);
#2358 = EDGE_CURVE('',#2334,#2286,#2359,.T.);
#2359 = LINE('',#2360,#2361);
#2360 = CARTESIAN_POINT('',(0.16,-2.86,-3.));
#2361 = VECTOR('',#2362,1.);
#2362 = DIRECTION('',(0.,1.,0.));
#2363 = PLANE('',#2364);
#2364 = AXIS2_PLACEMENT_3D('',#2365,#2366,#2367);
#2365 = CARTESIAN_POINT('',(0.24,-2.86,-2.92));
#2366 = DIRECTION('',(-0.707106781187,1.735167508357E-18,0.707106781187)
  );
#2367 = DIRECTION('',(1.226948711654E-18,1.,-1.226948711654E-18));
#2368 = ADVANCED_FACE('',(#2369),#2394,.T.);
#2369 = FACE_BOUND('',#2370,.F.);
#2370 = EDGE_LOOP('',(#2371,#2379,#2380,#2388));
#2371 = ORIENTED_EDGE('',*,*,#2372,.F.);
#2372 = EDGE_CURVE('',#1614,#2373,#2375,.T.);
#2373 = VERTEX_POINT('',#2374);
#2374 = CARTESIAN_POINT('',(-0.16,-4.92,8.54));
#2375 = LINE('',#2376,#2377);
#2376 = CARTESIAN_POINT('',(-0.16,-4.92,8.54));
#2377 = VECTOR('',#2378,1.);
#2378 = DIRECTION('',(0.57735026919,-0.57735026919,0.57735026919));
#2379 = ORIENTED_EDGE('',*,*,#1621,.T.);
#2380 = ORIENTED_EDGE('',*,*,#2381,.T.);
#2381 = EDGE_CURVE('',#1605,#2382,#2384,.T.);
#2382 = VERTEX_POINT('',#2383);
#2383 = CARTESIAN_POINT('',(0.16,-4.92,8.54));
#2384 = LINE('',#2385,#2386);
#2385 = CARTESIAN_POINT('',(5.333333333333E-02,-5.026666666667,
    8.646666666667));
#2386 = VECTOR('',#2387,1.);
#2387 = DIRECTION('',(-0.57735026919,-0.57735026919,0.57735026919));
#2388 = ORIENTED_EDGE('',*,*,#2389,.F.);
#2389 = EDGE_CURVE('',#2373,#2382,#2390,.T.);
#2390 = LINE('',#2391,#2392);
#2391 = CARTESIAN_POINT('',(-0.32,-4.92,8.54));
#2392 = VECTOR('',#2393,1.);
#2393 = DIRECTION('',(1.,0.,0.));
#2394 = PLANE('',#2395);
#2395 = AXIS2_PLACEMENT_3D('',#2396,#2397,#2398);
#2396 = CARTESIAN_POINT('',(-0.32,-4.84,8.46));
#2397 = DIRECTION('',(1.735167508357E-18,0.707106781187,0.707106781187)
  );
#2398 = DIRECTION('',(-1.,1.226948711654E-18,1.226948711654E-18));
#2399 = ADVANCED_FACE('',(#2400),#2418,.F.);
#2400 = FACE_BOUND('',#2401,.F.);
#2401 = EDGE_LOOP('',(#2402,#2410,#2411,#2412));
#2402 = ORIENTED_EDGE('',*,*,#2403,.F.);
#2403 = EDGE_CURVE('',#1636,#2404,#2406,.T.);
#2404 = VERTEX_POINT('',#2405);
#2405 = CARTESIAN_POINT('',(-0.16,-5.24,8.54));
#2406 = LINE('',#2407,#2408);
#2407 = CARTESIAN_POINT('',(-0.266666666667,-5.346666666667,
    8.433333333333));
#2408 = VECTOR('',#2409,1.);
#2409 = DIRECTION('',(0.57735026919,0.57735026919,0.57735026919));
#2410 = ORIENTED_EDGE('',*,*,#1645,.T.);
#2411 = ORIENTED_EDGE('',*,*,#2372,.T.);
#2412 = ORIENTED_EDGE('',*,*,#2413,.F.);
#2413 = EDGE_CURVE('',#2404,#2373,#2414,.T.);
#2414 = LINE('',#2415,#2416);
#2415 = CARTESIAN_POINT('',(-0.16,-5.4,8.54));
#2416 = VECTOR('',#2417,1.);
#2417 = DIRECTION('',(0.,1.,0.));
#2418 = PLANE('',#2419);
#2419 = AXIS2_PLACEMENT_3D('',#2420,#2421,#2422);
#2420 = CARTESIAN_POINT('',(-0.24,-5.4,8.46));
#2421 = DIRECTION('',(0.707106781187,1.735167508357E-18,-0.707106781187)
  );
#2422 = DIRECTION('',(-1.226948711654E-18,1.,1.226948711654E-18));
#2423 = ADVANCED_FACE('',(#2424),#2442,.F.);
#2424 = FACE_BOUND('',#2425,.T.);
#2425 = EDGE_LOOP('',(#2426,#2427,#2428,#2436));
#2426 = ORIENTED_EDGE('',*,*,#2403,.F.);
#2427 = ORIENTED_EDGE('',*,*,#1669,.T.);
#2428 = ORIENTED_EDGE('',*,*,#2429,.T.);
#2429 = EDGE_CURVE('',#1660,#2430,#2432,.T.);
#2430 = VERTEX_POINT('',#2431);
#2431 = CARTESIAN_POINT('',(0.16,-5.24,8.54));
#2432 = LINE('',#2433,#2434);
#2433 = CARTESIAN_POINT('',(0.16,-5.24,8.54));
#2434 = VECTOR('',#2435,1.);
#2435 = DIRECTION('',(-0.57735026919,0.57735026919,0.57735026919));
#2436 = ORIENTED_EDGE('',*,*,#2437,.F.);
#2437 = EDGE_CURVE('',#2404,#2430,#2438,.T.);
#2438 = LINE('',#2439,#2440);
#2439 = CARTESIAN_POINT('',(-0.32,-5.24,8.54));
#2440 = VECTOR('',#2441,1.);
#2441 = DIRECTION('',(1.,0.,0.));
#2442 = PLANE('',#2443);
#2443 = AXIS2_PLACEMENT_3D('',#2444,#2445,#2446);
#2444 = CARTESIAN_POINT('',(-0.32,-5.32,8.46));
#2445 = DIRECTION('',(-1.735167508357E-18,0.707106781187,-0.707106781187
    ));
#2446 = DIRECTION('',(-1.,-1.226948711654E-18,1.226948711654E-18));
#2447 = ADVANCED_FACE('',(#2448),#2459,.T.);
#2448 = FACE_BOUND('',#2449,.T.);
#2449 = EDGE_LOOP('',(#2450,#2451,#2452,#2453));
#2450 = ORIENTED_EDGE('',*,*,#2429,.F.);
#2451 = ORIENTED_EDGE('',*,*,#1686,.T.);
#2452 = ORIENTED_EDGE('',*,*,#2381,.T.);
#2453 = ORIENTED_EDGE('',*,*,#2454,.F.);
#2454 = EDGE_CURVE('',#2430,#2382,#2455,.T.);
#2455 = LINE('',#2456,#2457);
#2456 = CARTESIAN_POINT('',(0.16,-5.4,8.54));
#2457 = VECTOR('',#2458,1.);
#2458 = DIRECTION('',(0.,1.,0.));
#2459 = PLANE('',#2460);
#2460 = AXIS2_PLACEMENT_3D('',#2461,#2462,#2463);
#2461 = CARTESIAN_POINT('',(0.24,-5.4,8.46));
#2462 = DIRECTION('',(0.707106781187,-1.735167508357E-18,0.707106781187)
  );
#2463 = DIRECTION('',(1.226948711654E-18,1.,1.226948711654E-18));
#2464 = ADVANCED_FACE('',(#2465),#2490,.T.);
#2465 = FACE_BOUND('',#2466,.T.);
#2466 = EDGE_LOOP('',(#2467,#2475,#2476,#2484));
#2467 = ORIENTED_EDGE('',*,*,#2468,.F.);
#2468 = EDGE_CURVE('',#1701,#2469,#2471,.T.);
#2469 = VERTEX_POINT('',#2470);
#2470 = CARTESIAN_POINT('',(0.16,-7.78,8.54));
#2471 = LINE('',#2472,#2473);
#2472 = CARTESIAN_POINT('',(0.16,-7.78,8.54));
#2473 = VECTOR('',#2474,1.);
#2474 = DIRECTION('',(-0.57735026919,0.57735026919,0.57735026919));
#2475 = ORIENTED_EDGE('',*,*,#1717,.T.);
#2476 = ORIENTED_EDGE('',*,*,#2477,.T.);
#2477 = EDGE_CURVE('',#1710,#2478,#2480,.T.);
#2478 = VERTEX_POINT('',#2479);
#2479 = CARTESIAN_POINT('',(0.16,-7.46,8.54));
#2480 = LINE('',#2481,#2482);
#2481 = CARTESIAN_POINT('',(5.333333333333E-02,-7.566666666667,
    8.646666666667));
#2482 = VECTOR('',#2483,1.);
#2483 = DIRECTION('',(-0.57735026919,-0.57735026919,0.57735026919));
#2484 = ORIENTED_EDGE('',*,*,#2485,.F.);
#2485 = EDGE_CURVE('',#2469,#2478,#2486,.T.);
#2486 = LINE('',#2487,#2488);
#2487 = CARTESIAN_POINT('',(0.16,-7.94,8.54));
#2488 = VECTOR('',#2489,1.);
#2489 = DIRECTION('',(0.,1.,0.));
#2490 = PLANE('',#2491);
#2491 = AXIS2_PLACEMENT_3D('',#2492,#2493,#2494);
#2492 = CARTESIAN_POINT('',(0.24,-7.94,8.46));
#2493 = DIRECTION('',(0.707106781187,-1.735167508357E-18,0.707106781187)
  );
#2494 = DIRECTION('',(1.226948711654E-18,1.,1.226948711654E-18));
#2495 = ADVANCED_FACE('',(#2496),#2514,.T.);
#2496 = FACE_BOUND('',#2497,.F.);
#2497 = EDGE_LOOP('',(#2498,#2506,#2507,#2508));
#2498 = ORIENTED_EDGE('',*,*,#2499,.F.);
#2499 = EDGE_CURVE('',#1734,#2500,#2502,.T.);
#2500 = VERTEX_POINT('',#2501);
#2501 = CARTESIAN_POINT('',(-0.16,-7.46,8.54));
#2502 = LINE('',#2503,#2504);
#2503 = CARTESIAN_POINT('',(-0.16,-7.46,8.54));
#2504 = VECTOR('',#2505,1.);
#2505 = DIRECTION('',(0.57735026919,-0.57735026919,0.57735026919));
#2506 = ORIENTED_EDGE('',*,*,#1741,.T.);
#2507 = ORIENTED_EDGE('',*,*,#2477,.T.);
#2508 = ORIENTED_EDGE('',*,*,#2509,.F.);
#2509 = EDGE_CURVE('',#2500,#2478,#2510,.T.);
#2510 = LINE('',#2511,#2512);
#2511 = CARTESIAN_POINT('',(-0.32,-7.46,8.54));
#2512 = VECTOR('',#2513,1.);
#2513 = DIRECTION('',(1.,0.,0.));
#2514 = PLANE('',#2515);
#2515 = AXIS2_PLACEMENT_3D('',#2516,#2517,#2518);
#2516 = CARTESIAN_POINT('',(-0.32,-7.38,8.46));
#2517 = DIRECTION('',(1.735167508357E-18,0.707106781187,0.707106781187)
  );
#2518 = DIRECTION('',(-1.,1.226948711654E-18,1.226948711654E-18));
#2519 = ADVANCED_FACE('',(#2520),#2538,.F.);
#2520 = FACE_BOUND('',#2521,.F.);
#2521 = EDGE_LOOP('',(#2522,#2530,#2531,#2532));
#2522 = ORIENTED_EDGE('',*,*,#2523,.F.);
#2523 = EDGE_CURVE('',#1756,#2524,#2526,.T.);
#2524 = VERTEX_POINT('',#2525);
#2525 = CARTESIAN_POINT('',(-0.16,-7.78,8.54));
#2526 = LINE('',#2527,#2528);
#2527 = CARTESIAN_POINT('',(-0.266666666667,-7.886666666667,
    8.433333333333));
#2528 = VECTOR('',#2529,1.);
#2529 = DIRECTION('',(0.57735026919,0.57735026919,0.57735026919));
#2530 = ORIENTED_EDGE('',*,*,#1765,.T.);
#2531 = ORIENTED_EDGE('',*,*,#2499,.T.);
#2532 = ORIENTED_EDGE('',*,*,#2533,.F.);
#2533 = EDGE_CURVE('',#2524,#2500,#2534,.T.);
#2534 = LINE('',#2535,#2536);
#2535 = CARTESIAN_POINT('',(-0.16,-7.94,8.54));
#2536 = VECTOR('',#2537,1.);
#2537 = DIRECTION('',(0.,1.,0.));
#2538 = PLANE('',#2539);
#2539 = AXIS2_PLACEMENT_3D('',#2540,#2541,#2542);
#2540 = CARTESIAN_POINT('',(-0.24,-7.94,8.46));
#2541 = DIRECTION('',(0.707106781187,1.735167508357E-18,-0.707106781187)
  );
#2542 = DIRECTION('',(-1.226948711654E-18,1.,1.226948711654E-18));
#2543 = ADVANCED_FACE('',(#2544),#2555,.F.);
#2544 = FACE_BOUND('',#2545,.T.);
#2545 = EDGE_LOOP('',(#2546,#2547,#2548,#2549));
#2546 = ORIENTED_EDGE('',*,*,#2523,.F.);
#2547 = ORIENTED_EDGE('',*,*,#1782,.T.);
#2548 = ORIENTED_EDGE('',*,*,#2468,.T.);
#2549 = ORIENTED_EDGE('',*,*,#2550,.F.);
#2550 = EDGE_CURVE('',#2524,#2469,#2551,.T.);
#2551 = LINE('',#2552,#2553);
#2552 = CARTESIAN_POINT('',(-0.32,-7.78,8.54));
#2553 = VECTOR('',#2554,1.);
#2554 = DIRECTION('',(1.,0.,0.));
#2555 = PLANE('',#2556);
#2556 = AXIS2_PLACEMENT_3D('',#2557,#2558,#2559);
#2557 = CARTESIAN_POINT('',(-0.32,-7.86,8.46));
#2558 = DIRECTION('',(-1.735167508357E-18,0.707106781187,-0.707106781187
    ));
#2559 = DIRECTION('',(-1.,-1.226948711654E-18,1.226948711654E-18));
#2560 = ADVANCED_FACE('',(#2561),#2586,.T.);
#2561 = FACE_BOUND('',#2562,.T.);
#2562 = EDGE_LOOP('',(#2563,#2571,#2572,#2580));
#2563 = ORIENTED_EDGE('',*,*,#2564,.F.);
#2564 = EDGE_CURVE('',#1797,#2565,#2567,.T.);
#2565 = VERTEX_POINT('',#2566);
#2566 = CARTESIAN_POINT('',(0.16,-0.16,8.54));
#2567 = LINE('',#2568,#2569);
#2568 = CARTESIAN_POINT('',(0.16,-0.16,8.54));
#2569 = VECTOR('',#2570,1.);
#2570 = DIRECTION('',(-0.57735026919,0.57735026919,0.57735026919));
#2571 = ORIENTED_EDGE('',*,*,#1813,.T.);
#2572 = ORIENTED_EDGE('',*,*,#2573,.T.);
#2573 = EDGE_CURVE('',#1806,#2574,#2576,.T.);
#2574 = VERTEX_POINT('',#2575);
#2575 = CARTESIAN_POINT('',(0.16,0.16,8.54));
#2576 = LINE('',#2577,#2578);
#2577 = CARTESIAN_POINT('',(5.333333333333E-02,5.333333333333E-02,
    8.646666666667));
#2578 = VECTOR('',#2579,1.);
#2579 = DIRECTION('',(-0.57735026919,-0.57735026919,0.57735026919));
#2580 = ORIENTED_EDGE('',*,*,#2581,.F.);
#2581 = EDGE_CURVE('',#2565,#2574,#2582,.T.);
#2582 = LINE('',#2583,#2584);
#2583 = CARTESIAN_POINT('',(0.16,-0.32,8.54));
#2584 = VECTOR('',#2585,1.);
#2585 = DIRECTION('',(0.,1.,0.));
#2586 = PLANE('',#2587);
#2587 = AXIS2_PLACEMENT_3D('',#2588,#2589,#2590);
#2588 = CARTESIAN_POINT('',(0.24,-0.32,8.46));
#2589 = DIRECTION('',(0.707106781187,-1.735167508357E-18,0.707106781187)
  );
#2590 = DIRECTION('',(1.226948711654E-18,1.,1.226948711654E-18));
#2591 = ADVANCED_FACE('',(#2592),#2610,.T.);
#2592 = FACE_BOUND('',#2593,.F.);
#2593 = EDGE_LOOP('',(#2594,#2602,#2603,#2604));
#2594 = ORIENTED_EDGE('',*,*,#2595,.F.);
#2595 = EDGE_CURVE('',#1830,#2596,#2598,.T.);
#2596 = VERTEX_POINT('',#2597);
#2597 = CARTESIAN_POINT('',(-0.16,0.16,8.54));
#2598 = LINE('',#2599,#2600);
#2599 = CARTESIAN_POINT('',(-0.16,0.16,8.54));
#2600 = VECTOR('',#2601,1.);
#2601 = DIRECTION('',(0.57735026919,-0.57735026919,0.57735026919));
#2602 = ORIENTED_EDGE('',*,*,#1837,.T.);
#2603 = ORIENTED_EDGE('',*,*,#2573,.T.);
#2604 = ORIENTED_EDGE('',*,*,#2605,.F.);
#2605 = EDGE_CURVE('',#2596,#2574,#2606,.T.);
#2606 = LINE('',#2607,#2608);
#2607 = CARTESIAN_POINT('',(-0.32,0.16,8.54));
#2608 = VECTOR('',#2609,1.);
#2609 = DIRECTION('',(1.,0.,0.));
#2610 = PLANE('',#2611);
#2611 = AXIS2_PLACEMENT_3D('',#2612,#2613,#2614);
#2612 = CARTESIAN_POINT('',(-0.32,0.24,8.46));
#2613 = DIRECTION('',(1.735167508357E-18,0.707106781187,0.707106781187)
  );
#2614 = DIRECTION('',(-1.,1.226948711654E-18,1.226948711654E-18));
#2615 = ADVANCED_FACE('',(#2616),#2634,.F.);
#2616 = FACE_BOUND('',#2617,.F.);
#2617 = EDGE_LOOP('',(#2618,#2626,#2627,#2628));
#2618 = ORIENTED_EDGE('',*,*,#2619,.F.);
#2619 = EDGE_CURVE('',#1852,#2620,#2622,.T.);
#2620 = VERTEX_POINT('',#2621);
#2621 = CARTESIAN_POINT('',(-0.16,-0.16,8.54));
#2622 = LINE('',#2623,#2624);
#2623 = CARTESIAN_POINT('',(-0.266666666667,-0.266666666667,
    8.433333333333));
#2624 = VECTOR('',#2625,1.);
#2625 = DIRECTION('',(0.57735026919,0.57735026919,0.57735026919));
#2626 = ORIENTED_EDGE('',*,*,#1861,.T.);
#2627 = ORIENTED_EDGE('',*,*,#2595,.T.);
#2628 = ORIENTED_EDGE('',*,*,#2629,.F.);
#2629 = EDGE_CURVE('',#2620,#2596,#2630,.T.);
#2630 = LINE('',#2631,#2632);
#2631 = CARTESIAN_POINT('',(-0.16,-0.32,8.54));
#2632 = VECTOR('',#2633,1.);
#2633 = DIRECTION('',(0.,1.,0.));
#2634 = PLANE('',#2635);
#2635 = AXIS2_PLACEMENT_3D('',#2636,#2637,#2638);
#2636 = CARTESIAN_POINT('',(-0.24,-0.32,8.46));
#2637 = DIRECTION('',(0.707106781187,1.735167508357E-18,-0.707106781187)
  );
#2638 = DIRECTION('',(-1.226948711654E-18,1.,1.226948711654E-18));
#2639 = ADVANCED_FACE('',(#2640),#2651,.F.);
#2640 = FACE_BOUND('',#2641,.T.);
#2641 = EDGE_LOOP('',(#2642,#2643,#2644,#2645));
#2642 = ORIENTED_EDGE('',*,*,#2619,.F.);
#2643 = ORIENTED_EDGE('',*,*,#1878,.T.);
#2644 = ORIENTED_EDGE('',*,*,#2564,.T.);
#2645 = ORIENTED_EDGE('',*,*,#2646,.F.);
#2646 = EDGE_CURVE('',#2620,#2565,#2647,.T.);
#2647 = LINE('',#2648,#2649);
#2648 = CARTESIAN_POINT('',(-0.32,-0.16,8.54));
#2649 = VECTOR('',#2650,1.);
#2650 = DIRECTION('',(1.,0.,0.));
#2651 = PLANE('',#2652);
#2652 = AXIS2_PLACEMENT_3D('',#2653,#2654,#2655);
#2653 = CARTESIAN_POINT('',(-0.32,-0.24,8.46));
#2654 = DIRECTION('',(-1.735167508357E-18,0.707106781187,-0.707106781187
    ));
#2655 = DIRECTION('',(-1.,-1.226948711654E-18,1.226948711654E-18));
#2656 = ADVANCED_FACE('',(#2657),#2682,.T.);
#2657 = FACE_BOUND('',#2658,.F.);
#2658 = EDGE_LOOP('',(#2659,#2667,#2668,#2676));
#2659 = ORIENTED_EDGE('',*,*,#2660,.F.);
#2660 = EDGE_CURVE('',#1902,#2661,#2663,.T.);
#2661 = VERTEX_POINT('',#2662);
#2662 = CARTESIAN_POINT('',(-0.16,-2.38,8.54));
#2663 = LINE('',#2664,#2665);
#2664 = CARTESIAN_POINT('',(-0.16,-2.38,8.54));
#2665 = VECTOR('',#2666,1.);
#2666 = DIRECTION('',(0.57735026919,-0.57735026919,0.57735026919));
#2667 = ORIENTED_EDGE('',*,*,#1909,.T.);
#2668 = ORIENTED_EDGE('',*,*,#2669,.T.);
#2669 = EDGE_CURVE('',#1893,#2670,#2672,.T.);
#2670 = VERTEX_POINT('',#2671);
#2671 = CARTESIAN_POINT('',(0.16,-2.38,8.54));
#2672 = LINE('',#2673,#2674);
#2673 = CARTESIAN_POINT('',(5.333333333333E-02,-2.486666666667,
    8.646666666667));
#2674 = VECTOR('',#2675,1.);
#2675 = DIRECTION('',(-0.57735026919,-0.57735026919,0.57735026919));
#2676 = ORIENTED_EDGE('',*,*,#2677,.F.);
#2677 = EDGE_CURVE('',#2661,#2670,#2678,.T.);
#2678 = LINE('',#2679,#2680);
#2679 = CARTESIAN_POINT('',(-0.32,-2.38,8.54));
#2680 = VECTOR('',#2681,1.);
#2681 = DIRECTION('',(1.,0.,0.));
#2682 = PLANE('',#2683);
#2683 = AXIS2_PLACEMENT_3D('',#2684,#2685,#2686);
#2684 = CARTESIAN_POINT('',(-0.32,-2.3,8.46));
#2685 = DIRECTION('',(1.735167508357E-18,0.707106781187,0.707106781187)
  );
#2686 = DIRECTION('',(-1.,1.226948711654E-18,1.226948711654E-18));
#2687 = ADVANCED_FACE('',(#2688),#2706,.F.);
#2688 = FACE_BOUND('',#2689,.F.);
#2689 = EDGE_LOOP('',(#2690,#2698,#2699,#2700));
#2690 = ORIENTED_EDGE('',*,*,#2691,.F.);
#2691 = EDGE_CURVE('',#1924,#2692,#2694,.T.);
#2692 = VERTEX_POINT('',#2693);
#2693 = CARTESIAN_POINT('',(-0.16,-2.7,8.54));
#2694 = LINE('',#2695,#2696);
#2695 = CARTESIAN_POINT('',(-0.266666666667,-2.806666666667,
    8.433333333333));
#2696 = VECTOR('',#2697,1.);
#2697 = DIRECTION('',(0.57735026919,0.57735026919,0.57735026919));
#2698 = ORIENTED_EDGE('',*,*,#1933,.T.);
#2699 = ORIENTED_EDGE('',*,*,#2660,.T.);
#2700 = ORIENTED_EDGE('',*,*,#2701,.F.);
#2701 = EDGE_CURVE('',#2692,#2661,#2702,.T.);
#2702 = LINE('',#2703,#2704);
#2703 = CARTESIAN_POINT('',(-0.16,-2.86,8.54));
#2704 = VECTOR('',#2705,1.);
#2705 = DIRECTION('',(0.,1.,0.));
#2706 = PLANE('',#2707);
#2707 = AXIS2_PLACEMENT_3D('',#2708,#2709,#2710);
#2708 = CARTESIAN_POINT('',(-0.24,-2.86,8.46));
#2709 = DIRECTION('',(0.707106781187,1.735167508357E-18,-0.707106781187)
  );
#2710 = DIRECTION('',(-1.226948711654E-18,1.,1.226948711654E-18));
#2711 = ADVANCED_FACE('',(#2712),#2730,.F.);
#2712 = FACE_BOUND('',#2713,.T.);
#2713 = EDGE_LOOP('',(#2714,#2715,#2716,#2724));
#2714 = ORIENTED_EDGE('',*,*,#2691,.F.);
#2715 = ORIENTED_EDGE('',*,*,#1957,.T.);
#2716 = ORIENTED_EDGE('',*,*,#2717,.T.);
#2717 = EDGE_CURVE('',#1948,#2718,#2720,.T.);
#2718 = VERTEX_POINT('',#2719);
#2719 = CARTESIAN_POINT('',(0.16,-2.7,8.54));
#2720 = LINE('',#2721,#2722);
#2721 = CARTESIAN_POINT('',(0.16,-2.7,8.54));
#2722 = VECTOR('',#2723,1.);
#2723 = DIRECTION('',(-0.57735026919,0.57735026919,0.57735026919));
#2724 = ORIENTED_EDGE('',*,*,#2725,.F.);
#2725 = EDGE_CURVE('',#2692,#2718,#2726,.T.);
#2726 = LINE('',#2727,#2728);
#2727 = CARTESIAN_POINT('',(-0.32,-2.7,8.54));
#2728 = VECTOR('',#2729,1.);
#2729 = DIRECTION('',(1.,0.,0.));
#2730 = PLANE('',#2731);
#2731 = AXIS2_PLACEMENT_3D('',#2732,#2733,#2734);
#2732 = CARTESIAN_POINT('',(-0.32,-2.78,8.46));
#2733 = DIRECTION('',(-1.735167508357E-18,0.707106781187,-0.707106781187
    ));
#2734 = DIRECTION('',(-1.,-1.226948711654E-18,1.226948711654E-18));
#2735 = ADVANCED_FACE('',(#2736),#2747,.T.);
#2736 = FACE_BOUND('',#2737,.T.);
#2737 = EDGE_LOOP('',(#2738,#2739,#2740,#2741));
#2738 = ORIENTED_EDGE('',*,*,#2717,.F.);
#2739 = ORIENTED_EDGE('',*,*,#1974,.T.);
#2740 = ORIENTED_EDGE('',*,*,#2669,.T.);
#2741 = ORIENTED_EDGE('',*,*,#2742,.F.);
#2742 = EDGE_CURVE('',#2718,#2670,#2743,.T.);
#2743 = LINE('',#2744,#2745);
#2744 = CARTESIAN_POINT('',(0.16,-2.86,8.54));
#2745 = VECTOR('',#2746,1.);
#2746 = DIRECTION('',(0.,1.,0.));
#2747 = PLANE('',#2748);
#2748 = AXIS2_PLACEMENT_3D('',#2749,#2750,#2751);
#2749 = CARTESIAN_POINT('',(0.24,-2.86,8.46));
#2750 = DIRECTION('',(0.707106781187,-1.735167508357E-18,0.707106781187)
  );
#2751 = DIRECTION('',(1.226948711654E-18,1.,1.226948711654E-18));
#2752 = ADVANCED_FACE('',(#2753),#2759,.F.);
#2753 = FACE_BOUND('',#2754,.F.);
#2754 = EDGE_LOOP('',(#2755,#2756,#2757,#2758));
#2755 = ORIENTED_EDGE('',*,*,#2070,.T.);
#2756 = ORIENTED_EDGE('',*,*,#2005,.F.);
#2757 = ORIENTED_EDGE('',*,*,#2029,.F.);
#2758 = ORIENTED_EDGE('',*,*,#2053,.T.);
#2759 = PLANE('',#2760);
#2760 = AXIS2_PLACEMENT_3D('',#2761,#2762,#2763);
#2761 = CARTESIAN_POINT('',(-0.32,-5.4,-3.));
#2762 = DIRECTION('',(0.,0.,1.));
#2763 = DIRECTION('',(1.,0.,-0.));
#2764 = ADVANCED_FACE('',(#2765),#2771,.F.);
#2765 = FACE_BOUND('',#2766,.F.);
#2766 = EDGE_LOOP('',(#2767,#2768,#2769,#2770));
#2767 = ORIENTED_EDGE('',*,*,#2101,.T.);
#2768 = ORIENTED_EDGE('',*,*,#2125,.F.);
#2769 = ORIENTED_EDGE('',*,*,#2149,.F.);
#2770 = ORIENTED_EDGE('',*,*,#2166,.T.);
#2771 = PLANE('',#2772);
#2772 = AXIS2_PLACEMENT_3D('',#2773,#2774,#2775);
#2773 = CARTESIAN_POINT('',(-0.32,-7.94,-3.));
#2774 = DIRECTION('',(0.,0.,1.));
#2775 = DIRECTION('',(1.,0.,-0.));
#2776 = ADVANCED_FACE('',(#2777),#2783,.F.);
#2777 = FACE_BOUND('',#2778,.F.);
#2778 = EDGE_LOOP('',(#2779,#2780,#2781,#2782));
#2779 = ORIENTED_EDGE('',*,*,#2197,.T.);
#2780 = ORIENTED_EDGE('',*,*,#2221,.F.);
#2781 = ORIENTED_EDGE('',*,*,#2245,.F.);
#2782 = ORIENTED_EDGE('',*,*,#2262,.T.);
#2783 = PLANE('',#2784);
#2784 = AXIS2_PLACEMENT_3D('',#2785,#2786,#2787);
#2785 = CARTESIAN_POINT('',(-0.32,-0.32,-3.));
#2786 = DIRECTION('',(0.,0.,1.));
#2787 = DIRECTION('',(1.,0.,-0.));
#2788 = ADVANCED_FACE('',(#2789),#2795,.F.);
#2789 = FACE_BOUND('',#2790,.F.);
#2790 = EDGE_LOOP('',(#2791,#2792,#2793,#2794));
#2791 = ORIENTED_EDGE('',*,*,#2358,.T.);
#2792 = ORIENTED_EDGE('',*,*,#2293,.F.);
#2793 = ORIENTED_EDGE('',*,*,#2317,.F.);
#2794 = ORIENTED_EDGE('',*,*,#2341,.T.);
#2795 = PLANE('',#2796);
#2796 = AXIS2_PLACEMENT_3D('',#2797,#2798,#2799);
#2797 = CARTESIAN_POINT('',(-0.32,-2.86,-3.));
#2798 = DIRECTION('',(0.,0.,1.));
#2799 = DIRECTION('',(1.,0.,-0.));
#2800 = ADVANCED_FACE('',(#2801),#2807,.T.);
#2801 = FACE_BOUND('',#2802,.T.);
#2802 = EDGE_LOOP('',(#2803,#2804,#2805,#2806));
#2803 = ORIENTED_EDGE('',*,*,#2454,.T.);
#2804 = ORIENTED_EDGE('',*,*,#2389,.F.);
#2805 = ORIENTED_EDGE('',*,*,#2413,.F.);
#2806 = ORIENTED_EDGE('',*,*,#2437,.T.);
#2807 = PLANE('',#2808);
#2808 = AXIS2_PLACEMENT_3D('',#2809,#2810,#2811);
#2809 = CARTESIAN_POINT('',(-0.32,-5.4,8.54));
#2810 = DIRECTION('',(0.,0.,1.));
#2811 = DIRECTION('',(1.,0.,-0.));
#2812 = ADVANCED_FACE('',(#2813),#2819,.T.);
#2813 = FACE_BOUND('',#2814,.T.);
#2814 = EDGE_LOOP('',(#2815,#2816,#2817,#2818));
#2815 = ORIENTED_EDGE('',*,*,#2485,.T.);
#2816 = ORIENTED_EDGE('',*,*,#2509,.F.);
#2817 = ORIENTED_EDGE('',*,*,#2533,.F.);
#2818 = ORIENTED_EDGE('',*,*,#2550,.T.);
#2819 = PLANE('',#2820);
#2820 = AXIS2_PLACEMENT_3D('',#2821,#2822,#2823);
#2821 = CARTESIAN_POINT('',(-0.32,-7.94,8.54));
#2822 = DIRECTION('',(0.,0.,1.));
#2823 = DIRECTION('',(1.,0.,-0.));
#2824 = ADVANCED_FACE('',(#2825),#2831,.T.);
#2825 = FACE_BOUND('',#2826,.T.);
#2826 = EDGE_LOOP('',(#2827,#2828,#2829,#2830));
#2827 = ORIENTED_EDGE('',*,*,#2581,.T.);
#2828 = ORIENTED_EDGE('',*,*,#2605,.F.);
#2829 = ORIENTED_EDGE('',*,*,#2629,.F.);
#2830 = ORIENTED_EDGE('',*,*,#2646,.T.);
#2831 = PLANE('',#2832);
#2832 = AXIS2_PLACEMENT_3D('',#2833,#2834,#2835);
#2833 = CARTESIAN_POINT('',(-0.32,-0.32,8.54));
#2834 = DIRECTION('',(0.,0.,1.));
#2835 = DIRECTION('',(1.,0.,-0.));
#2836 = ADVANCED_FACE('',(#2837),#2843,.T.);
#2837 = FACE_BOUND('',#2838,.T.);
#2838 = EDGE_LOOP('',(#2839,#2840,#2841,#2842));
#2839 = ORIENTED_EDGE('',*,*,#2742,.T.);
#2840 = ORIENTED_EDGE('',*,*,#2677,.F.);
#2841 = ORIENTED_EDGE('',*,*,#2701,.F.);
#2842 = ORIENTED_EDGE('',*,*,#2725,.T.);
#2843 = PLANE('',#2844);
#2844 = AXIS2_PLACEMENT_3D('',#2845,#2846,#2847);
#2845 = CARTESIAN_POINT('',(-0.32,-2.86,8.54));
#2846 = DIRECTION('',(0.,0.,1.));
#2847 = DIRECTION('',(1.,0.,-0.));
#2848 = ( GEOMETRIC_REPRESENTATION_CONTEXT(3) 
GLOBAL_UNCERTAINTY_ASSIGNED_CONTEXT((#2852)) 
GLOBAL_UNIT_ASSIGNED_CONTEXT((#2849,#2850,#2851)) REPRESENTATION_CONTEXT
('Context #1','3D Context with UNIT and UNCERTAINTY') );
#2849 = ( LENGTH_UNIT() NAMED_UNIT(*) SI_UNIT(.MILLI.,.METRE.) );
#2850 = ( NAMED_UNIT(*) PLANE_ANGLE_UNIT() SI_UNIT($,.RADIAN.) );
#2851 = ( NAMED_UNIT(*) SI_UNIT($,.STERADIAN.) SOLID_ANGLE_UNIT() );
#2852 = UNCERTAINTY_MEASURE_WITH_UNIT(LENGTH_MEASURE(1.E-07),#2849,
  'distance_accuracy_value','confusion accuracy');
#2853 = CONTEXT_DEPENDENT_SHAPE_REPRESENTATION(#2854,#2856);
#2854 = ( REPRESENTATION_RELATIONSHIP('','',#67,#44) 
REPRESENTATION_RELATIONSHIP_WITH_TRANSFORMATION(#2855) 
SHAPE_REPRESENTATION_RELATIONSHIP() );
#2855 = ITEM_DEFINED_TRANSFORMATION('','',#11,#45);
#2856 = PRODUCT_DEFINITION_SHAPE('Placement','Placement of an item',
  #2857);
#2857 = NEXT_ASSEMBLY_USAGE_OCCURRENCE('1','=>[0:1:1:3]','',#39,#62,$);
#2858 = PRODUCT_RELATED_PRODUCT_CATEGORY('part',$,(#64));
#2859 = SHAPE_DEFINITION_REPRESENTATION(#2860,#2866);
#2860 = PRODUCT_DEFINITION_SHAPE('','',#2861);
#2861 = PRODUCT_DEFINITION('design','',#2862,#2865);
#2862 = PRODUCT_DEFINITION_FORMATION('','',#2863);
#2863 = PRODUCT('pcb_silkscreen','pcb_silkscreen','',(#2864));
#2864 = PRODUCT_CONTEXT('',#2,'mechanical');
#2865 = PRODUCT_DEFINITION_CONTEXT('part definition',#2,'design');
#2866 = SHAPE_REPRESENTATION('',(#11,#2867,#3225,#3583,#3847,#4121,#4458
    ,#4681),#4839);
#2867 = SHELL_BASED_SURFACE_MODEL('',(#2868));
#2868 = OPEN_SHELL('',(#2869));
#2869 = ADVANCED_FACE('',(#2870),#3220,.T.);
#2870 = FACE_BOUND('',#2871,.F.);
#2871 = EDGE_LOOP('',(#2872,#2882,#2890,#2898,#2906,#2914,#2923,#2931,
    #2939,#2948,#2956,#2964,#2972,#2980,#2988,#2996,#3004,#3012,#3020,
    #3028,#3036,#3044,#3052,#3060,#3068,#3076,#3084,#3093,#3101,#3109,
    #3118,#3126,#3134,#3142,#3150,#3158,#3166,#3174,#3182,#3190,#3198,
    #3206,#3214));
#2872 = ORIENTED_EDGE('',*,*,#2873,.T.);
#2873 = EDGE_CURVE('',#2874,#2876,#2878,.T.);
#2874 = VERTEX_POINT('',#2875);
#2875 = CARTESIAN_POINT('',(-0.997623,2.52394,1.275));
#2876 = VERTEX_POINT('',#2877);
#2877 = CARTESIAN_POINT('',(-0.801524,2.620083,1.275));
#2878 = LINE('',#2879,#2880);
#2879 = CARTESIAN_POINT('',(-0.997623,2.52394,1.275));
#2880 = VECTOR('',#2881,1.);
#2881 = DIRECTION('',(0.897891695421,0.440216427788,0.));
#2882 = ORIENTED_EDGE('',*,*,#2883,.T.);
#2883 = EDGE_CURVE('',#2876,#2884,#2886,.T.);
#2884 = VERTEX_POINT('',#2885);
#2885 = CARTESIAN_POINT('',(-0.761906,2.625409,1.275));
#2886 = LINE('',#2887,#2888);
#2887 = CARTESIAN_POINT('',(-0.801524,2.620083,1.275));
#2888 = VECTOR('',#2889,1.);
#2889 = DIRECTION('',(0.99108443516,0.133235289557,0.));
#2890 = ORIENTED_EDGE('',*,*,#2891,.T.);
#2891 = EDGE_CURVE('',#2884,#2892,#2894,.T.);
#2892 = VERTEX_POINT('',#2893);
#2893 = CARTESIAN_POINT('',(-0.366147,2.62395,1.275));
#2894 = LINE('',#2895,#2896);
#2895 = CARTESIAN_POINT('',(-0.761906,2.625409,1.275));
#2896 = VECTOR('',#2897,1.);
#2897 = DIRECTION('',(0.999993204607,-3.686561987275E-03,0.));
#2898 = ORIENTED_EDGE('',*,*,#2899,.T.);
#2899 = EDGE_CURVE('',#2892,#2900,#2902,.T.);
#2900 = VERTEX_POINT('',#2901);
#2901 = CARTESIAN_POINT('',(-0.333519,2.617712,1.275));
#2902 = LINE('',#2903,#2904);
#2903 = CARTESIAN_POINT('',(-0.366147,2.62395,1.275));
#2904 = VECTOR('',#2905,1.);
#2905 = DIRECTION('',(0.982210282101,-0.187784349018,0.));
#2906 = ORIENTED_EDGE('',*,*,#2907,.T.);
#2907 = EDGE_CURVE('',#2900,#2908,#2910,.T.);
#2908 = VERTEX_POINT('',#2909);
#2909 = CARTESIAN_POINT('',(-7.8097E-02,2.529533,1.275));
#2910 = LINE('',#2911,#2912);
#2911 = CARTESIAN_POINT('',(-0.333519,2.617712,1.275));
#2912 = VECTOR('',#2913,1.);
#2913 = DIRECTION('',(0.945256077495,-0.326329508255,0.));
#2914 = ORIENTED_EDGE('',*,*,#2915,.T.);
#2915 = EDGE_CURVE('',#2908,#2916,#2918,.T.);
#2916 = VERTEX_POINT('',#2917);
#2917 = CARTESIAN_POINT('',(-0.171142,2.250396,1.275));
#2918 = CIRCLE('',#2919,0.15000026055);
#2919 = AXIS2_PLACEMENT_3D('',#2920,#2921,#2922);
#2920 = CARTESIAN_POINT('',(-0.152381581593,2.399218460893,1.275));
#2921 = DIRECTION('',(0.,0.,-1.));
#2922 = DIRECTION('',(0.495229683741,0.868762085005,0.));
#2923 = ORIENTED_EDGE('',*,*,#2924,.T.);
#2924 = EDGE_CURVE('',#2916,#2925,#2927,.T.);
#2925 = VERTEX_POINT('',#2926);
#2926 = CARTESIAN_POINT('',(-0.405296,2.325409,1.275));
#2927 = LINE('',#2928,#2929);
#2928 = CARTESIAN_POINT('',(-0.171142,2.250396,1.275));
#2929 = VECTOR('',#2930,1.);
#2930 = DIRECTION('',(-0.95232525917,0.305084579662,0.));
#2931 = ORIENTED_EDGE('',*,*,#2932,.T.);
#2932 = EDGE_CURVE('',#2925,#2933,#2935,.T.);
#2933 = VERTEX_POINT('',#2934);
#2934 = CARTESIAN_POINT('',(-0.726496,2.325409,1.275));
#2935 = LINE('',#2936,#2937);
#2936 = CARTESIAN_POINT('',(-0.405296,2.325409,1.275));
#2937 = VECTOR('',#2938,1.);
#2938 = DIRECTION('',(-1.,0.,0.));
#2939 = ORIENTED_EDGE('',*,*,#2940,.T.);
#2940 = EDGE_CURVE('',#2933,#2941,#2943,.T.);
#2941 = VERTEX_POINT('',#2942);
#2942 = CARTESIAN_POINT('',(-0.916668,2.135236,1.275));
#2943 = CIRCLE('',#2944,0.265148359881);
#2944 = AXIS2_PLACEMENT_3D('',#2945,#2946,#2947);
#2945 = CARTESIAN_POINT('',(-0.659994349688,2.068735699375,1.275));
#2946 = DIRECTION('',(0.,0.,1.));
#2947 = DIRECTION('',(-0.250809208634,0.968036539013,0.));
#2948 = ORIENTED_EDGE('',*,*,#2949,.T.);
#2949 = EDGE_CURVE('',#2941,#2950,#2952,.T.);
#2950 = VERTEX_POINT('',#2951);
#2951 = CARTESIAN_POINT('',(-0.916668,2.053676,1.275));
#2952 = LINE('',#2953,#2954);
#2953 = CARTESIAN_POINT('',(-0.916668,2.135236,1.275));
#2954 = VECTOR('',#2955,1.);
#2955 = DIRECTION('',(0.,-1.,0.));
#2956 = ORIENTED_EDGE('',*,*,#2957,.T.);
#2957 = EDGE_CURVE('',#2950,#2958,#2960,.T.);
#2958 = VERTEX_POINT('',#2959);
#2959 = CARTESIAN_POINT('',(-0.867198,1.954738,1.275));
#2960 = LINE('',#2961,#2962);
#2961 = CARTESIAN_POINT('',(-0.916668,2.053676,1.275));
#2962 = VECTOR('',#2963,1.);
#2963 = DIRECTION('',(0.44722082768,-0.894423574873,0.));
#2964 = ORIENTED_EDGE('',*,*,#2965,.T.);
#2965 = EDGE_CURVE('',#2958,#2966,#2968,.T.);
#2966 = VERTEX_POINT('',#2967);
#2967 = CARTESIAN_POINT('',(-0.825432,1.912972,1.275));
#2968 = LINE('',#2969,#2970);
#2969 = CARTESIAN_POINT('',(-0.867198,1.954738,1.275));
#2970 = VECTOR('',#2971,1.);
#2971 = DIRECTION('',(0.707106781187,-0.707106781187,0.));
#2972 = ORIENTED_EDGE('',*,*,#2973,.T.);
#2973 = EDGE_CURVE('',#2966,#2974,#2976,.T.);
#2974 = VERTEX_POINT('',#2975);
#2975 = CARTESIAN_POINT('',(-0.70955,1.855031,1.275));
#2976 = LINE('',#2977,#2978);
#2977 = CARTESIAN_POINT('',(-0.825432,1.912972,1.275));
#2978 = VECTOR('',#2979,1.);
#2979 = DIRECTION('',(0.894427191,-0.4472135955,0.));
#2980 = ORIENTED_EDGE('',*,*,#2981,.T.);
#2981 = EDGE_CURVE('',#2974,#2982,#2984,.T.);
#2982 = VERTEX_POINT('',#2983);
#2983 = CARTESIAN_POINT('',(-0.392202,1.772297,1.275));
#2984 = LINE('',#2985,#2986);
#2985 = CARTESIAN_POINT('',(-0.70955,1.855031,1.275));
#2986 = VECTOR('',#2987,1.);
#2987 = DIRECTION('',(0.967656312116,-0.252272197482,0.));
#2988 = ORIENTED_EDGE('',*,*,#2989,.T.);
#2989 = EDGE_CURVE('',#2982,#2990,#2992,.T.);
#2990 = VERTEX_POINT('',#2991);
#2991 = CARTESIAN_POINT('',(-0.212795,1.679622,1.275));
#2992 = LINE('',#2993,#2994);
#2993 = CARTESIAN_POINT('',(-0.392202,1.772297,1.275));
#2994 = VECTOR('',#2995,1.);
#2995 = DIRECTION('',(0.888463501034,-0.458947281646,0.));
#2996 = ORIENTED_EDGE('',*,*,#2997,.T.);
#2997 = EDGE_CURVE('',#2990,#2998,#3000,.T.);
#2998 = VERTEX_POINT('',#2999);
#2999 = CARTESIAN_POINT('',(-0.103851,1.568269,1.275));
#3000 = LINE('',#3001,#3002);
#3001 = CARTESIAN_POINT('',(-0.212795,1.679622,1.275));
#3002 = VECTOR('',#3003,1.);
#3003 = DIRECTION('',(0.699332589004,-0.714796425534,0.));
#3004 = ORIENTED_EDGE('',*,*,#3005,.T.);
#3005 = EDGE_CURVE('',#2998,#3006,#3008,.T.);
#3006 = VERTEX_POINT('',#3007);
#3007 = CARTESIAN_POINT('',(-7.708E-03,1.37217,1.275));
#3008 = LINE('',#3009,#3010);
#3009 = CARTESIAN_POINT('',(-0.103851,1.568269,1.275));
#3010 = VECTOR('',#3011,1.);
#3011 = DIRECTION('',(0.440216427788,-0.897891695421,0.));
#3012 = ORIENTED_EDGE('',*,*,#3013,.T.);
#3013 = EDGE_CURVE('',#3006,#3014,#3016,.T.);
#3014 = VERTEX_POINT('',#3015);
#3015 = CARTESIAN_POINT('',(-2.382E-03,1.332552,1.275));
#3016 = LINE('',#3017,#3018);
#3017 = CARTESIAN_POINT('',(-7.708E-03,1.37217,1.275));
#3018 = VECTOR('',#3019,1.);
#3019 = DIRECTION('',(0.133235289557,-0.99108443516,0.));
#3020 = ORIENTED_EDGE('',*,*,#3021,.T.);
#3021 = EDGE_CURVE('',#3014,#3022,#3024,.T.);
#3022 = VERTEX_POINT('',#3023);
#3023 = CARTESIAN_POINT('',(-5.264E-03,1.150907,1.275));
#3024 = LINE('',#3025,#3026);
#3025 = CARTESIAN_POINT('',(-2.382E-03,1.332552,1.275));
#3026 = VECTOR('',#3027,1.);
#3027 = DIRECTION('',(-1.586411583288E-02,-0.999874156996,0.));
#3028 = ORIENTED_EDGE('',*,*,#3029,.T.);
#3029 = EDGE_CURVE('',#3022,#3030,#3032,.T.);
#3030 = VERTEX_POINT('',#3031);
#3031 = CARTESIAN_POINT('',(-1.8218E-02,1.113089,1.275));
#3032 = LINE('',#3033,#3034);
#3033 = CARTESIAN_POINT('',(-5.264E-03,1.150907,1.275));
#3034 = VECTOR('',#3035,1.);
#3035 = DIRECTION('',(-0.32405186212,-0.946039317712,0.));
#3036 = ORIENTED_EDGE('',*,*,#3037,.T.);
#3037 = EDGE_CURVE('',#3030,#3038,#3040,.T.);
#3038 = VERTEX_POINT('',#3039);
#3039 = CARTESIAN_POINT('',(-0.110073,0.935823,1.275));
#3040 = LINE('',#3041,#3042);
#3041 = CARTESIAN_POINT('',(-1.8218E-02,1.113089,1.275));
#3042 = VECTOR('',#3043,1.);
#3043 = DIRECTION('',(-0.4600775243,-0.887878748273,0.));
#3044 = ORIENTED_EDGE('',*,*,#3045,.T.);
#3045 = EDGE_CURVE('',#3038,#3046,#3048,.T.);
#3046 = VERTEX_POINT('',#3047);
#3047 = CARTESIAN_POINT('',(-0.221428,0.826879,1.275));
#3048 = LINE('',#3049,#3050);
#3049 = CARTESIAN_POINT('',(-0.110073,0.935823,1.275));
#3050 = VECTOR('',#3051,1.);
#3051 = DIRECTION('',(-0.714802704267,-0.699326171377,0.));
#3052 = ORIENTED_EDGE('',*,*,#3053,.T.);
#3053 = EDGE_CURVE('',#3046,#3054,#3056,.T.);
#3054 = VERTEX_POINT('',#3055);
#3055 = CARTESIAN_POINT('',(-0.417525,0.730736,1.275));
#3056 = LINE('',#3057,#3058);
#3057 = CARTESIAN_POINT('',(-0.221428,0.826879,1.275));
#3058 = VECTOR('',#3059,1.);
#3059 = DIRECTION('',(-0.897889920756,-0.440220047483,0.));
#3060 = ORIENTED_EDGE('',*,*,#3061,.T.);
#3061 = EDGE_CURVE('',#3054,#3062,#3064,.T.);
#3062 = VERTEX_POINT('',#3063);
#3063 = CARTESIAN_POINT('',(-0.457144,0.725409,1.275));
#3064 = LINE('',#3065,#3066);
#3065 = CARTESIAN_POINT('',(-0.417525,0.730736,1.275));
#3066 = VECTOR('',#3067,1.);
#3067 = DIRECTION('',(-0.991081575788,-0.133256557566,0.));
#3068 = ORIENTED_EDGE('',*,*,#3069,.T.);
#3069 = EDGE_CURVE('',#3062,#3070,#3072,.T.);
#3070 = VERTEX_POINT('',#3071);
#3071 = CARTESIAN_POINT('',(-0.86736,0.728291,1.275));
#3072 = LINE('',#3073,#3074);
#3073 = CARTESIAN_POINT('',(-0.457144,0.725409,1.275));
#3074 = VECTOR('',#3075,1.);
#3075 = DIRECTION('',(-0.999975321618,7.025393638722E-03,0.));
#3076 = ORIENTED_EDGE('',*,*,#3077,.T.);
#3077 = EDGE_CURVE('',#3070,#3078,#3080,.T.);
#3078 = VERTEX_POINT('',#3079);
#3079 = CARTESIAN_POINT('',(-1.140953,0.821286,1.275));
#3080 = LINE('',#3081,#3082);
#3081 = CARTESIAN_POINT('',(-0.86736,0.728291,1.275));
#3082 = VECTOR('',#3083,1.);
#3083 = DIRECTION('',(-0.946800817016,0.321820156139,0.));
#3084 = ORIENTED_EDGE('',*,*,#3085,.T.);
#3085 = EDGE_CURVE('',#3078,#3086,#3088,.T.);
#3086 = VERTEX_POINT('',#3087);
#3087 = CARTESIAN_POINT('',(-1.047907,1.100422,1.275));
#3088 = CIRCLE('',#3089,0.149999956076);
#3089 = AXIS2_PLACEMENT_3D('',#3090,#3091,#3092);
#3090 = CARTESIAN_POINT('',(-1.066667930583,0.951599910556,1.275));
#3091 = DIRECTION('',(0.,0.,-1.));
#3092 = DIRECTION('',(-0.495233941133,-0.868759658104,-0.));
#3093 = ORIENTED_EDGE('',*,*,#3094,.T.);
#3094 = EDGE_CURVE('',#3086,#3095,#3097,.T.);
#3095 = VERTEX_POINT('',#3096);
#3096 = CARTESIAN_POINT('',(-0.813756,1.025409,1.275));
#3097 = LINE('',#3098,#3099);
#3098 = CARTESIAN_POINT('',(-1.047907,1.100422,1.275));
#3099 = VECTOR('',#3100,1.);
#3100 = DIRECTION('',(0.952324123497,-0.305088124654,0.));
#3101 = ORIENTED_EDGE('',*,*,#3102,.T.);
#3102 = EDGE_CURVE('',#3095,#3103,#3105,.T.);
#3103 = VERTEX_POINT('',#3104);
#3104 = CARTESIAN_POINT('',(-0.492554,1.025409,1.275));
#3105 = LINE('',#3106,#3107);
#3106 = CARTESIAN_POINT('',(-0.813756,1.025409,1.275));
#3107 = VECTOR('',#3108,1.);
#3108 = DIRECTION('',(1.,0.,0.));
#3109 = ORIENTED_EDGE('',*,*,#3110,.T.);
#3110 = EDGE_CURVE('',#3103,#3111,#3113,.T.);
#3111 = VERTEX_POINT('',#3112);
#3112 = CARTESIAN_POINT('',(-0.302382,1.21558,1.275));
#3113 = CIRCLE('',#3114,0.265142766124);
#3114 = AXIS2_PLACEMENT_3D('',#3115,#3116,#3117);
#3115 = CARTESIAN_POINT('',(-0.559050505454,1.282077855123,1.275));
#3116 = DIRECTION('',(0.,0.,1.));
#3117 = DIRECTION('',(0.250795095887,-0.968040195384,0.));
#3118 = ORIENTED_EDGE('',*,*,#3119,.T.);
#3119 = EDGE_CURVE('',#3111,#3120,#3122,.T.);
#3120 = VERTEX_POINT('',#3121);
#3121 = CARTESIAN_POINT('',(-0.302382,1.297142,1.275));
#3122 = LINE('',#3123,#3124);
#3123 = CARTESIAN_POINT('',(-0.302382,1.21558,1.275));
#3124 = VECTOR('',#3125,1.);
#3125 = DIRECTION('',(0.,1.,0.));
#3126 = ORIENTED_EDGE('',*,*,#3127,.T.);
#3127 = EDGE_CURVE('',#3120,#3128,#3130,.T.);
#3128 = VERTEX_POINT('',#3129);
#3129 = CARTESIAN_POINT('',(-0.351849,1.396078,1.275));
#3130 = LINE('',#3131,#3132);
#3131 = CARTESIAN_POINT('',(-0.302382,1.297142,1.275));
#3132 = VECTOR('',#3133,1.);
#3133 = DIRECTION('',(-0.447206363086,0.89443080717,0.));
#3134 = ORIENTED_EDGE('',*,*,#3135,.T.);
#3135 = EDGE_CURVE('',#3128,#3136,#3138,.T.);
#3136 = VERTEX_POINT('',#3137);
#3137 = CARTESIAN_POINT('',(-0.393615,1.437844,1.275));
#3138 = LINE('',#3139,#3140);
#3139 = CARTESIAN_POINT('',(-0.351849,1.396078,1.275));
#3140 = VECTOR('',#3141,1.);
#3141 = DIRECTION('',(-0.707106781187,0.707106781187,0.));
#3142 = ORIENTED_EDGE('',*,*,#3143,.T.);
#3143 = EDGE_CURVE('',#3136,#3144,#3146,.T.);
#3144 = VERTEX_POINT('',#3145);
#3145 = CARTESIAN_POINT('',(-0.5095,1.495787,1.275));
#3146 = LINE('',#3147,#3148);
#3147 = CARTESIAN_POINT('',(-0.393615,1.437844,1.275));
#3148 = VECTOR('',#3149,1.);
#3149 = DIRECTION('',(-0.894425647351,0.447216682784,0.));
#3150 = ORIENTED_EDGE('',*,*,#3151,.T.);
#3151 = EDGE_CURVE('',#3144,#3152,#3154,.T.);
#3152 = VERTEX_POINT('',#3153);
#3153 = CARTESIAN_POINT('',(-0.826846,1.57852,1.275));
#3154 = LINE('',#3155,#3156);
#3155 = CARTESIAN_POINT('',(-0.5095,1.495787,1.275));
#3156 = VECTOR('',#3157,1.);
#3157 = DIRECTION('',(-0.967656668356,0.252270831027,0.));
#3158 = ORIENTED_EDGE('',*,*,#3159,.T.);
#3159 = EDGE_CURVE('',#3152,#3160,#3162,.T.);
#3160 = VERTEX_POINT('',#3161);
#3161 = CARTESIAN_POINT('',(-1.006255,1.671196,1.275));
#3162 = LINE('',#3163,#3164);
#3163 = CARTESIAN_POINT('',(-0.826846,1.57852,1.275));
#3164 = VECTOR('',#3165,1.);
#3165 = DIRECTION('',(-0.888463567924,0.458947152155,0.));
#3166 = ORIENTED_EDGE('',*,*,#3167,.T.);
#3167 = EDGE_CURVE('',#3160,#3168,#3170,.T.);
#3168 = VERTEX_POINT('',#3169);
#3169 = CARTESIAN_POINT('',(-1.115198,1.78255,1.275));
#3170 = LINE('',#3171,#3172);
#3171 = CARTESIAN_POINT('',(-1.006255,1.671196,1.275));
#3172 = VECTOR('',#3173,1.);
#3173 = DIRECTION('',(-0.699326100363,0.714802773743,0.));
#3174 = ORIENTED_EDGE('',*,*,#3175,.T.);
#3175 = EDGE_CURVE('',#3168,#3176,#3178,.T.);
#3176 = VERTEX_POINT('',#3177);
#3177 = CARTESIAN_POINT('',(-1.211341,1.978647,1.275));
#3178 = LINE('',#3179,#3180);
#3179 = CARTESIAN_POINT('',(-1.115198,1.78255,1.275));
#3180 = VECTOR('',#3181,1.);
#3181 = DIRECTION('',(-0.440220047483,0.897889920756,0.));
#3182 = ORIENTED_EDGE('',*,*,#3183,.T.);
#3183 = EDGE_CURVE('',#3176,#3184,#3186,.T.);
#3184 = VERTEX_POINT('',#3185);
#3185 = CARTESIAN_POINT('',(-1.216668,2.018266,1.275));
#3186 = LINE('',#3187,#3188);
#3187 = CARTESIAN_POINT('',(-1.211341,1.978647,1.275));
#3188 = VECTOR('',#3189,1.);
#3189 = DIRECTION('',(-0.133256557566,0.991081575788,0.));
#3190 = ORIENTED_EDGE('',*,*,#3191,.T.);
#3191 = EDGE_CURVE('',#3184,#3192,#3194,.T.);
#3192 = VERTEX_POINT('',#3193);
#3193 = CARTESIAN_POINT('',(-1.213786,2.199911,1.275));
#3194 = LINE('',#3195,#3196);
#3195 = CARTESIAN_POINT('',(-1.216668,2.018266,1.275));
#3196 = VECTOR('',#3197,1.);
#3197 = DIRECTION('',(1.586411583288E-02,0.999874156996,0.));
#3198 = ORIENTED_EDGE('',*,*,#3199,.T.);
#3199 = EDGE_CURVE('',#3192,#3200,#3202,.T.);
#3200 = VERTEX_POINT('',#3201);
#3201 = CARTESIAN_POINT('',(-1.200832,2.237729,1.275));
#3202 = LINE('',#3203,#3204);
#3203 = CARTESIAN_POINT('',(-1.213786,2.199911,1.275));
#3204 = VECTOR('',#3205,1.);
#3205 = DIRECTION('',(0.32405186212,0.946039317712,0.));
#3206 = ORIENTED_EDGE('',*,*,#3207,.T.);
#3207 = EDGE_CURVE('',#3200,#3208,#3210,.T.);
#3208 = VERTEX_POINT('',#3209);
#3209 = CARTESIAN_POINT('',(-1.108976,2.414996,1.275));
#3210 = LINE('',#3211,#3212);
#3211 = CARTESIAN_POINT('',(-1.200832,2.237729,1.275));
#3212 = VECTOR('',#3213,1.);
#3213 = DIRECTION('',(0.460079426783,0.887877762449,0.));
#3214 = ORIENTED_EDGE('',*,*,#3215,.T.);
#3215 = EDGE_CURVE('',#3208,#2874,#3216,.T.);
#3216 = LINE('',#3217,#3218);
#3217 = CARTESIAN_POINT('',(-1.108976,2.414996,1.275));
#3218 = VECTOR('',#3219,1.);
#3219 = DIRECTION('',(0.714796425534,0.699332589004,0.));
#3220 = PLANE('',#3221);
#3221 = AXIS2_PLACEMENT_3D('',#3222,#3223,#3224);
#3222 = CARTESIAN_POINT('',(0.,0.,1.275));
#3223 = DIRECTION('',(0.,0.,1.));
#3224 = DIRECTION('',(1.,0.,-0.));
#3225 = SHELL_BASED_SURFACE_MODEL('',(#3226));
#3226 = OPEN_SHELL('',(#3227));
#3227 = ADVANCED_FACE('',(#3228),#3578,.T.);
#3228 = FACE_BOUND('',#3229,.F.);
#3229 = EDGE_LOOP('',(#3230,#3240,#3248,#3256,#3264,#3272,#3281,#3289,
    #3297,#3306,#3314,#3322,#3330,#3338,#3346,#3354,#3362,#3370,#3378,
    #3386,#3394,#3402,#3410,#3418,#3426,#3434,#3442,#3451,#3459,#3467,
    #3476,#3484,#3492,#3500,#3508,#3516,#3524,#3532,#3540,#3548,#3556,
    #3564,#3572));
#3230 = ORIENTED_EDGE('',*,*,#3231,.T.);
#3231 = EDGE_CURVE('',#3232,#3234,#3236,.T.);
#3232 = VERTEX_POINT('',#3233);
#3233 = CARTESIAN_POINT('',(0.526186,2.52394,1.275));
#3234 = VERTEX_POINT('',#3235);
#3235 = CARTESIAN_POINT('',(0.722285,2.620083,1.275));
#3236 = LINE('',#3237,#3238);
#3237 = CARTESIAN_POINT('',(0.526186,2.52394,1.275));
#3238 = VECTOR('',#3239,1.);
#3239 = DIRECTION('',(0.897891695421,0.440216427788,0.));
#3240 = ORIENTED_EDGE('',*,*,#3241,.T.);
#3241 = EDGE_CURVE('',#3234,#3242,#3244,.T.);
#3242 = VERTEX_POINT('',#3243);
#3243 = CARTESIAN_POINT('',(0.761903,2.625409,1.275));
#3244 = LINE('',#3245,#3246);
#3245 = CARTESIAN_POINT('',(0.722285,2.620083,1.275));
#3246 = VECTOR('',#3247,1.);
#3247 = DIRECTION('',(0.99108443516,0.133235289557,0.));
#3248 = ORIENTED_EDGE('',*,*,#3249,.T.);
#3249 = EDGE_CURVE('',#3242,#3250,#3252,.T.);
#3250 = VERTEX_POINT('',#3251);
#3251 = CARTESIAN_POINT('',(1.157661,2.62395,1.275));
#3252 = LINE('',#3253,#3254);
#3253 = CARTESIAN_POINT('',(0.761903,2.625409,1.275));
#3254 = VECTOR('',#3255,1.);
#3255 = DIRECTION('',(0.999993204573,-3.686571302341E-03,0.));
#3256 = ORIENTED_EDGE('',*,*,#3257,.T.);
#3257 = EDGE_CURVE('',#3250,#3258,#3260,.T.);
#3258 = VERTEX_POINT('',#3259);
#3259 = CARTESIAN_POINT('',(1.19029,2.617712,1.275));
#3260 = LINE('',#3261,#3262);
#3261 = CARTESIAN_POINT('',(1.157661,2.62395,1.275));
#3262 = VECTOR('',#3263,1.);
#3263 = DIRECTION('',(0.982211343585,-0.187778796815,0.));
#3264 = ORIENTED_EDGE('',*,*,#3265,.T.);
#3265 = EDGE_CURVE('',#3258,#3266,#3268,.T.);
#3266 = VERTEX_POINT('',#3267);
#3267 = CARTESIAN_POINT('',(1.445712,2.529533,1.275));
#3268 = LINE('',#3269,#3270);
#3269 = CARTESIAN_POINT('',(1.19029,2.617712,1.275));
#3270 = VECTOR('',#3271,1.);
#3271 = DIRECTION('',(0.945256077495,-0.326329508255,0.));
#3272 = ORIENTED_EDGE('',*,*,#3273,.T.);
#3273 = EDGE_CURVE('',#3266,#3274,#3276,.T.);
#3274 = VERTEX_POINT('',#3275);
#3275 = CARTESIAN_POINT('',(1.352667,2.250396,1.275));
#3276 = CIRCLE('',#3277,0.15000026055);
#3277 = AXIS2_PLACEMENT_3D('',#3278,#3279,#3280);
#3278 = CARTESIAN_POINT('',(1.371427418407,2.399218460893,1.275));
#3279 = DIRECTION('',(0.,0.,-1.));
#3280 = DIRECTION('',(0.495229683741,0.868762085005,0.));
#3281 = ORIENTED_EDGE('',*,*,#3282,.T.);
#3282 = EDGE_CURVE('',#3274,#3283,#3285,.T.);
#3283 = VERTEX_POINT('',#3284);
#3284 = CARTESIAN_POINT('',(1.118513,2.325409,1.275));
#3285 = LINE('',#3286,#3287);
#3286 = CARTESIAN_POINT('',(1.352667,2.250396,1.275));
#3287 = VECTOR('',#3288,1.);
#3288 = DIRECTION('',(-0.95232525917,0.305084579662,0.));
#3289 = ORIENTED_EDGE('',*,*,#3290,.T.);
#3290 = EDGE_CURVE('',#3283,#3291,#3293,.T.);
#3291 = VERTEX_POINT('',#3292);
#3292 = CARTESIAN_POINT('',(0.797313,2.325409,1.275));
#3293 = LINE('',#3294,#3295);
#3294 = CARTESIAN_POINT('',(1.118513,2.325409,1.275));
#3295 = VECTOR('',#3296,1.);
#3296 = DIRECTION('',(-1.,0.,0.));
#3297 = ORIENTED_EDGE('',*,*,#3298,.T.);
#3298 = EDGE_CURVE('',#3291,#3299,#3301,.T.);
#3299 = VERTEX_POINT('',#3300);
#3300 = CARTESIAN_POINT('',(0.607141,2.135236,1.275));
#3301 = CIRCLE('',#3302,0.26514428377);
#3302 = AXIS2_PLACEMENT_3D('',#3303,#3304,#3305);
#3303 = CARTESIAN_POINT('',(0.863811306051,2.068739043619,1.275));
#3304 = DIRECTION('',(0.,0.,1.));
#3305 = DIRECTION('',(-0.250800451381,0.968038807893,0.));
#3306 = ORIENTED_EDGE('',*,*,#3307,.T.);
#3307 = EDGE_CURVE('',#3299,#3308,#3310,.T.);
#3308 = VERTEX_POINT('',#3309);
#3309 = CARTESIAN_POINT('',(0.607141,2.053676,1.275));
#3310 = LINE('',#3311,#3312);
#3311 = CARTESIAN_POINT('',(0.607141,2.135236,1.275));
#3312 = VECTOR('',#3313,1.);
#3313 = DIRECTION('',(0.,-1.,0.));
#3314 = ORIENTED_EDGE('',*,*,#3315,.T.);
#3315 = EDGE_CURVE('',#3308,#3316,#3318,.T.);
#3316 = VERTEX_POINT('',#3317);
#3317 = CARTESIAN_POINT('',(0.65661,1.954738,1.275));
#3318 = LINE('',#3319,#3320);
#3319 = CARTESIAN_POINT('',(0.607141,2.053676,1.275));
#3320 = VECTOR('',#3321,1.);
#3321 = DIRECTION('',(0.4472135955,-0.894427191,0.));
#3322 = ORIENTED_EDGE('',*,*,#3323,.T.);
#3323 = EDGE_CURVE('',#3316,#3324,#3326,.T.);
#3324 = VERTEX_POINT('',#3325);
#3325 = CARTESIAN_POINT('',(0.698376,1.912972,1.275));
#3326 = LINE('',#3327,#3328);
#3327 = CARTESIAN_POINT('',(0.65661,1.954738,1.275));
#3328 = VECTOR('',#3329,1.);
#3329 = DIRECTION('',(0.707106781187,-0.707106781187,0.));
#3330 = ORIENTED_EDGE('',*,*,#3331,.T.);
#3331 = EDGE_CURVE('',#3324,#3332,#3334,.T.);
#3332 = VERTEX_POINT('',#3333);
#3333 = CARTESIAN_POINT('',(0.814258,1.855031,1.275));
#3334 = LINE('',#3335,#3336);
#3335 = CARTESIAN_POINT('',(0.698376,1.912972,1.275));
#3336 = VECTOR('',#3337,1.);
#3337 = DIRECTION('',(0.894427191,-0.4472135955,0.));
#3338 = ORIENTED_EDGE('',*,*,#3339,.T.);
#3339 = EDGE_CURVE('',#3332,#3340,#3342,.T.);
#3340 = VERTEX_POINT('',#3341);
#3341 = CARTESIAN_POINT('',(1.131606,1.772297,1.275));
#3342 = LINE('',#3343,#3344);
#3343 = CARTESIAN_POINT('',(0.814258,1.855031,1.275));
#3344 = VECTOR('',#3345,1.);
#3345 = DIRECTION('',(0.967656312116,-0.252272197482,0.));
#3346 = ORIENTED_EDGE('',*,*,#3347,.T.);
#3347 = EDGE_CURVE('',#3340,#3348,#3350,.T.);
#3348 = VERTEX_POINT('',#3349);
#3349 = CARTESIAN_POINT('',(1.311014,1.679622,1.275));
#3350 = LINE('',#3351,#3352);
#3351 = CARTESIAN_POINT('',(1.131606,1.772297,1.275));
#3352 = VECTOR('',#3353,1.);
#3353 = DIRECTION('',(0.888464544127,-0.458945262346,0.));
#3354 = ORIENTED_EDGE('',*,*,#3355,.T.);
#3355 = EDGE_CURVE('',#3348,#3356,#3358,.T.);
#3356 = VERTEX_POINT('',#3357);
#3357 = CARTESIAN_POINT('',(1.419958,1.568269,1.275));
#3358 = LINE('',#3359,#3360);
#3359 = CARTESIAN_POINT('',(1.311014,1.679622,1.275));
#3360 = VECTOR('',#3361,1.);
#3361 = DIRECTION('',(0.699332589004,-0.714796425534,0.));
#3362 = ORIENTED_EDGE('',*,*,#3363,.T.);
#3363 = EDGE_CURVE('',#3356,#3364,#3366,.T.);
#3364 = VERTEX_POINT('',#3365);
#3365 = CARTESIAN_POINT('',(1.516101,1.37217,1.275));
#3366 = LINE('',#3367,#3368);
#3367 = CARTESIAN_POINT('',(1.419958,1.568269,1.275));
#3368 = VECTOR('',#3369,1.);
#3369 = DIRECTION('',(0.440216427788,-0.897891695421,0.));
#3370 = ORIENTED_EDGE('',*,*,#3371,.T.);
#3371 = EDGE_CURVE('',#3364,#3372,#3374,.T.);
#3372 = VERTEX_POINT('',#3373);
#3373 = CARTESIAN_POINT('',(1.521427,1.332552,1.275));
#3374 = LINE('',#3375,#3376);
#3375 = CARTESIAN_POINT('',(1.516101,1.37217,1.275));
#3376 = VECTOR('',#3377,1.);
#3377 = DIRECTION('',(0.133235289557,-0.99108443516,0.));
#3378 = ORIENTED_EDGE('',*,*,#3379,.T.);
#3379 = EDGE_CURVE('',#3372,#3380,#3382,.T.);
#3380 = VERTEX_POINT('',#3381);
#3381 = CARTESIAN_POINT('',(1.518545,1.150907,1.275));
#3382 = LINE('',#3383,#3384);
#3383 = CARTESIAN_POINT('',(1.521427,1.332552,1.275));
#3384 = VECTOR('',#3385,1.);
#3385 = DIRECTION('',(-1.586411583288E-02,-0.999874156996,0.));
#3386 = ORIENTED_EDGE('',*,*,#3387,.T.);
#3387 = EDGE_CURVE('',#3380,#3388,#3390,.T.);
#3388 = VERTEX_POINT('',#3389);
#3389 = CARTESIAN_POINT('',(1.505591,1.113089,1.275));
#3390 = LINE('',#3391,#3392);
#3391 = CARTESIAN_POINT('',(1.518545,1.150907,1.275));
#3392 = VECTOR('',#3393,1.);
#3393 = DIRECTION('',(-0.32405186212,-0.946039317712,0.));
#3394 = ORIENTED_EDGE('',*,*,#3395,.T.);
#3395 = EDGE_CURVE('',#3388,#3396,#3398,.T.);
#3396 = VERTEX_POINT('',#3397);
#3397 = CARTESIAN_POINT('',(1.413736,0.935823,1.275));
#3398 = LINE('',#3399,#3400);
#3399 = CARTESIAN_POINT('',(1.505591,1.113089,1.275));
#3400 = VECTOR('',#3401,1.);
#3401 = DIRECTION('',(-0.4600775243,-0.887878748273,0.));
#3402 = ORIENTED_EDGE('',*,*,#3403,.T.);
#3403 = EDGE_CURVE('',#3396,#3404,#3406,.T.);
#3404 = VERTEX_POINT('',#3405);
#3405 = CARTESIAN_POINT('',(1.302381,0.826879,1.275));
#3406 = LINE('',#3407,#3408);
#3407 = CARTESIAN_POINT('',(1.413736,0.935823,1.275));
#3408 = VECTOR('',#3409,1.);
#3409 = DIRECTION('',(-0.714802704267,-0.699326171377,0.));
#3410 = ORIENTED_EDGE('',*,*,#3411,.T.);
#3411 = EDGE_CURVE('',#3404,#3412,#3414,.T.);
#3412 = VERTEX_POINT('',#3413);
#3413 = CARTESIAN_POINT('',(1.106284,0.730736,1.275));
#3414 = LINE('',#3415,#3416);
#3415 = CARTESIAN_POINT('',(1.302381,0.826879,1.275));
#3416 = VECTOR('',#3417,1.);
#3417 = DIRECTION('',(-0.897889920756,-0.440220047483,0.));
#3418 = ORIENTED_EDGE('',*,*,#3419,.T.);
#3419 = EDGE_CURVE('',#3412,#3420,#3422,.T.);
#3420 = VERTEX_POINT('',#3421);
#3421 = CARTESIAN_POINT('',(1.066665,0.725409,1.275));
#3422 = LINE('',#3423,#3424);
#3423 = CARTESIAN_POINT('',(1.106284,0.730736,1.275));
#3424 = VECTOR('',#3425,1.);
#3425 = DIRECTION('',(-0.991081575788,-0.133256557566,0.));
#3426 = ORIENTED_EDGE('',*,*,#3427,.T.);
#3427 = EDGE_CURVE('',#3420,#3428,#3430,.T.);
#3428 = VERTEX_POINT('',#3429);
#3429 = CARTESIAN_POINT('',(0.656449,0.728291,1.275));
#3430 = LINE('',#3431,#3432);
#3431 = CARTESIAN_POINT('',(1.066665,0.725409,1.275));
#3432 = VECTOR('',#3433,1.);
#3433 = DIRECTION('',(-0.999975321618,7.025393638722E-03,0.));
#3434 = ORIENTED_EDGE('',*,*,#3435,.T.);
#3435 = EDGE_CURVE('',#3428,#3436,#3438,.T.);
#3436 = VERTEX_POINT('',#3437);
#3437 = CARTESIAN_POINT('',(0.382856,0.821286,1.275));
#3438 = LINE('',#3439,#3440);
#3439 = CARTESIAN_POINT('',(0.656449,0.728291,1.275));
#3440 = VECTOR('',#3441,1.);
#3441 = DIRECTION('',(-0.946800817016,0.321820156139,0.));
#3442 = ORIENTED_EDGE('',*,*,#3443,.T.);
#3443 = EDGE_CURVE('',#3436,#3444,#3446,.T.);
#3444 = VERTEX_POINT('',#3445);
#3445 = CARTESIAN_POINT('',(0.475902,1.100422,1.275));
#3446 = CIRCLE('',#3447,0.149999956076);
#3447 = AXIS2_PLACEMENT_3D('',#3448,#3449,#3450);
#3448 = CARTESIAN_POINT('',(0.457141069417,0.951599910556,1.275));
#3449 = DIRECTION('',(0.,0.,-1.));
#3450 = DIRECTION('',(-0.495233941133,-0.868759658104,-0.));
#3451 = ORIENTED_EDGE('',*,*,#3452,.T.);
#3452 = EDGE_CURVE('',#3444,#3453,#3455,.T.);
#3453 = VERTEX_POINT('',#3454);
#3454 = CARTESIAN_POINT('',(0.710053,1.025409,1.275));
#3455 = LINE('',#3456,#3457);
#3456 = CARTESIAN_POINT('',(0.475902,1.100422,1.275));
#3457 = VECTOR('',#3458,1.);
#3458 = DIRECTION('',(0.952324123497,-0.305088124654,0.));
#3459 = ORIENTED_EDGE('',*,*,#3460,.T.);
#3460 = EDGE_CURVE('',#3453,#3461,#3463,.T.);
#3461 = VERTEX_POINT('',#3462);
#3462 = CARTESIAN_POINT('',(1.031255,1.025409,1.275));
#3463 = LINE('',#3464,#3465);
#3464 = CARTESIAN_POINT('',(0.710053,1.025409,1.275));
#3465 = VECTOR('',#3466,1.);
#3466 = DIRECTION('',(1.,0.,0.));
#3467 = ORIENTED_EDGE('',*,*,#3468,.T.);
#3468 = EDGE_CURVE('',#3461,#3469,#3471,.T.);
#3469 = VERTEX_POINT('',#3470);
#3470 = CARTESIAN_POINT('',(1.221427,1.21558,1.275));
#3471 = CIRCLE('',#3472,0.265146842221);
#3472 = AXIS2_PLACEMENT_3D('',#3473,#3474,#3475);
#3473 = CARTESIAN_POINT('',(0.964755150313,1.282081199374,1.275));
#3474 = DIRECTION('',(0.,0.,1.));
#3475 = DIRECTION('',(0.250803853178,-0.968037926546,0.));
#3476 = ORIENTED_EDGE('',*,*,#3477,.T.);
#3477 = EDGE_CURVE('',#3469,#3478,#3480,.T.);
#3478 = VERTEX_POINT('',#3479);
#3479 = CARTESIAN_POINT('',(1.221427,1.297142,1.275));
#3480 = LINE('',#3481,#3482);
#3481 = CARTESIAN_POINT('',(1.221427,1.21558,1.275));
#3482 = VECTOR('',#3483,1.);
#3483 = DIRECTION('',(0.,1.,0.));
#3484 = ORIENTED_EDGE('',*,*,#3485,.T.);
#3485 = EDGE_CURVE('',#3478,#3486,#3488,.T.);
#3486 = VERTEX_POINT('',#3487);
#3487 = CARTESIAN_POINT('',(1.171959,1.396078,1.275));
#3488 = LINE('',#3489,#3490);
#3489 = CARTESIAN_POINT('',(1.221427,1.297142,1.275));
#3490 = VECTOR('',#3491,1.);
#3491 = DIRECTION('',(-0.4472135955,0.894427191,0.));
#3492 = ORIENTED_EDGE('',*,*,#3493,.T.);
#3493 = EDGE_CURVE('',#3486,#3494,#3496,.T.);
#3494 = VERTEX_POINT('',#3495);
#3495 = CARTESIAN_POINT('',(1.130193,1.437844,1.275));
#3496 = LINE('',#3497,#3498);
#3497 = CARTESIAN_POINT('',(1.171959,1.396078,1.275));
#3498 = VECTOR('',#3499,1.);
#3499 = DIRECTION('',(-0.707106781187,0.707106781187,0.));
#3500 = ORIENTED_EDGE('',*,*,#3501,.T.);
#3501 = EDGE_CURVE('',#3494,#3502,#3504,.T.);
#3502 = VERTEX_POINT('',#3503);
#3503 = CARTESIAN_POINT('',(1.014308,1.495787,1.275));
#3504 = LINE('',#3505,#3506);
#3505 = CARTESIAN_POINT('',(1.130193,1.437844,1.275));
#3506 = VECTOR('',#3507,1.);
#3507 = DIRECTION('',(-0.894425647351,0.447216682784,0.));
#3508 = ORIENTED_EDGE('',*,*,#3509,.T.);
#3509 = EDGE_CURVE('',#3502,#3510,#3512,.T.);
#3510 = VERTEX_POINT('',#3511);
#3511 = CARTESIAN_POINT('',(0.696962,1.57852,1.275));
#3512 = LINE('',#3513,#3514);
#3513 = CARTESIAN_POINT('',(1.014308,1.495787,1.275));
#3514 = VECTOR('',#3515,1.);
#3515 = DIRECTION('',(-0.967656668356,0.252270831027,0.));
#3516 = ORIENTED_EDGE('',*,*,#3517,.T.);
#3517 = EDGE_CURVE('',#3510,#3518,#3520,.T.);
#3518 = VERTEX_POINT('',#3519);
#3519 = CARTESIAN_POINT('',(0.517554,1.671196,1.275));
#3520 = LINE('',#3521,#3522);
#3521 = CARTESIAN_POINT('',(0.696962,1.57852,1.275));
#3522 = VECTOR('',#3523,1.);
#3523 = DIRECTION('',(-0.88846252483,0.458949171448,0.));
#3524 = ORIENTED_EDGE('',*,*,#3525,.T.);
#3525 = EDGE_CURVE('',#3518,#3526,#3528,.T.);
#3526 = VERTEX_POINT('',#3527);
#3527 = CARTESIAN_POINT('',(0.408611,1.78255,1.275));
#3528 = LINE('',#3529,#3530);
#3529 = CARTESIAN_POINT('',(0.517554,1.671196,1.275));
#3530 = VECTOR('',#3531,1.);
#3531 = DIRECTION('',(-0.699326100363,0.714802773743,0.));
#3532 = ORIENTED_EDGE('',*,*,#3533,.T.);
#3533 = EDGE_CURVE('',#3526,#3534,#3536,.T.);
#3534 = VERTEX_POINT('',#3535);
#3535 = CARTESIAN_POINT('',(0.312468,1.978647,1.275));
#3536 = LINE('',#3537,#3538);
#3537 = CARTESIAN_POINT('',(0.408611,1.78255,1.275));
#3538 = VECTOR('',#3539,1.);
#3539 = DIRECTION('',(-0.440220047483,0.897889920756,0.));
#3540 = ORIENTED_EDGE('',*,*,#3541,.T.);
#3541 = EDGE_CURVE('',#3534,#3542,#3544,.T.);
#3542 = VERTEX_POINT('',#3543);
#3543 = CARTESIAN_POINT('',(0.307141,2.018266,1.275));
#3544 = LINE('',#3545,#3546);
#3545 = CARTESIAN_POINT('',(0.312468,1.978647,1.275));
#3546 = VECTOR('',#3547,1.);
#3547 = DIRECTION('',(-0.133256557566,0.991081575788,0.));
#3548 = ORIENTED_EDGE('',*,*,#3549,.T.);
#3549 = EDGE_CURVE('',#3542,#3550,#3552,.T.);
#3550 = VERTEX_POINT('',#3551);
#3551 = CARTESIAN_POINT('',(0.310023,2.199911,1.275));
#3552 = LINE('',#3553,#3554);
#3553 = CARTESIAN_POINT('',(0.307141,2.018266,1.275));
#3554 = VECTOR('',#3555,1.);
#3555 = DIRECTION('',(1.586411583288E-02,0.999874156996,0.));
#3556 = ORIENTED_EDGE('',*,*,#3557,.T.);
#3557 = EDGE_CURVE('',#3550,#3558,#3560,.T.);
#3558 = VERTEX_POINT('',#3559);
#3559 = CARTESIAN_POINT('',(0.322977,2.237729,1.275));
#3560 = LINE('',#3561,#3562);
#3561 = CARTESIAN_POINT('',(0.310023,2.199911,1.275));
#3562 = VECTOR('',#3563,1.);
#3563 = DIRECTION('',(0.32405186212,0.946039317712,0.));
#3564 = ORIENTED_EDGE('',*,*,#3565,.T.);
#3565 = EDGE_CURVE('',#3558,#3566,#3568,.T.);
#3566 = VERTEX_POINT('',#3567);
#3567 = CARTESIAN_POINT('',(0.414833,2.414996,1.275));
#3568 = LINE('',#3569,#3570);
#3569 = CARTESIAN_POINT('',(0.322977,2.237729,1.275));
#3570 = VECTOR('',#3571,1.);
#3571 = DIRECTION('',(0.460079426783,0.887877762449,0.));
#3572 = ORIENTED_EDGE('',*,*,#3573,.T.);
#3573 = EDGE_CURVE('',#3566,#3232,#3574,.T.);
#3574 = LINE('',#3575,#3576);
#3575 = CARTESIAN_POINT('',(0.414833,2.414996,1.275));
#3576 = VECTOR('',#3577,1.);
#3577 = DIRECTION('',(0.714796425534,0.699332589004,0.));
#3578 = PLANE('',#3579);
#3579 = AXIS2_PLACEMENT_3D('',#3580,#3581,#3582);
#3580 = CARTESIAN_POINT('',(0.,0.,1.275));
#3581 = DIRECTION('',(0.,0.,1.));
#3582 = DIRECTION('',(1.,0.,-0.));
#3583 = SHELL_BASED_SURFACE_MODEL('',(#3584));
#3584 = OPEN_SHELL('',(#3585));
#3585 = ADVANCED_FACE('',(#3586),#3842,.T.);
#3586 = FACE_BOUND('',#3587,.F.);
#3587 = EDGE_LOOP('',(#3588,#3599,#3607,#3616,#3624,#3632,#3640,#3648,
    #3656,#3664,#3672,#3680,#3688,#3696,#3704,#3712,#3720,#3728,#3736,
    #3744,#3752,#3761,#3769,#3778,#3786,#3795,#3803,#3811,#3819,#3828,
    #3836));
#3588 = ORIENTED_EDGE('',*,*,#3589,.T.);
#3589 = EDGE_CURVE('',#3590,#3592,#3594,.T.);
#3590 = VERTEX_POINT('',#3591);
#3591 = CARTESIAN_POINT('',(4.999307,2.328291,1.275));
#3592 = VERTEX_POINT('',#3593);
#3593 = CARTESIAN_POINT('',(4.999307,2.622527,1.275));
#3594 = CIRCLE('',#3595,0.150000292066);
#3595 = AXIS2_PLACEMENT_3D('',#3596,#3597,#3598);
#3596 = CARTESIAN_POINT('',(5.028571,2.475409,1.275));
#3597 = DIRECTION('',(0.,0.,-1.));
#3598 = DIRECTION('',(-0.195092953466,-0.980784756972,-0.));
#3599 = ORIENTED_EDGE('',*,*,#3600,.T.);
#3600 = EDGE_CURVE('',#3592,#3601,#3603,.T.);
#3601 = VERTEX_POINT('',#3602);
#3602 = CARTESIAN_POINT('',(6.034518,2.623885,1.275));
#3603 = LINE('',#3604,#3605);
#3604 = CARTESIAN_POINT('',(4.999307,2.622527,1.275));
#3605 = VECTOR('',#3606,1.);
#3606 = DIRECTION('',(0.999999139579,1.311808734208E-03,0.));
#3607 = ORIENTED_EDGE('',*,*,#3608,.T.);
#3608 = EDGE_CURVE('',#3601,#3609,#3611,.T.);
#3609 = VERTEX_POINT('',#3610);
#3610 = CARTESIAN_POINT('',(6.166165,2.504673,1.275));
#3611 = CIRCLE('',#3612,0.147384336188);
#3612 = AXIS2_PLACEMENT_3D('',#3613,#3614,#3615);
#3613 = CARTESIAN_POINT('',(6.021385336882,2.477086921971,1.275));
#3614 = DIRECTION('',(0.,0.,-1.));
#3615 = DIRECTION('',(8.910487679827E-02,0.996022249215,0.));
#3616 = ORIENTED_EDGE('',*,*,#3617,.T.);
#3617 = EDGE_CURVE('',#3609,#3618,#3620,.T.);
#3618 = VERTEX_POINT('',#3619);
#3619 = CARTESIAN_POINT('',(6.166165,2.446145,1.275));
#3620 = LINE('',#3621,#3622);
#3621 = CARTESIAN_POINT('',(6.166165,2.504673,1.275));
#3622 = VECTOR('',#3623,1.);
#3623 = DIRECTION('',(0.,-1.,0.));
#3624 = ORIENTED_EDGE('',*,*,#3625,.T.);
#3625 = EDGE_CURVE('',#3618,#3626,#3628,.T.);
#3626 = VERTEX_POINT('',#3627);
#3627 = CARTESIAN_POINT('',(6.140975,2.389281,1.275));
#3628 = LINE('',#3629,#3630);
#3629 = CARTESIAN_POINT('',(6.166165,2.446145,1.275));
#3630 = VECTOR('',#3631,1.);
#3631 = DIRECTION('',(-0.405025245921,-0.914305501551,0.));
#3632 = ORIENTED_EDGE('',*,*,#3633,.T.);
#3633 = EDGE_CURVE('',#3626,#3634,#3636,.T.);
#3634 = VERTEX_POINT('',#3635);
#3635 = CARTESIAN_POINT('',(5.796014,1.992725,1.275));
#3636 = LINE('',#3637,#3638);
#3637 = CARTESIAN_POINT('',(6.140975,2.389281,1.275));
#3638 = VECTOR('',#3639,1.);
#3639 = DIRECTION('',(-0.656319214605,-0.754483325555,0.));
#3640 = ORIENTED_EDGE('',*,*,#3641,.T.);
#3641 = EDGE_CURVE('',#3634,#3642,#3644,.T.);
#3642 = VERTEX_POINT('',#3643);
#3643 = CARTESIAN_POINT('',(5.958633,1.908194,1.275));
#3644 = LINE('',#3645,#3646);
#3645 = CARTESIAN_POINT('',(5.796014,1.992725,1.275));
#3646 = VECTOR('',#3647,1.);
#3647 = DIRECTION('',(0.887285756899,-0.461220105378,0.));
#3648 = ORIENTED_EDGE('',*,*,#3649,.T.);
#3649 = EDGE_CURVE('',#3642,#3650,#3652,.T.);
#3650 = VERTEX_POINT('',#3651);
#3651 = CARTESIAN_POINT('',(6.067578,1.79684,1.275));
#3652 = LINE('',#3653,#3654);
#3653 = CARTESIAN_POINT('',(5.958633,1.908194,1.275));
#3654 = VECTOR('',#3655,1.);
#3655 = DIRECTION('',(0.699332659958,-0.714796356115,0.));
#3656 = ORIENTED_EDGE('',*,*,#3657,.T.);
#3657 = EDGE_CURVE('',#3650,#3658,#3660,.T.);
#3658 = VERTEX_POINT('',#3659);
#3659 = CARTESIAN_POINT('',(6.163721,1.600741,1.275));
#3660 = LINE('',#3661,#3662);
#3661 = CARTESIAN_POINT('',(6.067578,1.79684,1.275));
#3662 = VECTOR('',#3663,1.);
#3663 = DIRECTION('',(0.440216427788,-0.897891695421,0.));
#3664 = ORIENTED_EDGE('',*,*,#3665,.T.);
#3665 = EDGE_CURVE('',#3658,#3666,#3668,.T.);
#3666 = VERTEX_POINT('',#3667);
#3667 = CARTESIAN_POINT('',(6.169047,1.561123,1.275));
#3668 = LINE('',#3669,#3670);
#3669 = CARTESIAN_POINT('',(6.163721,1.600741,1.275));
#3670 = VECTOR('',#3671,1.);
#3671 = DIRECTION('',(0.133235289557,-0.99108443516,0.));
#3672 = ORIENTED_EDGE('',*,*,#3673,.T.);
#3673 = EDGE_CURVE('',#3666,#3674,#3676,.T.);
#3674 = VERTEX_POINT('',#3675);
#3675 = CARTESIAN_POINT('',(6.166165,1.150907,1.275));
#3676 = LINE('',#3677,#3678);
#3677 = CARTESIAN_POINT('',(6.169047,1.561123,1.275));
#3678 = VECTOR('',#3679,1.);
#3679 = DIRECTION('',(-7.025393638721E-03,-0.999975321618,0.));
#3680 = ORIENTED_EDGE('',*,*,#3681,.T.);
#3681 = EDGE_CURVE('',#3674,#3682,#3684,.T.);
#3682 = VERTEX_POINT('',#3683);
#3683 = CARTESIAN_POINT('',(6.153211,1.113089,1.275));
#3684 = LINE('',#3685,#3686);
#3685 = CARTESIAN_POINT('',(6.166165,1.150907,1.275));
#3686 = VECTOR('',#3687,1.);
#3687 = DIRECTION('',(-0.32405186212,-0.946039317712,0.));
#3688 = ORIENTED_EDGE('',*,*,#3689,.T.);
#3689 = EDGE_CURVE('',#3682,#3690,#3692,.T.);
#3690 = VERTEX_POINT('',#3691);
#3691 = CARTESIAN_POINT('',(6.061356,0.935823,1.275));
#3692 = LINE('',#3693,#3694);
#3693 = CARTESIAN_POINT('',(6.153211,1.113089,1.275));
#3694 = VECTOR('',#3695,1.);
#3695 = DIRECTION('',(-0.4600775243,-0.887878748273,0.));
#3696 = ORIENTED_EDGE('',*,*,#3697,.T.);
#3697 = EDGE_CURVE('',#3690,#3698,#3700,.T.);
#3698 = VERTEX_POINT('',#3699);
#3699 = CARTESIAN_POINT('',(5.950001,0.826879,1.275));
#3700 = LINE('',#3701,#3702);
#3701 = CARTESIAN_POINT('',(6.061356,0.935823,1.275));
#3702 = VECTOR('',#3703,1.);
#3703 = DIRECTION('',(-0.714802704267,-0.699326171377,0.));
#3704 = ORIENTED_EDGE('',*,*,#3705,.T.);
#3705 = EDGE_CURVE('',#3698,#3706,#3708,.T.);
#3706 = VERTEX_POINT('',#3707);
#3707 = CARTESIAN_POINT('',(5.753904,0.730736,1.275));
#3708 = LINE('',#3709,#3710);
#3709 = CARTESIAN_POINT('',(5.950001,0.826879,1.275));
#3710 = VECTOR('',#3711,1.);
#3711 = DIRECTION('',(-0.897889920756,-0.440220047483,0.));
#3712 = ORIENTED_EDGE('',*,*,#3713,.T.);
#3713 = EDGE_CURVE('',#3706,#3714,#3716,.T.);
#3714 = VERTEX_POINT('',#3715);
#3715 = CARTESIAN_POINT('',(5.714285,0.725409,1.275));
#3716 = LINE('',#3717,#3718);
#3717 = CARTESIAN_POINT('',(5.753904,0.730736,1.275));
#3718 = VECTOR('',#3719,1.);
#3719 = DIRECTION('',(-0.991081575788,-0.133256557566,0.));
#3720 = ORIENTED_EDGE('',*,*,#3721,.T.);
#3721 = EDGE_CURVE('',#3714,#3722,#3724,.T.);
#3722 = VERTEX_POINT('',#3723);
#3723 = CARTESIAN_POINT('',(5.227878,0.728291,1.275));
#3724 = LINE('',#3725,#3726);
#3725 = CARTESIAN_POINT('',(5.714285,0.725409,1.275));
#3726 = VECTOR('',#3727,1.);
#3727 = DIRECTION('',(-0.99998244718,5.924975201372E-03,0.));
#3728 = ORIENTED_EDGE('',*,*,#3729,.T.);
#3729 = EDGE_CURVE('',#3722,#3730,#3732,.T.);
#3730 = VERTEX_POINT('',#3731);
#3731 = CARTESIAN_POINT('',(5.190059,0.741245,1.275));
#3732 = LINE('',#3733,#3734);
#3733 = CARTESIAN_POINT('',(5.227878,0.728291,1.275));
#3734 = VECTOR('',#3735,1.);
#3735 = DIRECTION('',(-0.946041944495,0.324044193368,0.));
#3736 = ORIENTED_EDGE('',*,*,#3737,.T.);
#3737 = EDGE_CURVE('',#3730,#3738,#3740,.T.);
#3738 = VERTEX_POINT('',#3739);
#3739 = CARTESIAN_POINT('',(5.012793,0.833101,1.275));
#3740 = LINE('',#3741,#3742);
#3741 = CARTESIAN_POINT('',(5.190059,0.741245,1.275));
#3742 = VECTOR('',#3743,1.);
#3743 = DIRECTION('',(-0.887876702234,0.460081472817,0.));
#3744 = ORIENTED_EDGE('',*,*,#3745,.T.);
#3745 = EDGE_CURVE('',#3738,#3746,#3748,.T.);
#3746 = VERTEX_POINT('',#3747);
#3747 = CARTESIAN_POINT('',(4.90385,0.944455,1.275));
#3748 = LINE('',#3749,#3750);
#3749 = CARTESIAN_POINT('',(5.012793,0.833101,1.275));
#3750 = VECTOR('',#3751,1.);
#3751 = DIRECTION('',(-0.699326100363,0.714802773743,0.));
#3752 = ORIENTED_EDGE('',*,*,#3753,.T.);
#3753 = EDGE_CURVE('',#3746,#3754,#3756,.T.);
#3754 = VERTEX_POINT('',#3755);
#3755 = CARTESIAN_POINT('',(5.111906,1.152511,1.275));
#3756 = CIRCLE('',#3757,0.150000166887);
#3757 = AXIS2_PLACEMENT_3D('',#3758,#3759,#3760);
#3758 = CARTESIAN_POINT('',(5.028571,1.02779,1.275));
#3759 = DIRECTION('',(0.,0.,-1.));
#3760 = DIRECTION('',(-0.831472408256,-0.555566048557,-0.));
#3761 = ORIENTED_EDGE('',*,*,#3762,.T.);
#3762 = EDGE_CURVE('',#3754,#3763,#3765,.T.);
#3763 = VERTEX_POINT('',#3764);
#3764 = CARTESIAN_POINT('',(5.193615,1.074877,1.275));
#3765 = LINE('',#3766,#3767);
#3766 = CARTESIAN_POINT('',(5.111906,1.152511,1.275));
#3767 = VECTOR('',#3768,1.);
#3768 = DIRECTION('',(0.724953134699,-0.688798194314,0.));
#3769 = ORIENTED_EDGE('',*,*,#3770,.T.);
#3770 = EDGE_CURVE('',#3763,#3771,#3773,.T.);
#3771 = VERTEX_POINT('',#3772);
#3772 = CARTESIAN_POINT('',(5.777813,1.074878,1.275));
#3773 = CIRCLE('',#3774,0.545352682606);
#3774 = AXIS2_PLACEMENT_3D('',#3775,#3776,#3777);
#3775 = CARTESIAN_POINT('',(5.485713211689,1.535407328159,1.275));
#3776 = DIRECTION('',(0.,0.,1.));
#3777 = DIRECTION('',(-0.535613413127,-0.844463303926,0.));
#3778 = ORIENTED_EDGE('',*,*,#3779,.T.);
#3779 = EDGE_CURVE('',#3771,#3780,#3782,.T.);
#3780 = VERTEX_POINT('',#3781);
#3781 = CARTESIAN_POINT('',(5.819579,1.116644,1.275));
#3782 = LINE('',#3783,#3784);
#3783 = CARTESIAN_POINT('',(5.777813,1.074878,1.275));
#3784 = VECTOR('',#3785,1.);
#3785 = DIRECTION('',(0.707106781187,0.707106781187,0.));
#3786 = ORIENTED_EDGE('',*,*,#3787,.T.);
#3787 = EDGE_CURVE('',#3780,#3788,#3790,.T.);
#3788 = VERTEX_POINT('',#3789);
#3789 = CARTESIAN_POINT('',(5.819578,1.62465,1.275));
#3790 = CIRCLE('',#3791,0.460684422886);
#3791 = AXIS2_PLACEMENT_3D('',#3792,#3793,#3794);
#3792 = CARTESIAN_POINT('',(5.435244513108,1.370646243446,1.275));
#3793 = DIRECTION('',(0.,-0.,1.));
#3794 = DIRECTION('',(0.834268466218,-0.551358437202,-0.));
#3795 = ORIENTED_EDGE('',*,*,#3796,.T.);
#3796 = EDGE_CURVE('',#3788,#3797,#3799,.T.);
#3797 = VERTEX_POINT('',#3798);
#3798 = CARTESIAN_POINT('',(5.777812,1.666416,1.275));
#3799 = LINE('',#3800,#3801);
#3800 = CARTESIAN_POINT('',(5.819578,1.62465,1.275));
#3801 = VECTOR('',#3802,1.);
#3802 = DIRECTION('',(-0.707106781187,0.707106781187,0.));
#3803 = ORIENTED_EDGE('',*,*,#3804,.T.);
#3804 = EDGE_CURVE('',#3797,#3805,#3807,.T.);
#3805 = VERTEX_POINT('',#3806);
#3806 = CARTESIAN_POINT('',(5.678875,1.715885,1.275));
#3807 = LINE('',#3808,#3809);
#3808 = CARTESIAN_POINT('',(5.777812,1.666416,1.275));
#3809 = VECTOR('',#3810,1.);
#3810 = DIRECTION('',(-0.894425382922,0.447217211637,0.));
#3811 = ORIENTED_EDGE('',*,*,#3812,.T.);
#3812 = EDGE_CURVE('',#3805,#3813,#3815,.T.);
#3813 = VERTEX_POINT('',#3814);
#3814 = CARTESIAN_POINT('',(5.45645,1.718767,1.275));
#3815 = LINE('',#3816,#3817);
#3816 = CARTESIAN_POINT('',(5.678875,1.715885,1.275));
#3817 = VECTOR('',#3818,1.);
#3818 = DIRECTION('',(-0.999916066356,1.295608903333E-02,0.));
#3819 = ORIENTED_EDGE('',*,*,#3820,.T.);
#3820 = EDGE_CURVE('',#3813,#3821,#3823,.T.);
#3821 = VERTEX_POINT('',#3822);
#3822 = CARTESIAN_POINT('',(5.363783,1.95201,1.275));
#3823 = CIRCLE('',#3824,0.149302563159);
#3824 = AXIS2_PLACEMENT_3D('',#3825,#3826,#3827);
#3825 = CARTESIAN_POINT('',(5.485294811416,1.865256700049,1.275));
#3826 = DIRECTION('',(0.,0.,-1.));
#3827 = DIRECTION('',(-0.193197027602,-0.981159981107,-0.));
#3828 = ORIENTED_EDGE('',*,*,#3829,.T.);
#3829 = EDGE_CURVE('',#3821,#3830,#3832,.T.);
#3830 = VERTEX_POINT('',#3831);
#3831 = CARTESIAN_POINT('',(5.688482,2.325409,1.275));
#3832 = LINE('',#3833,#3834);
#3833 = CARTESIAN_POINT('',(5.363783,1.95201,1.275));
#3834 = VECTOR('',#3835,1.);
#3835 = DIRECTION('',(0.656183568112,0.754601301973,0.));
#3836 = ORIENTED_EDGE('',*,*,#3837,.T.);
#3837 = EDGE_CURVE('',#3830,#3590,#3838,.T.);
#3838 = LINE('',#3839,#3840);
#3839 = CARTESIAN_POINT('',(5.688482,2.325409,1.275));
#3840 = VECTOR('',#3841,1.);
#3841 = DIRECTION('',(-0.999991256341,4.181775021981E-03,0.));
#3842 = PLANE('',#3843);
#3843 = AXIS2_PLACEMENT_3D('',#3844,#3845,#3846);
#3844 = CARTESIAN_POINT('',(0.,0.,1.275));
#3845 = DIRECTION('',(0.,0.,1.));
#3846 = DIRECTION('',(1.,0.,-0.));
#3847 = SHELL_BASED_SURFACE_MODEL('',(#3848));
#3848 = OPEN_SHELL('',(#3849));
#3849 = ADVANCED_FACE('',(#3850,#4014),#4116,.T.);
#3850 = FACE_BOUND('',#3851,.F.);
#3851 = EDGE_LOOP('',(#3852,#3862,#3870,#3878,#3886,#3894,#3902,#3910,
    #3919,#3927,#3935,#3943,#3951,#3959,#3967,#3975,#3983,#3991,#4000,
    #4008));
#3852 = ORIENTED_EDGE('',*,*,#3853,.T.);
#3853 = EDGE_CURVE('',#3854,#3856,#3858,.T.);
#3854 = VERTEX_POINT('',#3855);
#3855 = CARTESIAN_POINT('',(6.773807,2.52394,1.275));
#3856 = VERTEX_POINT('',#3857);
#3857 = CARTESIAN_POINT('',(6.969906,2.620083,1.275));
#3858 = LINE('',#3859,#3860);
#3859 = CARTESIAN_POINT('',(6.773807,2.52394,1.275));
#3860 = VECTOR('',#3861,1.);
#3861 = DIRECTION('',(0.897891695421,0.440216427788,0.));
#3862 = ORIENTED_EDGE('',*,*,#3863,.T.);
#3863 = EDGE_CURVE('',#3856,#3864,#3866,.T.);
#3864 = VERTEX_POINT('',#3865);
#3865 = CARTESIAN_POINT('',(7.009524,2.625409,1.275));
#3866 = LINE('',#3867,#3868);
#3867 = CARTESIAN_POINT('',(6.969906,2.620083,1.275));
#3868 = VECTOR('',#3869,1.);
#3869 = DIRECTION('',(0.99108443516,0.133235289557,0.));
#3870 = ORIENTED_EDGE('',*,*,#3871,.T.);
#3871 = EDGE_CURVE('',#3864,#3872,#3874,.T.);
#3872 = VERTEX_POINT('',#3873);
#3873 = CARTESIAN_POINT('',(7.191169,2.622527,1.275));
#3874 = LINE('',#3875,#3876);
#3875 = CARTESIAN_POINT('',(7.009524,2.625409,1.275));
#3876 = VECTOR('',#3877,1.);
#3877 = DIRECTION('',(0.999874156996,-1.586411583288E-02,0.));
#3878 = ORIENTED_EDGE('',*,*,#3879,.T.);
#3879 = EDGE_CURVE('',#3872,#3880,#3882,.T.);
#3880 = VERTEX_POINT('',#3881);
#3881 = CARTESIAN_POINT('',(7.228987,2.609573,1.275));
#3882 = LINE('',#3883,#3884);
#3883 = CARTESIAN_POINT('',(7.191169,2.622527,1.275));
#3884 = VECTOR('',#3885,1.);
#3885 = DIRECTION('',(0.946039317712,-0.32405186212,0.));
#3886 = ORIENTED_EDGE('',*,*,#3887,.T.);
#3887 = EDGE_CURVE('',#3880,#3888,#3890,.T.);
#3888 = VERTEX_POINT('',#3889);
#3889 = CARTESIAN_POINT('',(7.406253,2.517718,1.275));
#3890 = LINE('',#3891,#3892);
#3891 = CARTESIAN_POINT('',(7.228987,2.609573,1.275));
#3892 = VECTOR('',#3893,1.);
#3893 = DIRECTION('',(0.887878748273,-0.4600775243,0.));
#3894 = ORIENTED_EDGE('',*,*,#3895,.T.);
#3895 = EDGE_CURVE('',#3888,#3896,#3898,.T.);
#3896 = VERTEX_POINT('',#3897);
#3897 = CARTESIAN_POINT('',(7.515198,2.406362,1.275));
#3898 = LINE('',#3899,#3900);
#3899 = CARTESIAN_POINT('',(7.406253,2.517718,1.275));
#3900 = VECTOR('',#3901,1.);
#3901 = DIRECTION('',(0.699326242389,-0.714802634792,0.));
#3902 = ORIENTED_EDGE('',*,*,#3903,.T.);
#3903 = EDGE_CURVE('',#3896,#3904,#3906,.T.);
#3904 = VERTEX_POINT('',#3905);
#3905 = CARTESIAN_POINT('',(7.61134,2.210266,1.275));
#3906 = LINE('',#3907,#3908);
#3907 = CARTESIAN_POINT('',(7.515198,2.406362,1.275));
#3908 = VECTOR('',#3909,1.);
#3909 = DIRECTION('',(0.440218165869,-0.897890843276,0.));
#3910 = ORIENTED_EDGE('',*,*,#3911,.T.);
#3911 = EDGE_CURVE('',#3904,#3912,#3914,.T.);
#3912 = VERTEX_POINT('',#3913);
#3913 = CARTESIAN_POINT('',(7.602295,1.1161,1.275));
#3914 = CIRCLE('',#3915,1.571445680639);
#3915 = AXIS2_PLACEMENT_3D('',#3916,#3917,#3918);
#3916 = CARTESIAN_POINT('',(6.133734685751,1.675360342428,1.275));
#3917 = DIRECTION('',(0.,0.,-1.));
#3918 = DIRECTION('',(0.940284053374,0.340390803298,0.));
#3919 = ORIENTED_EDGE('',*,*,#3920,.T.);
#3920 = EDGE_CURVE('',#3912,#3921,#3923,.T.);
#3921 = VERTEX_POINT('',#3922);
#3922 = CARTESIAN_POINT('',(7.508975,0.935822,1.275));
#3923 = LINE('',#3924,#3925);
#3924 = CARTESIAN_POINT('',(7.602295,1.1161,1.275));
#3925 = VECTOR('',#3926,1.);
#3926 = DIRECTION('',(-0.459705662363,-0.888071339472,0.));
#3927 = ORIENTED_EDGE('',*,*,#3928,.T.);
#3928 = EDGE_CURVE('',#3921,#3929,#3931,.T.);
#3929 = VERTEX_POINT('',#3930);
#3930 = CARTESIAN_POINT('',(7.397621,0.826879,1.275));
#3931 = LINE('',#3932,#3933);
#3932 = CARTESIAN_POINT('',(7.508975,0.935822,1.275));
#3933 = VECTOR('',#3934,1.);
#3934 = DIRECTION('',(-0.714802773743,-0.699326100363,0.));
#3935 = ORIENTED_EDGE('',*,*,#3936,.T.);
#3936 = EDGE_CURVE('',#3929,#3937,#3939,.T.);
#3937 = VERTEX_POINT('',#3938);
#3938 = CARTESIAN_POINT('',(7.201524,0.730736,1.275));
#3939 = LINE('',#3940,#3941);
#3940 = CARTESIAN_POINT('',(7.397621,0.826879,1.275));
#3941 = VECTOR('',#3942,1.);
#3942 = DIRECTION('',(-0.897889920756,-0.440220047483,0.));
#3943 = ORIENTED_EDGE('',*,*,#3944,.T.);
#3944 = EDGE_CURVE('',#3937,#3945,#3947,.T.);
#3945 = VERTEX_POINT('',#3946);
#3946 = CARTESIAN_POINT('',(7.161905,0.725409,1.275));
#3947 = LINE('',#3948,#3949);
#3948 = CARTESIAN_POINT('',(7.201524,0.730736,1.275));
#3949 = VECTOR('',#3950,1.);
#3950 = DIRECTION('',(-0.991081575788,-0.133256557566,0.));
#3951 = ORIENTED_EDGE('',*,*,#3952,.T.);
#3952 = EDGE_CURVE('',#3945,#3953,#3955,.T.);
#3953 = VERTEX_POINT('',#3954);
#3954 = CARTESIAN_POINT('',(6.98026,0.728291,1.275));
#3955 = LINE('',#3956,#3957);
#3956 = CARTESIAN_POINT('',(7.161905,0.725409,1.275));
#3957 = VECTOR('',#3958,1.);
#3958 = DIRECTION('',(-0.999874156996,1.586411583288E-02,0.));
#3959 = ORIENTED_EDGE('',*,*,#3960,.T.);
#3960 = EDGE_CURVE('',#3953,#3961,#3963,.T.);
#3961 = VERTEX_POINT('',#3962);
#3962 = CARTESIAN_POINT('',(6.942441,0.741245,1.275));
#3963 = LINE('',#3964,#3965);
#3964 = CARTESIAN_POINT('',(6.98026,0.728291,1.275));
#3965 = VECTOR('',#3966,1.);
#3966 = DIRECTION('',(-0.946041944495,0.324044193368,0.));
#3967 = ORIENTED_EDGE('',*,*,#3968,.T.);
#3968 = EDGE_CURVE('',#3961,#3969,#3971,.T.);
#3969 = VERTEX_POINT('',#3970);
#3970 = CARTESIAN_POINT('',(6.765175,0.833101,1.275));
#3971 = LINE('',#3972,#3973);
#3972 = CARTESIAN_POINT('',(6.942441,0.741245,1.275));
#3973 = VECTOR('',#3974,1.);
#3974 = DIRECTION('',(-0.887876702234,0.460081472817,0.));
#3975 = ORIENTED_EDGE('',*,*,#3976,.T.);
#3976 = EDGE_CURVE('',#3969,#3977,#3979,.T.);
#3977 = VERTEX_POINT('',#3978);
#3978 = CARTESIAN_POINT('',(6.656232,0.944454,1.275));
#3979 = LINE('',#3980,#3981);
#3980 = CARTESIAN_POINT('',(6.765175,0.833101,1.275));
#3981 = VECTOR('',#3982,1.);
#3982 = DIRECTION('',(-0.699329309199,0.71479963437,0.));
#3983 = ORIENTED_EDGE('',*,*,#3984,.T.);
#3984 = EDGE_CURVE('',#3977,#3985,#3987,.T.);
#3985 = VERTEX_POINT('',#3986);
#3986 = CARTESIAN_POINT('',(6.560088,1.140553,1.275));
#3987 = LINE('',#3988,#3989);
#3988 = CARTESIAN_POINT('',(6.656232,0.944454,1.275));
#3989 = VECTOR('',#3990,1.);
#3990 = DIRECTION('',(-0.440220119223,0.897889885583,0.));
#3991 = ORIENTED_EDGE('',*,*,#3992,.T.);
#3992 = EDGE_CURVE('',#3985,#3993,#3995,.T.);
#3993 = VERTEX_POINT('',#3994);
#3994 = CARTESIAN_POINT('',(6.569134,2.234719,1.275));
#3995 = CIRCLE('',#3996,1.571437977724);
#3996 = AXIS2_PLACEMENT_3D('',#3997,#3998,#3999);
#3997 = CARTESIAN_POINT('',(8.037685584878,1.675457379302,1.275));
#3998 = DIRECTION('',(0.,0.,-1.));
#3999 = DIRECTION('',(-0.940283743822,-0.340391658395,-0.));
#4000 = ORIENTED_EDGE('',*,*,#4001,.T.);
#4001 = EDGE_CURVE('',#3993,#4002,#4004,.T.);
#4002 = VERTEX_POINT('',#4003);
#4003 = CARTESIAN_POINT('',(6.662453,2.414995,1.275));
#4004 = LINE('',#4005,#4006);
#4005 = CARTESIAN_POINT('',(6.569134,2.234719,1.275));
#4006 = VECTOR('',#4007,1.);
#4007 = DIRECTION('',(0.459705799469,0.8880712685,0.));
#4008 = ORIENTED_EDGE('',*,*,#4009,.T.);
#4009 = EDGE_CURVE('',#4002,#3854,#4010,.T.);
#4010 = LINE('',#4011,#4012);
#4011 = CARTESIAN_POINT('',(6.662453,2.414995,1.275));
#4012 = VECTOR('',#4013,1.);
#4013 = DIRECTION('',(0.714796356115,0.699332659958,0.));
#4014 = FACE_BOUND('',#4015,.F.);
#4015 = EDGE_LOOP('',(#4016,#4027,#4035,#4043,#4052,#4060,#4068,#4077,
    #4085,#4093,#4102,#4110));
#4016 = ORIENTED_EDGE('',*,*,#4017,.T.);
#4017 = EDGE_CURVE('',#4018,#4020,#4022,.T.);
#4018 = VERTEX_POINT('',#4019);
#4019 = CARTESIAN_POINT('',(7.225431,2.275941,1.275));
#4020 = VERTEX_POINT('',#4021);
#4021 = CARTESIAN_POINT('',(6.945996,2.27594,1.275));
#4022 = CIRCLE('',#4023,0.209244926538);
#4023 = AXIS2_PLACEMENT_3D('',#4024,#4025,#4026);
#4024 = CARTESIAN_POINT('',(7.085714057425,2.12017638515,1.275));
#4025 = DIRECTION('',(0.,0.,1.));
#4026 = DIRECTION('',(0.667719618757,0.744412863086,-0.));
#4027 = ORIENTED_EDGE('',*,*,#4028,.T.);
#4028 = EDGE_CURVE('',#4020,#4029,#4031,.T.);
#4029 = VERTEX_POINT('',#4030);
#4030 = CARTESIAN_POINT('',(6.90423,2.234174,1.275));
#4031 = LINE('',#4032,#4033);
#4032 = CARTESIAN_POINT('',(6.945996,2.27594,1.275));
#4033 = VECTOR('',#4034,1.);
#4034 = DIRECTION('',(-0.707106781187,-0.707106781187,0.));
#4035 = ORIENTED_EDGE('',*,*,#4036,.T.);
#4036 = EDGE_CURVE('',#4029,#4037,#4039,.T.);
#4037 = VERTEX_POINT('',#4038);
#4038 = CARTESIAN_POINT('',(6.846289,2.118291,1.275));
#4039 = LINE('',#4040,#4041);
#4040 = CARTESIAN_POINT('',(6.90423,2.234174,1.275));
#4041 = VECTOR('',#4042,1.);
#4042 = DIRECTION('',(-0.447210508146,-0.89442873467,0.));
#4043 = ORIENTED_EDGE('',*,*,#4044,.T.);
#4044 = EDGE_CURVE('',#4037,#4045,#4047,.T.);
#4045 = VERTEX_POINT('',#4046);
#4046 = CARTESIAN_POINT('',(6.846289,1.232526,1.275));
#4047 = CIRCLE('',#4048,1.275298513343);
#4048 = AXIS2_PLACEMENT_3D('',#4049,#4050,#4051);
#4049 = CARTESIAN_POINT('',(8.042216,1.6754085,1.275));
#4050 = DIRECTION('',(0.,0.,1.));
#4051 = DIRECTION('',(-0.937762404243,0.3472775161,0.));
#4052 = ORIENTED_EDGE('',*,*,#4053,.T.);
#4053 = EDGE_CURVE('',#4045,#4054,#4056,.T.);
#4054 = VERTEX_POINT('',#4055);
#4055 = CARTESIAN_POINT('',(6.904229,1.116644,1.275));
#4056 = LINE('',#4057,#4058);
#4057 = CARTESIAN_POINT('',(6.846289,1.232526,1.275));
#4058 = VECTOR('',#4059,1.);
#4059 = DIRECTION('',(0.447207420723,-0.894430278362,0.));
#4060 = ORIENTED_EDGE('',*,*,#4061,.T.);
#4061 = EDGE_CURVE('',#4054,#4062,#4064,.T.);
#4062 = VERTEX_POINT('',#4063);
#4063 = CARTESIAN_POINT('',(6.945996,1.074878,1.275));
#4064 = LINE('',#4065,#4066);
#4065 = CARTESIAN_POINT('',(6.904229,1.116644,1.275));
#4066 = VECTOR('',#4067,1.);
#4067 = DIRECTION('',(0.707115246135,-0.707098316137,0.));
#4068 = ORIENTED_EDGE('',*,*,#4069,.T.);
#4069 = EDGE_CURVE('',#4062,#4070,#4072,.T.);
#4070 = VERTEX_POINT('',#4071);
#4071 = CARTESIAN_POINT('',(7.225432,1.074878,1.275));
#4072 = CIRCLE('',#4073,0.209244802698);
#4073 = AXIS2_PLACEMENT_3D('',#4074,#4075,#4076);
#4074 = CARTESIAN_POINT('',(7.085714,1.2306415,1.275));
#4075 = DIRECTION('',(0.,0.,1.));
#4076 = DIRECTION('',(-0.667725067473,-0.744407975689,0.));
#4077 = ORIENTED_EDGE('',*,*,#4078,.T.);
#4078 = EDGE_CURVE('',#4070,#4079,#4081,.T.);
#4079 = VERTEX_POINT('',#4080);
#4080 = CARTESIAN_POINT('',(7.267198,1.116644,1.275));
#4081 = LINE('',#4082,#4083);
#4082 = CARTESIAN_POINT('',(7.225432,1.074878,1.275));
#4083 = VECTOR('',#4084,1.);
#4084 = DIRECTION('',(0.707106781187,0.707106781187,0.));
#4085 = ORIENTED_EDGE('',*,*,#4086,.T.);
#4086 = EDGE_CURVE('',#4079,#4087,#4089,.T.);
#4087 = VERTEX_POINT('',#4088);
#4088 = CARTESIAN_POINT('',(7.325139,1.232526,1.275));
#4089 = LINE('',#4090,#4091);
#4090 = CARTESIAN_POINT('',(7.267198,1.116644,1.275));
#4091 = VECTOR('',#4092,1.);
#4092 = DIRECTION('',(0.4472135955,0.894427191,0.));
#4093 = ORIENTED_EDGE('',*,*,#4094,.T.);
#4094 = EDGE_CURVE('',#4087,#4095,#4097,.T.);
#4095 = VERTEX_POINT('',#4096);
#4096 = CARTESIAN_POINT('',(7.325139,2.118291,1.275));
#4097 = CIRCLE('',#4098,1.275303277337);
#4098 = AXIS2_PLACEMENT_3D('',#4099,#4100,#4101);
#4099 = CARTESIAN_POINT('',(6.129206919829,1.6754085,1.275));
#4100 = DIRECTION('',(0.,-0.,1.));
#4101 = DIRECTION('',(0.937762884659,-0.347276218818,-0.));
#4102 = ORIENTED_EDGE('',*,*,#4103,.T.);
#4103 = EDGE_CURVE('',#4095,#4104,#4106,.T.);
#4104 = VERTEX_POINT('',#4105);
#4105 = CARTESIAN_POINT('',(7.267197,2.234174,1.275));
#4106 = LINE('',#4107,#4108);
#4107 = CARTESIAN_POINT('',(7.325139,2.118291,1.275));
#4108 = VECTOR('',#4109,1.);
#4109 = DIRECTION('',(-0.447216682838,0.894425647324,0.));
#4110 = ORIENTED_EDGE('',*,*,#4111,.T.);
#4111 = EDGE_CURVE('',#4104,#4018,#4112,.T.);
#4112 = LINE('',#4113,#4114);
#4113 = CARTESIAN_POINT('',(7.267197,2.234174,1.275));
#4114 = VECTOR('',#4115,1.);
#4115 = DIRECTION('',(-0.707098316137,0.707115246135,0.));
#4116 = PLANE('',#4117);
#4117 = AXIS2_PLACEMENT_3D('',#4118,#4119,#4120);
#4118 = CARTESIAN_POINT('',(0.,0.,1.275));
#4119 = DIRECTION('',(0.,0.,1.));
#4120 = DIRECTION('',(1.,0.,-0.));
#4121 = SHELL_BASED_SURFACE_MODEL('',(#4122));
#4122 = OPEN_SHELL('',(#4123));
#4123 = ADVANCED_FACE('',(#4124,#4383),#4453,.T.);
#4124 = FACE_BOUND('',#4125,.F.);
#4125 = EDGE_LOOP('',(#4126,#4136,#4144,#4152,#4160,#4168,#4176,#4184,
    #4192,#4200,#4208,#4216,#4224,#4232,#4240,#4248,#4257,#4265,#4273,
    #4281,#4289,#4297,#4305,#4313,#4321,#4329,#4337,#4345,#4353,#4361,
    #4369,#4377));
#4126 = ORIENTED_EDGE('',*,*,#4127,.T.);
#4127 = EDGE_CURVE('',#4128,#4130,#4132,.T.);
#4128 = VERTEX_POINT('',#4129);
#4129 = CARTESIAN_POINT('',(8.221426,2.52394,1.275));
#4130 = VERTEX_POINT('',#4131);
#4131 = CARTESIAN_POINT('',(8.417525,2.620083,1.275));
#4132 = LINE('',#4133,#4134);
#4133 = CARTESIAN_POINT('',(8.221426,2.52394,1.275));
#4134 = VECTOR('',#4135,1.);
#4135 = DIRECTION('',(0.897891695421,0.440216427788,0.));
#4136 = ORIENTED_EDGE('',*,*,#4137,.T.);
#4137 = EDGE_CURVE('',#4130,#4138,#4140,.T.);
#4138 = VERTEX_POINT('',#4139);
#4139 = CARTESIAN_POINT('',(8.457143,2.625409,1.275));
#4140 = LINE('',#4141,#4142);
#4141 = CARTESIAN_POINT('',(8.417525,2.620083,1.275));
#4142 = VECTOR('',#4143,1.);
#4143 = DIRECTION('',(0.99108443516,0.133235289557,0.));
#4144 = ORIENTED_EDGE('',*,*,#4145,.T.);
#4145 = EDGE_CURVE('',#4138,#4146,#4148,.T.);
#4146 = VERTEX_POINT('',#4147);
#4147 = CARTESIAN_POINT('',(8.791169,2.622527,1.275));
#4148 = LINE('',#4149,#4150);
#4149 = CARTESIAN_POINT('',(8.457143,2.625409,1.275));
#4150 = VECTOR('',#4151,1.);
#4151 = DIRECTION('',(0.999962780275,-8.627749734307E-03,0.));
#4152 = ORIENTED_EDGE('',*,*,#4153,.T.);
#4153 = EDGE_CURVE('',#4146,#4154,#4156,.T.);
#4154 = VERTEX_POINT('',#4155);
#4155 = CARTESIAN_POINT('',(8.828987,2.609573,1.275));
#4156 = LINE('',#4157,#4158);
#4157 = CARTESIAN_POINT('',(8.791169,2.622527,1.275));
#4158 = VECTOR('',#4159,1.);
#4159 = DIRECTION('',(0.946039317712,-0.32405186212,0.));
#4160 = ORIENTED_EDGE('',*,*,#4161,.T.);
#4161 = EDGE_CURVE('',#4154,#4162,#4164,.T.);
#4162 = VERTEX_POINT('',#4163);
#4163 = CARTESIAN_POINT('',(9.006253,2.517718,1.275));
#4164 = LINE('',#4165,#4166);
#4165 = CARTESIAN_POINT('',(8.828987,2.609573,1.275));
#4166 = VECTOR('',#4167,1.);
#4167 = DIRECTION('',(0.887878748273,-0.4600775243,0.));
#4168 = ORIENTED_EDGE('',*,*,#4169,.T.);
#4169 = EDGE_CURVE('',#4162,#4170,#4172,.T.);
#4170 = VERTEX_POINT('',#4171);
#4171 = CARTESIAN_POINT('',(9.115198,2.406364,1.275));
#4172 = LINE('',#4173,#4174);
#4173 = CARTESIAN_POINT('',(9.006253,2.517718,1.275));
#4174 = VECTOR('',#4175,1.);
#4175 = DIRECTION('',(0.699332659958,-0.714796356115,0.));
#4176 = ORIENTED_EDGE('',*,*,#4177,.T.);
#4177 = EDGE_CURVE('',#4170,#4178,#4180,.T.);
#4178 = VERTEX_POINT('',#4179);
#4179 = CARTESIAN_POINT('',(9.211341,2.210265,1.275));
#4180 = LINE('',#4181,#4182);
#4181 = CARTESIAN_POINT('',(9.115198,2.406364,1.275));
#4182 = VECTOR('',#4183,1.);
#4183 = DIRECTION('',(0.440216427788,-0.897891695421,0.));
#4184 = ORIENTED_EDGE('',*,*,#4185,.T.);
#4185 = EDGE_CURVE('',#4178,#4186,#4188,.T.);
#4186 = VERTEX_POINT('',#4187);
#4187 = CARTESIAN_POINT('',(9.216667,2.170647,1.275));
#4188 = LINE('',#4189,#4190);
#4189 = CARTESIAN_POINT('',(9.211341,2.210265,1.275));
#4190 = VECTOR('',#4191,1.);
#4191 = DIRECTION('',(0.133235289557,-0.99108443516,0.));
#4192 = ORIENTED_EDGE('',*,*,#4193,.T.);
#4193 = EDGE_CURVE('',#4186,#4194,#4196,.T.);
#4194 = VERTEX_POINT('',#4195);
#4195 = CARTESIAN_POINT('',(9.213785,1.531859,1.275));
#4196 = LINE('',#4197,#4198);
#4197 = CARTESIAN_POINT('',(9.216667,2.170647,1.275));
#4198 = VECTOR('',#4199,1.);
#4199 = DIRECTION('',(-4.511623055953E-03,-0.999989822577,0.));
#4200 = ORIENTED_EDGE('',*,*,#4201,.T.);
#4201 = EDGE_CURVE('',#4194,#4202,#4204,.T.);
#4202 = VERTEX_POINT('',#4203);
#4203 = CARTESIAN_POINT('',(9.126105,1.19229,1.275));
#4204 = LINE('',#4205,#4206);
#4205 = CARTESIAN_POINT('',(9.213785,1.531859,1.275));
#4206 = VECTOR('',#4207,1.);
#4207 = DIRECTION('',(-0.250009787043,-0.968243309495,0.));
#4208 = ORIENTED_EDGE('',*,*,#4209,.T.);
#4209 = EDGE_CURVE('',#4202,#4210,#4212,.T.);
#4210 = VERTEX_POINT('',#4211);
#4211 = CARTESIAN_POINT('',(8.944162,0.921724,1.275));
#4212 = LINE('',#4213,#4214);
#4213 = CARTESIAN_POINT('',(9.126105,1.19229,1.275));
#4214 = VECTOR('',#4215,1.);
#4215 = DIRECTION('',(-0.558020166691,-0.829827387814,0.));
#4216 = ORIENTED_EDGE('',*,*,#4217,.T.);
#4217 = EDGE_CURVE('',#4210,#4218,#4220,.T.);
#4218 = VERTEX_POINT('',#4219);
#4219 = CARTESIAN_POINT('',(8.84524,0.826879,1.275));
#4220 = LINE('',#4221,#4222);
#4221 = CARTESIAN_POINT('',(8.944162,0.921724,1.275));
#4222 = VECTOR('',#4223,1.);
#4223 = DIRECTION('',(-0.721825064414,-0.692075556846,0.));
#4224 = ORIENTED_EDGE('',*,*,#4225,.T.);
#4225 = EDGE_CURVE('',#4218,#4226,#4228,.T.);
#4226 = VERTEX_POINT('',#4227);
#4227 = CARTESIAN_POINT('',(8.649143,0.730736,1.275));
#4228 = LINE('',#4229,#4230);
#4229 = CARTESIAN_POINT('',(8.84524,0.826879,1.275));
#4230 = VECTOR('',#4231,1.);
#4231 = DIRECTION('',(-0.897889920756,-0.440220047483,0.));
#4232 = ORIENTED_EDGE('',*,*,#4233,.T.);
#4233 = EDGE_CURVE('',#4226,#4234,#4236,.T.);
#4234 = VERTEX_POINT('',#4235);
#4235 = CARTESIAN_POINT('',(8.609524,0.725409,1.275));
#4236 = LINE('',#4237,#4238);
#4237 = CARTESIAN_POINT('',(8.649143,0.730736,1.275));
#4238 = VECTOR('',#4239,1.);
#4239 = DIRECTION('',(-0.991081575788,-0.133256557566,0.));
#4240 = ORIENTED_EDGE('',*,*,#4241,.T.);
#4241 = EDGE_CURVE('',#4234,#4242,#4244,.T.);
#4242 = VERTEX_POINT('',#4243);
#4243 = CARTESIAN_POINT('',(8.275498,0.728291,1.275));
#4244 = LINE('',#4245,#4246);
#4245 = CARTESIAN_POINT('',(8.609524,0.725409,1.275));
#4246 = VECTOR('',#4247,1.);
#4247 = DIRECTION('',(-0.999962780275,8.627749734307E-03,0.));
#4248 = ORIENTED_EDGE('',*,*,#4249,.T.);
#4249 = EDGE_CURVE('',#4242,#4250,#4252,.T.);
#4250 = VERTEX_POINT('',#4251);
#4251 = CARTESIAN_POINT('',(8.275498,1.022527,1.275));
#4252 = CIRCLE('',#4253,0.150000292066);
#4253 = AXIS2_PLACEMENT_3D('',#4254,#4255,#4256);
#4254 = CARTESIAN_POINT('',(8.304762,0.875409,1.275));
#4255 = DIRECTION('',(0.,0.,-1.));
#4256 = DIRECTION('',(-0.195092953466,-0.980784756972,-0.));
#4257 = ORIENTED_EDGE('',*,*,#4258,.T.);
#4258 = EDGE_CURVE('',#4250,#4259,#4261,.T.);
#4259 = VERTEX_POINT('',#4260);
#4260 = CARTESIAN_POINT('',(8.574114,1.025409,1.275));
#4261 = LINE('',#4262,#4263);
#4262 = CARTESIAN_POINT('',(8.275498,1.022527,1.275));
#4263 = VECTOR('',#4264,1.);
#4264 = DIRECTION('',(0.999953430511,9.650741375991E-03,0.));
#4265 = ORIENTED_EDGE('',*,*,#4266,.T.);
#4266 = EDGE_CURVE('',#4259,#4267,#4269,.T.);
#4267 = VERTEX_POINT('',#4268);
#4268 = CARTESIAN_POINT('',(8.673052,1.074878,1.275));
#4269 = LINE('',#4270,#4271);
#4270 = CARTESIAN_POINT('',(8.574114,1.025409,1.275));
#4271 = VECTOR('',#4272,1.);
#4272 = DIRECTION('',(0.894427191,0.4472135955,0.));
#4273 = ORIENTED_EDGE('',*,*,#4274,.T.);
#4274 = EDGE_CURVE('',#4267,#4275,#4277,.T.);
#4275 = VERTEX_POINT('',#4276);
#4276 = CARTESIAN_POINT('',(8.721529,1.123355,1.275));
#4277 = LINE('',#4278,#4279);
#4278 = CARTESIAN_POINT('',(8.673052,1.074878,1.275));
#4279 = VECTOR('',#4280,1.);
#4280 = DIRECTION('',(0.707106781187,0.707106781187,0.));
#4281 = ORIENTED_EDGE('',*,*,#4282,.T.);
#4282 = EDGE_CURVE('',#4275,#4283,#4285,.T.);
#4283 = VERTEX_POINT('',#4284);
#4284 = CARTESIAN_POINT('',(8.851257,1.317949,1.275));
#4285 = LINE('',#4286,#4287);
#4286 = CARTESIAN_POINT('',(8.721529,1.123355,1.275));
#4287 = VECTOR('',#4288,1.);
#4288 = DIRECTION('',(0.554696249289,0.832052925615,0.));
#4289 = ORIENTED_EDGE('',*,*,#4290,.T.);
#4290 = EDGE_CURVE('',#4283,#4291,#4293,.T.);
#4291 = VERTEX_POINT('',#4292);
#4292 = CARTESIAN_POINT('',(8.863816,1.368183,1.275));
#4293 = LINE('',#4294,#4295);
#4294 = CARTESIAN_POINT('',(8.851257,1.317949,1.275));
#4295 = VECTOR('',#4296,1.);
#4296 = DIRECTION('',(0.242544713224,0.970140228053,0.));
#4297 = ORIENTED_EDGE('',*,*,#4298,.T.);
#4298 = EDGE_CURVE('',#4291,#4299,#4301,.T.);
#4299 = VERTEX_POINT('',#4300);
#4300 = CARTESIAN_POINT('',(8.791169,1.337815,1.275));
#4301 = LINE('',#4302,#4303);
#4302 = CARTESIAN_POINT('',(8.863816,1.368183,1.275));
#4303 = VECTOR('',#4304,1.);
#4304 = DIRECTION('',(-0.922632552639,-0.385680143138,0.));
#4305 = ORIENTED_EDGE('',*,*,#4306,.T.);
#4306 = EDGE_CURVE('',#4299,#4307,#4309,.T.);
#4307 = VERTEX_POINT('',#4308);
#4308 = CARTESIAN_POINT('',(8.427879,1.337815,1.275));
#4309 = LINE('',#4310,#4311);
#4310 = CARTESIAN_POINT('',(8.791169,1.337815,1.275));
#4311 = VECTOR('',#4312,1.);
#4312 = DIRECTION('',(-1.,0.,0.));
#4313 = ORIENTED_EDGE('',*,*,#4314,.T.);
#4314 = EDGE_CURVE('',#4307,#4315,#4317,.T.);
#4315 = VERTEX_POINT('',#4316);
#4316 = CARTESIAN_POINT('',(8.390061,1.350769,1.275));
#4317 = LINE('',#4318,#4319);
#4318 = CARTESIAN_POINT('',(8.427879,1.337815,1.275));
#4319 = VECTOR('',#4320,1.);
#4320 = DIRECTION('',(-0.946039317712,0.32405186212,0.));
#4321 = ORIENTED_EDGE('',*,*,#4322,.T.);
#4322 = EDGE_CURVE('',#4315,#4323,#4325,.T.);
#4323 = VERTEX_POINT('',#4324);
#4324 = CARTESIAN_POINT('',(8.212795,1.442624,1.275));
#4325 = LINE('',#4326,#4327);
#4326 = CARTESIAN_POINT('',(8.390061,1.350769,1.275));
#4327 = VECTOR('',#4328,1.);
#4328 = DIRECTION('',(-0.887878748273,0.4600775243,0.));
#4329 = ORIENTED_EDGE('',*,*,#4330,.T.);
#4330 = EDGE_CURVE('',#4323,#4331,#4333,.T.);
#4331 = VERTEX_POINT('',#4332);
#4332 = CARTESIAN_POINT('',(8.103851,1.553979,1.275));
#4333 = LINE('',#4334,#4335);
#4334 = CARTESIAN_POINT('',(8.212795,1.442624,1.275));
#4335 = VECTOR('',#4336,1.);
#4336 = DIRECTION('',(-0.699326171377,0.714802704267,0.));
#4337 = ORIENTED_EDGE('',*,*,#4338,.T.);
#4338 = EDGE_CURVE('',#4331,#4339,#4341,.T.);
#4339 = VERTEX_POINT('',#4340);
#4340 = CARTESIAN_POINT('',(8.007708,1.750076,1.275));
#4341 = LINE('',#4342,#4343);
#4342 = CARTESIAN_POINT('',(8.103851,1.553979,1.275));
#4343 = VECTOR('',#4344,1.);
#4344 = DIRECTION('',(-0.440220047483,0.897889920756,0.));
#4345 = ORIENTED_EDGE('',*,*,#4346,.T.);
#4346 = EDGE_CURVE('',#4339,#4347,#4349,.T.);
#4347 = VERTEX_POINT('',#4348);
#4348 = CARTESIAN_POINT('',(8.002381,1.789695,1.275));
#4349 = LINE('',#4350,#4351);
#4350 = CARTESIAN_POINT('',(8.007708,1.750076,1.275));
#4351 = VECTOR('',#4352,1.);
#4352 = DIRECTION('',(-0.133256557566,0.991081575788,0.));
#4353 = ORIENTED_EDGE('',*,*,#4354,.T.);
#4354 = EDGE_CURVE('',#4347,#4355,#4357,.T.);
#4355 = VERTEX_POINT('',#4356);
#4356 = CARTESIAN_POINT('',(8.005263,2.199911,1.275));
#4357 = LINE('',#4358,#4359);
#4358 = CARTESIAN_POINT('',(8.002381,1.789695,1.275));
#4359 = VECTOR('',#4360,1.);
#4360 = DIRECTION('',(7.025393638721E-03,0.999975321618,0.));
#4361 = ORIENTED_EDGE('',*,*,#4362,.T.);
#4362 = EDGE_CURVE('',#4355,#4363,#4365,.T.);
#4363 = VERTEX_POINT('',#4364);
#4364 = CARTESIAN_POINT('',(8.018217,2.237729,1.275));
#4365 = LINE('',#4366,#4367);
#4366 = CARTESIAN_POINT('',(8.005263,2.199911,1.275));
#4367 = VECTOR('',#4368,1.);
#4368 = DIRECTION('',(0.32405186212,0.946039317712,0.));
#4369 = ORIENTED_EDGE('',*,*,#4370,.T.);
#4370 = EDGE_CURVE('',#4363,#4371,#4373,.T.);
#4371 = VERTEX_POINT('',#4372);
#4372 = CARTESIAN_POINT('',(8.110073,2.414996,1.275));
#4373 = LINE('',#4374,#4375);
#4374 = CARTESIAN_POINT('',(8.018217,2.237729,1.275));
#4375 = VECTOR('',#4376,1.);
#4376 = DIRECTION('',(0.460079426783,0.887877762449,0.));
#4377 = ORIENTED_EDGE('',*,*,#4378,.T.);
#4378 = EDGE_CURVE('',#4371,#4128,#4379,.T.);
#4379 = LINE('',#4380,#4381);
#4380 = CARTESIAN_POINT('',(8.110073,2.414996,1.275));
#4381 = VECTOR('',#4382,1.);
#4382 = DIRECTION('',(0.714796425534,0.699332589004,0.));
#4383 = FACE_BOUND('',#4384,.F.);
#4384 = EDGE_LOOP('',(#4385,#4396,#4404,#4413,#4421,#4430,#4438,#4447));
#4385 = ORIENTED_EDGE('',*,*,#4386,.T.);
#4386 = EDGE_CURVE('',#4387,#4389,#4391,.T.);
#4387 = VERTEX_POINT('',#4388);
#4388 = CARTESIAN_POINT('',(8.825432,2.27594,1.275));
#4389 = VERTEX_POINT('',#4390);
#4390 = CARTESIAN_POINT('',(8.393616,2.275941,1.275));
#4391 = CIRCLE('',#4392,0.376258543191);
#4392 = AXIS2_PLACEMENT_3D('',#4393,#4394,#4395);
#4393 = CARTESIAN_POINT('',(8.609523286394,1.967794062637,1.275));
#4394 = DIRECTION('',(0.,0.,1.));
#4395 = DIRECTION('',(0.573830727602,0.818973928803,-0.));
#4396 = ORIENTED_EDGE('',*,*,#4397,.T.);
#4397 = EDGE_CURVE('',#4389,#4398,#4400,.T.);
#4398 = VERTEX_POINT('',#4399);
#4399 = CARTESIAN_POINT('',(8.35185,2.234175,1.275));
#4400 = LINE('',#4401,#4402);
#4401 = CARTESIAN_POINT('',(8.393616,2.275941,1.275));
#4402 = VECTOR('',#4403,1.);
#4403 = DIRECTION('',(-0.707106781187,-0.707106781187,0.));
#4404 = ORIENTED_EDGE('',*,*,#4405,.T.);
#4405 = EDGE_CURVE('',#4398,#4406,#4408,.T.);
#4406 = VERTEX_POINT('',#4407);
#4407 = CARTESIAN_POINT('',(8.35185,1.726166,1.275));
#4408 = CIRCLE('',#4409,0.460689961636);
#4409 = AXIS2_PLACEMENT_3D('',#4410,#4411,#4412);
#4410 = CARTESIAN_POINT('',(8.73618963461,1.9801705,1.275));
#4411 = DIRECTION('',(0.,0.,1.));
#4412 = DIRECTION('',(-0.834269609967,0.551356706576,0.));
#4413 = ORIENTED_EDGE('',*,*,#4414,.T.);
#4414 = EDGE_CURVE('',#4406,#4415,#4417,.T.);
#4415 = VERTEX_POINT('',#4416);
#4416 = CARTESIAN_POINT('',(8.393616,1.6844,1.275));
#4417 = LINE('',#4418,#4419);
#4418 = CARTESIAN_POINT('',(8.35185,1.726166,1.275));
#4419 = VECTOR('',#4420,1.);
#4420 = DIRECTION('',(0.707106781187,-0.707106781187,0.));
#4421 = ORIENTED_EDGE('',*,*,#4422,.T.);
#4422 = EDGE_CURVE('',#4415,#4423,#4425,.T.);
#4423 = VERTEX_POINT('',#4424);
#4424 = CARTESIAN_POINT('',(8.825432,1.684401,1.275));
#4425 = CIRCLE('',#4426,0.376264463848);
#4426 = AXIS2_PLACEMENT_3D('',#4427,#4428,#4429);
#4427 = CARTESIAN_POINT('',(8.609523286377,1.992554166683,1.275));
#4428 = DIRECTION('',(0.,0.,1.));
#4429 = DIRECTION('',(-0.573817905016,-0.818982913059,0.));
#4430 = ORIENTED_EDGE('',*,*,#4431,.T.);
#4431 = EDGE_CURVE('',#4423,#4432,#4434,.T.);
#4432 = VERTEX_POINT('',#4433);
#4433 = CARTESIAN_POINT('',(8.867198,1.726167,1.275));
#4434 = LINE('',#4435,#4436);
#4435 = CARTESIAN_POINT('',(8.825432,1.684401,1.275));
#4436 = VECTOR('',#4437,1.);
#4437 = DIRECTION('',(0.707106781187,0.707106781187,0.));
#4438 = ORIENTED_EDGE('',*,*,#4439,.T.);
#4439 = EDGE_CURVE('',#4432,#4440,#4442,.T.);
#4440 = VERTEX_POINT('',#4441);
#4441 = CARTESIAN_POINT('',(8.867198,2.234174,1.275));
#4442 = CIRCLE('',#4443,0.460682511536);
#4443 = AXIS2_PLACEMENT_3D('',#4444,#4445,#4446);
#4444 = CARTESIAN_POINT('',(8.48286663461,1.9801705,1.275));
#4445 = DIRECTION('',(0.,-0.,1.));
#4446 = DIRECTION('',(0.83426515174,-0.551363452355,-0.));
#4447 = ORIENTED_EDGE('',*,*,#4448,.T.);
#4448 = EDGE_CURVE('',#4440,#4387,#4449,.T.);
#4449 = LINE('',#4450,#4451);
#4450 = CARTESIAN_POINT('',(8.867198,2.234174,1.275));
#4451 = VECTOR('',#4452,1.);
#4452 = DIRECTION('',(-0.707106781187,0.707106781187,0.));
#4453 = PLANE('',#4454);
#4454 = AXIS2_PLACEMENT_3D('',#4455,#4456,#4457);
#4455 = CARTESIAN_POINT('',(0.,0.,1.275));
#4456 = DIRECTION('',(0.,0.,1.));
#4457 = DIRECTION('',(1.,0.,-0.));
#4458 = SHELL_BASED_SURFACE_MODEL('',(#4459));
#4459 = OPEN_SHELL('',(#4460));
#4460 = ADVANCED_FACE('',(#4461,#4601),#4676,.T.);
#4461 = FACE_BOUND('',#4462,.F.);
#4462 = EDGE_LOOP('',(#4463,#4474,#4482,#4490,#4498,#4506,#4514,#4522,
    #4530,#4538,#4546,#4554,#4562,#4570,#4578,#4586,#4595));
#4463 = ORIENTED_EDGE('',*,*,#4464,.T.);
#4464 = EDGE_CURVE('',#4465,#4467,#4469,.T.);
#4465 = VERTEX_POINT('',#4466);
#4466 = CARTESIAN_POINT('',(1.910024,2.504673,1.275));
#4467 = VERTEX_POINT('',#4468);
#4468 = CARTESIAN_POINT('',(2.027878,2.622527,1.275));
#4469 = CIRCLE('',#4470,0.150002525551);
#4470 = AXIS2_PLACEMENT_3D('',#4471,#4472,#4473);
#4471 = CARTESIAN_POINT('',(2.057143899413,2.475407100587,1.275));
#4472 = DIRECTION('',(0.,0.,-1.));
#4473 = DIRECTION('',(-0.980782815972,0.19510271114,0.));
#4474 = ORIENTED_EDGE('',*,*,#4475,.T.);
#4475 = EDGE_CURVE('',#4467,#4476,#4478,.T.);
#4476 = VERTEX_POINT('',#4477);
#4477 = CARTESIAN_POINT('',(2.452899,2.62395,1.275));
#4478 = LINE('',#4479,#4480);
#4479 = CARTESIAN_POINT('',(2.027878,2.622527,1.275));
#4480 = VECTOR('',#4481,1.);
#4481 = DIRECTION('',(0.999994395261,3.34805109502E-03,0.));
#4482 = ORIENTED_EDGE('',*,*,#4483,.T.);
#4483 = EDGE_CURVE('',#4476,#4484,#4486,.T.);
#4484 = VERTEX_POINT('',#4485);
#4485 = CARTESIAN_POINT('',(2.485528,2.617712,1.275));
#4486 = LINE('',#4487,#4488);
#4487 = CARTESIAN_POINT('',(2.452899,2.62395,1.275));
#4488 = VECTOR('',#4489,1.);
#4489 = DIRECTION('',(0.982211343585,-0.187778796815,0.));
#4490 = ORIENTED_EDGE('',*,*,#4491,.T.);
#4491 = EDGE_CURVE('',#4484,#4492,#4494,.T.);
#4492 = VERTEX_POINT('',#4493);
#4493 = CARTESIAN_POINT('',(2.740951,2.529533,1.275));
#4494 = LINE('',#4495,#4496);
#4495 = CARTESIAN_POINT('',(2.485528,2.617712,1.275));
#4496 = VECTOR('',#4497,1.);
#4497 = DIRECTION('',(0.945256471591,-0.326328366703,0.));
#4498 = ORIENTED_EDGE('',*,*,#4499,.T.);
#4499 = EDGE_CURVE('',#4492,#4500,#4502,.T.);
#4500 = VERTEX_POINT('',#4501);
#4501 = CARTESIAN_POINT('',(2.772732,2.505285,1.275));
#4502 = LINE('',#4503,#4504);
#4503 = CARTESIAN_POINT('',(2.740951,2.529533,1.275));
#4504 = VECTOR('',#4505,1.);
#4505 = DIRECTION('',(0.795022674748,-0.606579711692,0.));
#4506 = ORIENTED_EDGE('',*,*,#4507,.T.);
#4507 = EDGE_CURVE('',#4500,#4508,#4510,.T.);
#4508 = VERTEX_POINT('',#4509);
#4509 = CARTESIAN_POINT('',(2.943768,2.330174,1.275));
#4510 = LINE('',#4511,#4512);
#4511 = CARTESIAN_POINT('',(2.772732,2.505285,1.275));
#4512 = VECTOR('',#4513,1.);
#4513 = DIRECTION('',(0.698733981048,-0.715381593088,0.));
#4514 = ORIENTED_EDGE('',*,*,#4515,.T.);
#4515 = EDGE_CURVE('',#4508,#4516,#4518,.T.);
#4516 = VERTEX_POINT('',#4517);
#4517 = CARTESIAN_POINT('',(3.039911,2.134075,1.275));
#4518 = LINE('',#4519,#4520);
#4519 = CARTESIAN_POINT('',(2.943768,2.330174,1.275));
#4520 = VECTOR('',#4521,1.);
#4521 = DIRECTION('',(0.440216427788,-0.897891695421,0.));
#4522 = ORIENTED_EDGE('',*,*,#4523,.T.);
#4523 = EDGE_CURVE('',#4516,#4524,#4526,.T.);
#4524 = VERTEX_POINT('',#4525);
#4525 = CARTESIAN_POINT('',(3.121251,1.796986,1.275));
#4526 = LINE('',#4527,#4528);
#4527 = CARTESIAN_POINT('',(3.039911,2.134075,1.275));
#4528 = VECTOR('',#4529,1.);
#4529 = DIRECTION('',(0.234568835847,-0.97209951201,0.));
#4530 = ORIENTED_EDGE('',*,*,#4531,.T.);
#4531 = EDGE_CURVE('',#4524,#4532,#4534,.T.);
#4532 = VERTEX_POINT('',#4533);
#4533 = CARTESIAN_POINT('',(3.118546,1.531859,1.275));
#4534 = LINE('',#4535,#4536);
#4535 = CARTESIAN_POINT('',(3.121251,1.796986,1.275));
#4536 = VECTOR('',#4537,1.);
#4537 = DIRECTION('',(-1.020212661689E-02,-0.999947956952,0.));
#4538 = ORIENTED_EDGE('',*,*,#4539,.T.);
#4539 = EDGE_CURVE('',#4532,#4540,#4542,.T.);
#4540 = VERTEX_POINT('',#4541);
#4541 = CARTESIAN_POINT('',(3.030865,1.192289,1.275));
#4542 = LINE('',#4543,#4544);
#4543 = CARTESIAN_POINT('',(3.118546,1.531859,1.275));
#4544 = VECTOR('',#4545,1.);
#4545 = DIRECTION('',(-0.250011769963,-0.968242797484,0.));
#4546 = ORIENTED_EDGE('',*,*,#4547,.T.);
#4547 = EDGE_CURVE('',#4540,#4548,#4550,.T.);
#4548 = VERTEX_POINT('',#4549);
#4549 = CARTESIAN_POINT('',(2.937546,1.012013,1.275));
#4550 = LINE('',#4551,#4552);
#4551 = CARTESIAN_POINT('',(3.030865,1.192289,1.275));
#4552 = VECTOR('',#4553,1.);
#4553 = DIRECTION('',(-0.459705799469,-0.8880712685,0.));
#4554 = ORIENTED_EDGE('',*,*,#4555,.T.);
#4555 = EDGE_CURVE('',#4548,#4556,#4558,.T.);
#4556 = VERTEX_POINT('',#4557);
#4557 = CARTESIAN_POINT('',(2.750001,0.826879,1.275));
#4558 = LINE('',#4559,#4560);
#4559 = CARTESIAN_POINT('',(2.937546,1.012013,1.275));
#4560 = VECTOR('',#4561,1.);
#4561 = DIRECTION('',(-0.711666427266,-0.702517541633,0.));
#4562 = ORIENTED_EDGE('',*,*,#4563,.T.);
#4563 = EDGE_CURVE('',#4556,#4564,#4566,.T.);
#4564 = VERTEX_POINT('',#4565);
#4565 = CARTESIAN_POINT('',(2.7141,0.809298,1.275));
#4566 = LINE('',#4567,#4568);
#4567 = CARTESIAN_POINT('',(2.750001,0.826879,1.275));
#4568 = VECTOR('',#4569,1.);
#4569 = DIRECTION('',(-0.898093965026,-0.439803626615,0.));
#4570 = ORIENTED_EDGE('',*,*,#4571,.T.);
#4571 = EDGE_CURVE('',#4564,#4572,#4574,.T.);
#4572 = VERTEX_POINT('',#4573);
#4573 = CARTESIAN_POINT('',(2.456855,0.726587,1.275));
#4574 = LINE('',#4575,#4576);
#4575 = CARTESIAN_POINT('',(2.7141,0.809298,1.275));
#4576 = VECTOR('',#4577,1.);
#4577 = DIRECTION('',(-0.952001488548,-0.306093393921,0.));
#4578 = ORIENTED_EDGE('',*,*,#4579,.T.);
#4579 = EDGE_CURVE('',#4572,#4580,#4582,.T.);
#4580 = VERTEX_POINT('',#4581);
#4581 = CARTESIAN_POINT('',(2.027878,0.728291,1.275));
#4582 = LINE('',#4583,#4584);
#4583 = CARTESIAN_POINT('',(2.456855,0.726587,1.275));
#4584 = VECTOR('',#4585,1.);
#4585 = DIRECTION('',(-0.999992110744,3.97220959797E-03,0.));
#4586 = ORIENTED_EDGE('',*,*,#4587,.T.);
#4587 = EDGE_CURVE('',#4580,#4588,#4590,.T.);
#4588 = VERTEX_POINT('',#4589);
#4589 = CARTESIAN_POINT('',(1.910024,0.846145,1.275));
#4590 = CIRCLE('',#4591,0.150002525551);
#4591 = AXIS2_PLACEMENT_3D('',#4592,#4593,#4594);
#4592 = CARTESIAN_POINT('',(2.057143899413,0.875410899413,1.275));
#4593 = DIRECTION('',(0.,0.,-1.));
#4594 = DIRECTION('',(-0.19510271114,-0.980782815972,-0.));
#4595 = ORIENTED_EDGE('',*,*,#4596,.T.);
#4596 = EDGE_CURVE('',#4588,#4465,#4597,.T.);
#4597 = LINE('',#4598,#4599);
#4598 = CARTESIAN_POINT('',(1.910024,0.846145,1.275));
#4599 = VECTOR('',#4600,1.);
#4600 = DIRECTION('',(0.,1.,0.));
#4601 = FACE_BOUND('',#4602,.F.);
#4602 = EDGE_LOOP('',(#4603,#4613,#4621,#4629,#4637,#4645,#4653,#4661,
    #4670));
#4603 = ORIENTED_EDGE('',*,*,#4604,.T.);
#4604 = EDGE_CURVE('',#4605,#4607,#4609,.T.);
#4605 = VERTEX_POINT('',#4606);
#4606 = CARTESIAN_POINT('',(2.585639,2.268113,1.275));
#4607 = VERTEX_POINT('',#4608);
#4608 = CARTESIAN_POINT('',(2.413751,2.325409,1.275));
#4609 = LINE('',#4610,#4611);
#4610 = CARTESIAN_POINT('',(2.585639,2.268113,1.275));
#4611 = VECTOR('',#4612,1.);
#4612 = DIRECTION('',(-0.948683298051,0.316227766017,0.));
#4613 = ORIENTED_EDGE('',*,*,#4614,.T.);
#4614 = EDGE_CURVE('',#4607,#4615,#4617,.T.);
#4615 = VERTEX_POINT('',#4616);
#4616 = CARTESIAN_POINT('',(2.207142,2.325409,1.275));
#4617 = LINE('',#4618,#4619);
#4618 = CARTESIAN_POINT('',(2.413751,2.325409,1.275));
#4619 = VECTOR('',#4620,1.);
#4620 = DIRECTION('',(-1.,0.,0.));
#4621 = ORIENTED_EDGE('',*,*,#4622,.T.);
#4622 = EDGE_CURVE('',#4615,#4623,#4625,.T.);
#4623 = VERTEX_POINT('',#4624);
#4624 = CARTESIAN_POINT('',(2.207142,1.025409,1.275));
#4625 = LINE('',#4626,#4627);
#4626 = CARTESIAN_POINT('',(2.207142,2.325409,1.275));
#4627 = VECTOR('',#4628,1.);
#4628 = DIRECTION('',(0.,-1.,0.));
#4629 = ORIENTED_EDGE('',*,*,#4630,.T.);
#4630 = EDGE_CURVE('',#4623,#4631,#4633,.T.);
#4631 = VERTEX_POINT('',#4632);
#4632 = CARTESIAN_POINT('',(2.413754,1.025409,1.275));
#4633 = LINE('',#4634,#4635);
#4634 = CARTESIAN_POINT('',(2.207142,1.025409,1.275));
#4635 = VECTOR('',#4636,1.);
#4636 = DIRECTION('',(1.,0.,0.));
#4637 = ORIENTED_EDGE('',*,*,#4638,.T.);
#4638 = EDGE_CURVE('',#4631,#4639,#4641,.T.);
#4639 = VERTEX_POINT('',#4640);
#4640 = CARTESIAN_POINT('',(2.585638,1.082704,1.275));
#4641 = LINE('',#4642,#4643);
#4642 = CARTESIAN_POINT('',(2.413754,1.025409,1.275));
#4643 = VECTOR('',#4644,1.);
#4644 = DIRECTION('',(0.948682746117,0.316229421812,0.));
#4645 = ORIENTED_EDGE('',*,*,#4646,.T.);
#4646 = EDGE_CURVE('',#4639,#4647,#4649,.T.);
#4647 = VERTEX_POINT('',#4648);
#4648 = CARTESIAN_POINT('',(2.695768,1.192834,1.275));
#4649 = LINE('',#4650,#4651);
#4650 = CARTESIAN_POINT('',(2.585638,1.082704,1.275));
#4651 = VECTOR('',#4652,1.);
#4652 = DIRECTION('',(0.707106781187,0.707106781187,0.));
#4653 = ORIENTED_EDGE('',*,*,#4654,.T.);
#4654 = EDGE_CURVE('',#4647,#4655,#4657,.T.);
#4655 = VERTEX_POINT('',#4656);
#4656 = CARTESIAN_POINT('',(2.753709,1.308715,1.275));
#4657 = LINE('',#4658,#4659);
#4658 = CARTESIAN_POINT('',(2.695768,1.192834,1.275));
#4659 = VECTOR('',#4660,1.);
#4660 = DIRECTION('',(0.447216682891,0.894425647298,0.));
#4661 = ORIENTED_EDGE('',*,*,#4662,.T.);
#4662 = EDGE_CURVE('',#4655,#4663,#4665,.T.);
#4663 = VERTEX_POINT('',#4664);
#4664 = CARTESIAN_POINT('',(2.695768,2.157984,1.275));
#4665 = CIRCLE('',#4666,0.959627380713);
#4666 = AXIS2_PLACEMENT_3D('',#4667,#4668,#4669);
#4667 = CARTESIAN_POINT('',(1.866657053274,1.674807274739,1.275));
#4668 = DIRECTION('',(0.,-0.,1.));
#4669 = DIRECTION('',(0.924371234663,-0.381494194619,-0.));
#4670 = ORIENTED_EDGE('',*,*,#4671,.T.);
#4671 = EDGE_CURVE('',#4663,#4605,#4672,.T.);
#4672 = LINE('',#4673,#4674);
#4673 = CARTESIAN_POINT('',(2.695768,2.157984,1.275));
#4674 = VECTOR('',#4675,1.);
#4675 = DIRECTION('',(-0.707106781187,0.707106781187,0.));
#4676 = PLANE('',#4677);
#4677 = AXIS2_PLACEMENT_3D('',#4678,#4679,#4680);
#4678 = CARTESIAN_POINT('',(0.,0.,1.275));
#4679 = DIRECTION('',(0.,0.,1.));
#4680 = DIRECTION('',(1.,0.,-0.));
#4681 = SHELL_BASED_SURFACE_MODEL('',(#4682));
#4682 = OPEN_SHELL('',(#4683));
#4683 = ADVANCED_FACE('',(#4684),#4834,.T.);
#4684 = FACE_BOUND('',#4685,.F.);
#4685 = EDGE_LOOP('',(#4686,#4696,#4704,#4712,#4720,#4729,#4737,#4745,
    #4754,#4762,#4771,#4779,#4787,#4795,#4803,#4812,#4820,#4828));
#4686 = ORIENTED_EDGE('',*,*,#4687,.T.);
#4687 = EDGE_CURVE('',#4688,#4690,#4692,.T.);
#4688 = VERTEX_POINT('',#4689);
#4689 = CARTESIAN_POINT('',(3.931917,2.581364,1.275));
#4690 = VERTEX_POINT('',#4691);
#4691 = CARTESIAN_POINT('',(3.980547,2.613931,1.275));
#4692 = LINE('',#4693,#4694);
#4693 = CARTESIAN_POINT('',(3.931917,2.581364,1.275));
#4694 = VECTOR('',#4695,1.);
#4695 = DIRECTION('',(0.830889262122,0.556437807927,0.));
#4696 = ORIENTED_EDGE('',*,*,#4697,.T.);
#4697 = EDGE_CURVE('',#4690,#4698,#4700,.T.);
#4698 = VERTEX_POINT('',#4699);
#4699 = CARTESIAN_POINT('',(4.037936,2.625409,1.275));
#4700 = LINE('',#4701,#4702);
#4701 = CARTESIAN_POINT('',(3.980547,2.613931,1.275));
#4702 = VECTOR('',#4703,1.);
#4703 = DIRECTION('',(0.98058001851,0.196119421012,0.));
#4704 = ORIENTED_EDGE('',*,*,#4705,.T.);
#4705 = EDGE_CURVE('',#4698,#4706,#4708,.T.);
#4706 = VERTEX_POINT('',#4707);
#4707 = CARTESIAN_POINT('',(4.052505,2.622527,1.275));
#4708 = LINE('',#4709,#4710);
#4709 = CARTESIAN_POINT('',(4.037936,2.625409,1.275));
#4710 = VECTOR('',#4711,1.);
#4711 = DIRECTION('',(0.980990288073,-0.194056833703,0.));
#4712 = ORIENTED_EDGE('',*,*,#4713,.T.);
#4713 = EDGE_CURVE('',#4706,#4714,#4716,.T.);
#4714 = VERTEX_POINT('',#4715);
#4715 = CARTESIAN_POINT('',(4.095351,2.614051,1.275));
#4716 = LINE('',#4717,#4718);
#4717 = CARTESIAN_POINT('',(4.052505,2.622527,1.275));
#4718 = VECTOR('',#4719,1.);
#4719 = DIRECTION('',(0.980988890326,-0.194063899417,0.));
#4720 = ORIENTED_EDGE('',*,*,#4721,.T.);
#4721 = EDGE_CURVE('',#4714,#4722,#4724,.T.);
#4722 = VERTEX_POINT('',#4723);
#4723 = CARTESIAN_POINT('',(4.188094,2.475409,1.275));
#4724 = CIRCLE('',#4725,0.150003162621);
#4725 = AXIS2_PLACEMENT_3D('',#4726,#4727,#4728);
#4726 = CARTESIAN_POINT('',(4.038090837396,2.475406769775,1.275));
#4727 = DIRECTION('',(0.,0.,-1.));
#4728 = DIRECTION('',(0.381726368989,0.924275380619,0.));
#4729 = ORIENTED_EDGE('',*,*,#4730,.T.);
#4730 = EDGE_CURVE('',#4722,#4731,#4733,.T.);
#4731 = VERTEX_POINT('',#4732);
#4732 = CARTESIAN_POINT('',(4.188094,1.025409,1.275));
#4733 = LINE('',#4734,#4735);
#4734 = CARTESIAN_POINT('',(4.188094,2.475409,1.275));
#4735 = VECTOR('',#4736,1.);
#4736 = DIRECTION('',(0.,-1.,0.));
#4737 = ORIENTED_EDGE('',*,*,#4738,.T.);
#4738 = EDGE_CURVE('',#4731,#4739,#4741,.T.);
#4739 = VERTEX_POINT('',#4740);
#4740 = CARTESIAN_POINT('',(4.524501,1.022527,1.275));
#4741 = LINE('',#4742,#4743);
#4742 = CARTESIAN_POINT('',(4.188094,1.025409,1.275));
#4743 = VECTOR('',#4744,1.);
#4744 = DIRECTION('',(0.999963305244,-8.566689295149E-03,0.));
#4745 = ORIENTED_EDGE('',*,*,#4746,.T.);
#4746 = EDGE_CURVE('',#4739,#4747,#4749,.T.);
#4747 = VERTEX_POINT('',#4748);
#4748 = CARTESIAN_POINT('',(4.524501,0.728291,1.275));
#4749 = CIRCLE('',#4750,0.150000292066);
#4750 = AXIS2_PLACEMENT_3D('',#4751,#4752,#4753);
#4751 = CARTESIAN_POINT('',(4.495237,0.875409,1.275));
#4752 = DIRECTION('',(0.,0.,-1.));
#4753 = DIRECTION('',(0.195092953466,0.980784756972,0.));
#4754 = ORIENTED_EDGE('',*,*,#4755,.T.);
#4755 = EDGE_CURVE('',#4747,#4756,#4758,.T.);
#4756 = VERTEX_POINT('',#4757);
#4757 = CARTESIAN_POINT('',(3.551687,0.728291,1.275));
#4758 = LINE('',#4759,#4760);
#4759 = CARTESIAN_POINT('',(4.524501,0.728291,1.275));
#4760 = VECTOR('',#4761,1.);
#4761 = DIRECTION('',(-1.,0.,0.));
#4762 = ORIENTED_EDGE('',*,*,#4763,.T.);
#4763 = EDGE_CURVE('',#4756,#4764,#4766,.T.);
#4764 = VERTEX_POINT('',#4765);
#4765 = CARTESIAN_POINT('',(3.551687,1.022527,1.275));
#4766 = CIRCLE('',#4767,0.150000292066);
#4767 = AXIS2_PLACEMENT_3D('',#4768,#4769,#4770);
#4768 = CARTESIAN_POINT('',(3.580951,0.875409,1.275));
#4769 = DIRECTION('',(0.,0.,-1.));
#4770 = DIRECTION('',(-0.195092953466,-0.980784756972,-0.));
#4771 = ORIENTED_EDGE('',*,*,#4772,.T.);
#4772 = EDGE_CURVE('',#4764,#4773,#4775,.T.);
#4773 = VERTEX_POINT('',#4774);
#4774 = CARTESIAN_POINT('',(3.888094,1.025409,1.275));
#4775 = LINE('',#4776,#4777);
#4776 = CARTESIAN_POINT('',(3.551687,1.022527,1.275));
#4777 = VECTOR('',#4778,1.);
#4778 = DIRECTION('',(0.999963305244,8.566689295149E-03,0.));
#4779 = ORIENTED_EDGE('',*,*,#4780,.T.);
#4780 = EDGE_CURVE('',#4773,#4781,#4783,.T.);
#4781 = VERTEX_POINT('',#4782);
#4782 = CARTESIAN_POINT('',(3.888094,2.037087,1.275));
#4783 = LINE('',#4784,#4785);
#4784 = CARTESIAN_POINT('',(3.888094,1.025409,1.275));
#4785 = VECTOR('',#4786,1.);
#4786 = DIRECTION('',(0.,1.,0.));
#4787 = ORIENTED_EDGE('',*,*,#4788,.T.);
#4788 = EDGE_CURVE('',#4781,#4789,#4791,.T.);
#4789 = VERTEX_POINT('',#4790);
#4790 = CARTESIAN_POINT('',(3.813007,1.96822,1.275));
#4791 = LINE('',#4792,#4793);
#4792 = CARTESIAN_POINT('',(3.888094,2.037087,1.275));
#4793 = VECTOR('',#4794,1.);
#4794 = DIRECTION('',(-0.736972000588,-0.675923272531,0.));
#4795 = ORIENTED_EDGE('',*,*,#4796,.T.);
#4796 = EDGE_CURVE('',#4789,#4797,#4799,.T.);
#4797 = VERTEX_POINT('',#4798);
#4798 = CARTESIAN_POINT('',(3.62057,1.873593,1.275));
#4799 = LINE('',#4800,#4801);
#4800 = CARTESIAN_POINT('',(3.813007,1.96822,1.275));
#4801 = VECTOR('',#4802,1.);
#4802 = DIRECTION('',(-0.897376091094,-0.441266530719,0.));
#4803 = ORIENTED_EDGE('',*,*,#4804,.T.);
#4804 = EDGE_CURVE('',#4797,#4805,#4807,.T.);
#4805 = VERTEX_POINT('',#4806);
#4806 = CARTESIAN_POINT('',(3.488983,2.136765,1.275));
#4807 = CIRCLE('',#4808,0.150000022264);
#4808 = AXIS2_PLACEMENT_3D('',#4809,#4810,#4811);
#4809 = CARTESIAN_POINT('',(3.580950441816,2.018266070363,1.275));
#4810 = DIRECTION('',(0.,0.,-1.));
#4811 = DIRECTION('',(0.264130348692,-0.964486992603,0.));
#4812 = ORIENTED_EDGE('',*,*,#4813,.T.);
#4813 = EDGE_CURVE('',#4805,#4814,#4816,.T.);
#4814 = VERTEX_POINT('',#4815);
#4815 = CARTESIAN_POINT('',(3.644478,2.217735,1.275));
#4816 = LINE('',#4817,#4818);
#4817 = CARTESIAN_POINT('',(3.488983,2.136765,1.275));
#4818 = VECTOR('',#4819,1.);
#4819 = DIRECTION('',(0.886953760085,0.461858233088,0.));
#4820 = ORIENTED_EDGE('',*,*,#4821,.T.);
#4821 = EDGE_CURVE('',#4814,#4822,#4824,.T.);
#4822 = VERTEX_POINT('',#4823);
#4823 = CARTESIAN_POINT('',(3.769145,2.342402,1.275));
#4824 = LINE('',#4825,#4826);
#4825 = CARTESIAN_POINT('',(3.644478,2.217735,1.275));
#4826 = VECTOR('',#4827,1.);
#4827 = DIRECTION('',(0.707106781187,0.707106781187,0.));
#4828 = ORIENTED_EDGE('',*,*,#4829,.T.);
#4829 = EDGE_CURVE('',#4822,#4688,#4830,.T.);
#4830 = LINE('',#4831,#4832);
#4831 = CARTESIAN_POINT('',(3.769145,2.342402,1.275));
#4832 = VECTOR('',#4833,1.);
#4833 = DIRECTION('',(0.56296694436,0.826479412664,0.));
#4834 = PLANE('',#4835);
#4835 = AXIS2_PLACEMENT_3D('',#4836,#4837,#4838);
#4836 = CARTESIAN_POINT('',(0.,0.,1.275));
#4837 = DIRECTION('',(0.,0.,1.));
#4838 = DIRECTION('',(1.,0.,-0.));
#4839 = ( GEOMETRIC_REPRESENTATION_CONTEXT(3) 
GLOBAL_UNCERTAINTY_ASSIGNED_CONTEXT((#4843)) 
GLOBAL_UNIT_ASSIGNED_CONTEXT((#4840,#4841,#4842)) REPRESENTATION_CONTEXT
('Context #1','3D Context with UNIT and UNCERTAINTY') );
#4840 = ( LENGTH_UNIT() NAMED_UNIT(*) SI_UNIT(.MILLI.,.METRE.) );
#4841 = ( NAMED_UNIT(*) PLANE_ANGLE_UNIT() SI_UNIT($,.RADIAN.) );
#4842 = ( NAMED_UNIT(*) SI_UNIT($,.STERADIAN.) SOLID_ANGLE_UNIT() );
#4843 = UNCERTAINTY_MEASURE_WITH_UNIT(LENGTH_MEASURE(1.E-07),#4840,
  'distance_accuracy_value','confusion accuracy');
#4844 = CONTEXT_DEPENDENT_SHAPE_REPRESENTATION(#4845,#4847);
#4845 = ( REPRESENTATION_RELATIONSHIP('','',#2866,#10) 
REPRESENTATION_RELATIONSHIP_WITH_TRANSFORMATION(#4846) 
SHAPE_REPRESENTATION_RELATIONSHIP() );
#4846 = ITEM_DEFINED_TRANSFORMATION('','',#11,#19);
#4847 = PRODUCT_DEFINITION_SHAPE('Placement','Placement of an item',
  #4848);
#4848 = NEXT_ASSEMBLY_USAGE_OCCURRENCE('3','=>[0:1:1:4]','',#5,#2861,$);
#4849 = PRODUCT_RELATED_PRODUCT_CATEGORY('part',$,(#2863));
#4850 = SHAPE_DEFINITION_REPRESENTATION(#4851,#4857);
#4851 = PRODUCT_DEFINITION_SHAPE('','',#4852);
#4852 = PRODUCT_DEFINITION('design','',#4853,#4856);
#4853 = PRODUCT_DEFINITION_FORMATION('','',#4854);
#4854 = PRODUCT('pcb_silkscreen','pcb_silkscreen','',(#4855));
#4855 = PRODUCT_CONTEXT('',#2,'mechanical');
#4856 = PRODUCT_DEFINITION_CONTEXT('part definition',#2,'design');
#4857 = SHAPE_REPRESENTATION('',(#11,#4858,#4970),#5039);
#4858 = SHELL_BASED_SURFACE_MODEL('',(#4859));
#4859 = OPEN_SHELL('',(#4860));
#4860 = ADVANCED_FACE('',(#4861,#4931),#4965,.T.);
#4861 = FACE_BOUND('',#4862,.T.);
#4862 = EDGE_LOOP('',(#4863,#4874,#4882,#4891,#4899,#4908,#4916,#4925));
#4863 = ORIENTED_EDGE('',*,*,#4864,.T.);
#4864 = EDGE_CURVE('',#4865,#4867,#4869,.T.);
#4865 = VERTEX_POINT('',#4866);
#4866 = CARTESIAN_POINT('',(1.21,1.38,-7.5E-02));
#4867 = VERTEX_POINT('',#4868);
#4868 = CARTESIAN_POINT('',(1.27,1.44,-7.5E-02));
#4869 = CIRCLE('',#4870,5.99993201626E-02);
#4870 = AXIS2_PLACEMENT_3D('',#4871,#4872,#4873);
#4871 = CARTESIAN_POINT('',(1.269999320159,1.380000679841,-7.5E-02));
#4872 = DIRECTION('',(0.,0.,-1.));
#4873 = DIRECTION('',(-0.999999999936,-1.133081592898E-05,-0.));
#4874 = ORIENTED_EDGE('',*,*,#4875,.T.);
#4875 = EDGE_CURVE('',#4867,#4876,#4878,.T.);
#4876 = VERTEX_POINT('',#4877);
#4877 = CARTESIAN_POINT('',(9.,1.44,-7.5E-02));
#4878 = LINE('',#4879,#4880);
#4879 = CARTESIAN_POINT('',(1.27,1.44,-7.5E-02));
#4880 = VECTOR('',#4881,1.);
#4881 = DIRECTION('',(1.,0.,0.));
#4882 = ORIENTED_EDGE('',*,*,#4883,.T.);
#4883 = EDGE_CURVE('',#4876,#4884,#4886,.T.);
#4884 = VERTEX_POINT('',#4885);
#4885 = CARTESIAN_POINT('',(9.06,1.38,-7.5E-02));
#4886 = CIRCLE('',#4887,5.99993201626E-02);
#4887 = AXIS2_PLACEMENT_3D('',#4888,#4889,#4890);
#4888 = CARTESIAN_POINT('',(9.000000679841,1.380000679841,-7.5E-02));
#4889 = DIRECTION('',(0.,0.,-1.));
#4890 = DIRECTION('',(-1.133081594379E-05,0.999999999936,0.));
#4891 = ORIENTED_EDGE('',*,*,#4892,.T.);
#4892 = EDGE_CURVE('',#4884,#4893,#4895,.T.);
#4893 = VERTEX_POINT('',#4894);
#4894 = CARTESIAN_POINT('',(9.06,-1.38,-7.5E-02));
#4895 = LINE('',#4896,#4897);
#4896 = CARTESIAN_POINT('',(9.06,1.38,-7.5E-02));
#4897 = VECTOR('',#4898,1.);
#4898 = DIRECTION('',(0.,-1.,0.));
#4899 = ORIENTED_EDGE('',*,*,#4900,.T.);
#4900 = EDGE_CURVE('',#4893,#4901,#4903,.T.);
#4901 = VERTEX_POINT('',#4902);
#4902 = CARTESIAN_POINT('',(9.,-1.44,-7.5E-02));
#4903 = CIRCLE('',#4904,5.99993201626E-02);
#4904 = AXIS2_PLACEMENT_3D('',#4905,#4906,#4907);
#4905 = CARTESIAN_POINT('',(9.000000679841,-1.380000679841,-7.5E-02));
#4906 = DIRECTION('',(0.,0.,-1.));
#4907 = DIRECTION('',(0.999999999936,1.133081593638E-05,0.));
#4908 = ORIENTED_EDGE('',*,*,#4909,.T.);
#4909 = EDGE_CURVE('',#4901,#4910,#4912,.T.);
#4910 = VERTEX_POINT('',#4911);
#4911 = CARTESIAN_POINT('',(1.27,-1.44,-7.5E-02));
#4912 = LINE('',#4913,#4914);
#4913 = CARTESIAN_POINT('',(9.,-1.44,-7.5E-02));
#4914 = VECTOR('',#4915,1.);
#4915 = DIRECTION('',(-1.,0.,0.));
#4916 = ORIENTED_EDGE('',*,*,#4917,.T.);
#4917 = EDGE_CURVE('',#4910,#4918,#4920,.T.);
#4918 = VERTEX_POINT('',#4919);
#4919 = CARTESIAN_POINT('',(1.21,-1.38,-7.5E-02));
#4920 = CIRCLE('',#4921,5.99993201626E-02);
#4921 = AXIS2_PLACEMENT_3D('',#4922,#4923,#4924);
#4922 = CARTESIAN_POINT('',(1.269999320159,-1.380000679841,-7.5E-02));
#4923 = DIRECTION('',(0.,0.,-1.));
#4924 = DIRECTION('',(1.133081592898E-05,-0.999999999936,0.));
#4925 = ORIENTED_EDGE('',*,*,#4926,.T.);
#4926 = EDGE_CURVE('',#4918,#4865,#4927,.T.);
#4927 = LINE('',#4928,#4929);
#4928 = CARTESIAN_POINT('',(1.21,-1.38,-7.5E-02));
#4929 = VECTOR('',#4930,1.);
#4930 = DIRECTION('',(0.,1.,0.));
#4931 = FACE_BOUND('',#4932,.T.);
#4932 = EDGE_LOOP('',(#4933,#4943,#4951,#4959));
#4933 = ORIENTED_EDGE('',*,*,#4934,.T.);
#4934 = EDGE_CURVE('',#4935,#4937,#4939,.T.);
#4935 = VERTEX_POINT('',#4936);
#4936 = CARTESIAN_POINT('',(8.94,-1.32,-7.5E-02));
#4937 = VERTEX_POINT('',#4938);
#4938 = CARTESIAN_POINT('',(8.94,1.32,-7.5E-02));
#4939 = LINE('',#4940,#4941);
#4940 = CARTESIAN_POINT('',(8.94,-1.32,-7.5E-02));
#4941 = VECTOR('',#4942,1.);
#4942 = DIRECTION('',(0.,1.,0.));
#4943 = ORIENTED_EDGE('',*,*,#4944,.T.);
#4944 = EDGE_CURVE('',#4937,#4945,#4947,.T.);
#4945 = VERTEX_POINT('',#4946);
#4946 = CARTESIAN_POINT('',(1.33,1.32,-7.5E-02));
#4947 = LINE('',#4948,#4949);
#4948 = CARTESIAN_POINT('',(8.94,1.32,-7.5E-02));
#4949 = VECTOR('',#4950,1.);
#4950 = DIRECTION('',(-1.,0.,0.));
#4951 = ORIENTED_EDGE('',*,*,#4952,.T.);
#4952 = EDGE_CURVE('',#4945,#4953,#4955,.T.);
#4953 = VERTEX_POINT('',#4954);
#4954 = CARTESIAN_POINT('',(1.33,-1.32,-7.5E-02));
#4955 = LINE('',#4956,#4957);
#4956 = CARTESIAN_POINT('',(1.33,1.32,-7.5E-02));
#4957 = VECTOR('',#4958,1.);
#4958 = DIRECTION('',(0.,-1.,0.));
#4959 = ORIENTED_EDGE('',*,*,#4960,.T.);
#4960 = EDGE_CURVE('',#4953,#4935,#4961,.T.);
#4961 = LINE('',#4962,#4963);
#4962 = CARTESIAN_POINT('',(1.33,-1.32,-7.5E-02));
#4963 = VECTOR('',#4964,1.);
#4964 = DIRECTION('',(1.,0.,0.));
#4965 = PLANE('',#4966);
#4966 = AXIS2_PLACEMENT_3D('',#4967,#4968,#4969);
#4967 = CARTESIAN_POINT('',(0.,0.,-7.5E-02));
#4968 = DIRECTION('',(-0.,-0.,-1.));
#4969 = DIRECTION('',(-1.,0.,0.));
#4970 = SHELL_BASED_SURFACE_MODEL('',(#4971));
#4971 = OPEN_SHELL('',(#4972));
#4972 = ADVANCED_FACE('',(#4973),#5034,.T.);
#4973 = FACE_BOUND('',#4974,.T.);
#4974 = EDGE_LOOP('',(#4975,#4986,#4994,#5003,#5011,#5019,#5028));
#4975 = ORIENTED_EDGE('',*,*,#4976,.T.);
#4976 = EDGE_CURVE('',#4977,#4979,#4981,.T.);
#4977 = VERTEX_POINT('',#4978);
#4978 = CARTESIAN_POINT('',(-1.44,1.38,-7.5E-02));
#4979 = VERTEX_POINT('',#4980);
#4980 = CARTESIAN_POINT('',(-1.38,1.44,-7.5E-02));
#4981 = CIRCLE('',#4982,5.99993201626E-02);
#4982 = AXIS2_PLACEMENT_3D('',#4983,#4984,#4985);
#4983 = CARTESIAN_POINT('',(-1.380000679841,1.380000679841,-7.5E-02));
#4984 = DIRECTION('',(0.,0.,-1.));
#4985 = DIRECTION('',(-0.999999999936,-1.133081592898E-05,-0.));
#4986 = ORIENTED_EDGE('',*,*,#4987,.T.);
#4987 = EDGE_CURVE('',#4979,#4988,#4990,.T.);
#4988 = VERTEX_POINT('',#4989);
#4989 = CARTESIAN_POINT('',(1.323488980085E-22,1.44,-7.5E-02));
#4990 = LINE('',#4991,#4992);
#4991 = CARTESIAN_POINT('',(-1.38,1.44,-7.5E-02));
#4992 = VECTOR('',#4993,1.);
#4993 = DIRECTION('',(1.,0.,0.));
#4994 = ORIENTED_EDGE('',*,*,#4995,.T.);
#4995 = EDGE_CURVE('',#4988,#4996,#4998,.T.);
#4996 = VERTEX_POINT('',#4997);
#4997 = CARTESIAN_POINT('',(7.676315941283E-18,1.32,-7.5E-02));
#4998 = CIRCLE('',#4999,6.000000000042E-02);
#4999 = AXIS2_PLACEMENT_3D('',#5000,#5001,#5002);
#5000 = CARTESIAN_POINT('',(2.255876463148E-07,1.38,-7.5E-02));
#5001 = DIRECTION('',(0.,0.,-1.));
#5002 = DIRECTION('',(-3.75979410522E-06,0.999999999993,-0.));
#5003 = ORIENTED_EDGE('',*,*,#5004,.T.);
#5004 = EDGE_CURVE('',#4996,#5005,#5007,.T.);
#5005 = VERTEX_POINT('',#5006);
#5006 = CARTESIAN_POINT('',(-1.32,1.32,-7.5E-02));
#5007 = LINE('',#5008,#5009);
#5008 = CARTESIAN_POINT('',(0.,1.32,-7.5E-02));
#5009 = VECTOR('',#5010,1.);
#5010 = DIRECTION('',(-1.,0.,0.));
#5011 = ORIENTED_EDGE('',*,*,#5012,.T.);
#5012 = EDGE_CURVE('',#5005,#5013,#5015,.T.);
#5013 = VERTEX_POINT('',#5014);
#5014 = CARTESIAN_POINT('',(-1.32,1.455837878093E-22,-7.5E-02));
#5015 = LINE('',#5016,#5017);
#5016 = CARTESIAN_POINT('',(-1.32,1.32,-7.5E-02));
#5017 = VECTOR('',#5018,1.);
#5018 = DIRECTION('',(0.,-1.,0.));
#5019 = ORIENTED_EDGE('',*,*,#5020,.T.);
#5020 = EDGE_CURVE('',#5013,#5021,#5023,.T.);
#5021 = VERTEX_POINT('',#5022);
#5022 = CARTESIAN_POINT('',(-1.44,-5.178839132315E-18,-7.5E-02));
#5023 = CIRCLE('',#5024,6.000000000042E-02);
#5024 = AXIS2_PLACEMENT_3D('',#5025,#5026,#5027);
#5025 = CARTESIAN_POINT('',(-1.38,-2.255876464189E-07,-7.5E-02));
#5026 = DIRECTION('',(0.,0.,-1.));
#5027 = DIRECTION('',(0.999999999993,3.759794106955E-06,0.));
#5028 = ORIENTED_EDGE('',*,*,#5029,.T.);
#5029 = EDGE_CURVE('',#5021,#4977,#5030,.T.);
#5030 = LINE('',#5031,#5032);
#5031 = CARTESIAN_POINT('',(-1.44,-0.,-7.5E-02));
#5032 = VECTOR('',#5033,1.);
#5033 = DIRECTION('',(0.,1.,0.));
#5034 = PLANE('',#5035);
#5035 = AXIS2_PLACEMENT_3D('',#5036,#5037,#5038);
#5036 = CARTESIAN_POINT('',(0.,0.,-7.5E-02));
#5037 = DIRECTION('',(-0.,-0.,-1.));
#5038 = DIRECTION('',(-1.,0.,0.));
#5039 = ( GEOMETRIC_REPRESENTATION_CONTEXT(3) 
GLOBAL_UNCERTAINTY_ASSIGNED_CONTEXT((#5043)) 
GLOBAL_UNIT_ASSIGNED_CONTEXT((#5040,#5041,#5042)) REPRESENTATION_CONTEXT
('Context #1','3D Context with UNIT and UNCERTAINTY') );
#5040 = ( LENGTH_UNIT() NAMED_UNIT(*) SI_UNIT(.MILLI.,.METRE.) );
#5041 = ( NAMED_UNIT(*) PLANE_ANGLE_UNIT() SI_UNIT($,.RADIAN.) );
#5042 = ( NAMED_UNIT(*) SI_UNIT($,.STERADIAN.) SOLID_ANGLE_UNIT() );
#5043 = UNCERTAINTY_MEASURE_WITH_UNIT(LENGTH_MEASURE(1.E-07),#5040,
  'distance_accuracy_value','confusion accuracy');
#5044 = CONTEXT_DEPENDENT_SHAPE_REPRESENTATION(#5045,#5047);
#5045 = ( REPRESENTATION_RELATIONSHIP('','',#4857,#10) 
REPRESENTATION_RELATIONSHIP_WITH_TRANSFORMATION(#5046) 
SHAPE_REPRESENTATION_RELATIONSHIP() );
#5046 = ITEM_DEFINED_TRANSFORMATION('','',#11,#23);
#5047 = PRODUCT_DEFINITION_SHAPE('Placement','Placement of an item',
  #5048);
#5048 = NEXT_ASSEMBLY_USAGE_OCCURRENCE('4','=>[0:1:1:5]','',#5,#4852,$);
#5049 = PRODUCT_RELATED_PRODUCT_CATEGORY('part',$,(#4854));
#5050 = SHAPE_DEFINITION_REPRESENTATION(#5051,#5057);
#5051 = PRODUCT_DEFINITION_SHAPE('','',#5052);
#5052 = PRODUCT_DEFINITION('design','',#5053,#5056);
#5053 = PRODUCT_DEFINITION_FORMATION('','',#5054);
#5054 = PRODUCT('pcb_PCB','pcb_PCB','',(#5055));
#5055 = PRODUCT_CONTEXT('',#2,'mechanical');
#5056 = PRODUCT_DEFINITION_CONTEXT('part definition',#2,'design');
#5057 = ADVANCED_BREP_SHAPE_REPRESENTATION('',(#11,#5058),#5364);
#5058 = MANIFOLD_SOLID_BREP('',#5059);
#5059 = CLOSED_SHELL('',(#5060,#5100,#5131,#5162,#5223,#5284,#5296,#5313
    ,#5330,#5347));
#5060 = ADVANCED_FACE('',(#5061),#5095,.T.);
#5061 = FACE_BOUND('',#5062,.T.);
#5062 = EDGE_LOOP('',(#5063,#5073,#5081,#5089));
#5063 = ORIENTED_EDGE('',*,*,#5064,.T.);
#5064 = EDGE_CURVE('',#5065,#5067,#5069,.T.);
#5065 = VERTEX_POINT('',#5066);
#5066 = CARTESIAN_POINT('',(25.31,-2.5,0.));
#5067 = VERTEX_POINT('',#5068);
#5068 = CARTESIAN_POINT('',(25.31,-2.5,1.2));
#5069 = LINE('',#5070,#5071);
#5070 = CARTESIAN_POINT('',(25.31,-2.5,0.));
#5071 = VECTOR('',#5072,1.);
#5072 = DIRECTION('',(0.,0.,1.));
#5073 = ORIENTED_EDGE('',*,*,#5074,.T.);
#5074 = EDGE_CURVE('',#5067,#5075,#5077,.T.);
#5075 = VERTEX_POINT('',#5076);
#5076 = CARTESIAN_POINT('',(-17.69,-2.5,1.2));
#5077 = LINE('',#5078,#5079);
#5078 = CARTESIAN_POINT('',(25.31,-2.5,1.2));
#5079 = VECTOR('',#5080,1.);
#5080 = DIRECTION('',(-1.,0.,0.));
#5081 = ORIENTED_EDGE('',*,*,#5082,.F.);
#5082 = EDGE_CURVE('',#5083,#5075,#5085,.T.);
#5083 = VERTEX_POINT('',#5084);
#5084 = CARTESIAN_POINT('',(-17.69,-2.5,0.));
#5085 = LINE('',#5086,#5087);
#5086 = CARTESIAN_POINT('',(-17.69,-2.5,0.));
#5087 = VECTOR('',#5088,1.);
#5088 = DIRECTION('',(0.,0.,1.));
#5089 = ORIENTED_EDGE('',*,*,#5090,.F.);
#5090 = EDGE_CURVE('',#5065,#5083,#5091,.T.);
#5091 = LINE('',#5092,#5093);
#5092 = CARTESIAN_POINT('',(25.31,-2.5,0.));
#5093 = VECTOR('',#5094,1.);
#5094 = DIRECTION('',(-1.,0.,0.));
#5095 = PLANE('',#5096);
#5096 = AXIS2_PLACEMENT_3D('',#5097,#5098,#5099);
#5097 = CARTESIAN_POINT('',(25.31,-2.5,0.));
#5098 = DIRECTION('',(0.,-1.,0.));
#5099 = DIRECTION('',(-1.,0.,0.));
#5100 = ADVANCED_FACE('',(#5101),#5126,.T.);
#5101 = FACE_BOUND('',#5102,.T.);
#5102 = EDGE_LOOP('',(#5103,#5113,#5119,#5120));
#5103 = ORIENTED_EDGE('',*,*,#5104,.T.);
#5104 = EDGE_CURVE('',#5105,#5107,#5109,.T.);
#5105 = VERTEX_POINT('',#5106);
#5106 = CARTESIAN_POINT('',(25.31,69.5,0.));
#5107 = VERTEX_POINT('',#5108);
#5108 = CARTESIAN_POINT('',(25.31,69.5,1.2));
#5109 = LINE('',#5110,#5111);
#5110 = CARTESIAN_POINT('',(25.31,69.5,0.));
#5111 = VECTOR('',#5112,1.);
#5112 = DIRECTION('',(0.,0.,1.));
#5113 = ORIENTED_EDGE('',*,*,#5114,.T.);
#5114 = EDGE_CURVE('',#5107,#5067,#5115,.T.);
#5115 = LINE('',#5116,#5117);
#5116 = CARTESIAN_POINT('',(25.31,69.5,1.2));
#5117 = VECTOR('',#5118,1.);
#5118 = DIRECTION('',(0.,-1.,0.));
#5119 = ORIENTED_EDGE('',*,*,#5064,.F.);
#5120 = ORIENTED_EDGE('',*,*,#5121,.F.);
#5121 = EDGE_CURVE('',#5105,#5065,#5122,.T.);
#5122 = LINE('',#5123,#5124);
#5123 = CARTESIAN_POINT('',(25.31,69.5,0.));
#5124 = VECTOR('',#5125,1.);
#5125 = DIRECTION('',(0.,-1.,0.));
#5126 = PLANE('',#5127);
#5127 = AXIS2_PLACEMENT_3D('',#5128,#5129,#5130);
#5128 = CARTESIAN_POINT('',(25.31,69.5,0.));
#5129 = DIRECTION('',(1.,0.,-0.));
#5130 = DIRECTION('',(0.,-1.,0.));
#5131 = ADVANCED_FACE('',(#5132),#5157,.T.);
#5132 = FACE_BOUND('',#5133,.T.);
#5133 = EDGE_LOOP('',(#5134,#5135,#5143,#5151));
#5134 = ORIENTED_EDGE('',*,*,#5082,.T.);
#5135 = ORIENTED_EDGE('',*,*,#5136,.T.);
#5136 = EDGE_CURVE('',#5075,#5137,#5139,.T.);
#5137 = VERTEX_POINT('',#5138);
#5138 = CARTESIAN_POINT('',(-17.69,69.5,1.2));
#5139 = LINE('',#5140,#5141);
#5140 = CARTESIAN_POINT('',(-17.69,-2.5,1.2));
#5141 = VECTOR('',#5142,1.);
#5142 = DIRECTION('',(0.,1.,0.));
#5143 = ORIENTED_EDGE('',*,*,#5144,.F.);
#5144 = EDGE_CURVE('',#5145,#5137,#5147,.T.);
#5145 = VERTEX_POINT('',#5146);
#5146 = CARTESIAN_POINT('',(-17.69,69.5,0.));
#5147 = LINE('',#5148,#5149);
#5148 = CARTESIAN_POINT('',(-17.69,69.5,0.));
#5149 = VECTOR('',#5150,1.);
#5150 = DIRECTION('',(0.,0.,1.));
#5151 = ORIENTED_EDGE('',*,*,#5152,.F.);
#5152 = EDGE_CURVE('',#5083,#5145,#5153,.T.);
#5153 = LINE('',#5154,#5155);
#5154 = CARTESIAN_POINT('',(-17.69,-2.5,0.));
#5155 = VECTOR('',#5156,1.);
#5156 = DIRECTION('',(0.,1.,0.));
#5157 = PLANE('',#5158);
#5158 = AXIS2_PLACEMENT_3D('',#5159,#5160,#5161);
#5159 = CARTESIAN_POINT('',(-17.69,-2.5,0.));
#5160 = DIRECTION('',(-1.,0.,0.));
#5161 = DIRECTION('',(0.,1.,0.));
#5162 = ADVANCED_FACE('',(#5163,#5174,#5185,#5196,#5207),#5218,.F.);
#5163 = FACE_BOUND('',#5164,.F.);
#5164 = EDGE_LOOP('',(#5165,#5166,#5167,#5173));
#5165 = ORIENTED_EDGE('',*,*,#5090,.F.);
#5166 = ORIENTED_EDGE('',*,*,#5121,.F.);
#5167 = ORIENTED_EDGE('',*,*,#5168,.F.);
#5168 = EDGE_CURVE('',#5145,#5105,#5169,.T.);
#5169 = LINE('',#5170,#5171);
#5170 = CARTESIAN_POINT('',(-17.69,69.5,0.));
#5171 = VECTOR('',#5172,1.);
#5172 = DIRECTION('',(1.,0.,0.));
#5173 = ORIENTED_EDGE('',*,*,#5152,.F.);
#5174 = FACE_BOUND('',#5175,.F.);
#5175 = EDGE_LOOP('',(#5176));
#5176 = ORIENTED_EDGE('',*,*,#5177,.T.);
#5177 = EDGE_CURVE('',#5178,#5178,#5180,.T.);
#5178 = VERTEX_POINT('',#5179);
#5179 = CARTESIAN_POINT('',(7.62,-0.5,0.));
#5180 = CIRCLE('',#5181,0.5);
#5181 = AXIS2_PLACEMENT_3D('',#5182,#5183,#5184);
#5182 = CARTESIAN_POINT('',(7.62,-4.857225732735E-16,0.));
#5183 = DIRECTION('',(-0.,0.,-1.));
#5184 = DIRECTION('',(1.7763568394E-15,-1.,-0.));
#5185 = FACE_BOUND('',#5186,.F.);
#5186 = EDGE_LOOP('',(#5187));
#5187 = ORIENTED_EDGE('',*,*,#5188,.T.);
#5188 = EDGE_CURVE('',#5189,#5189,#5191,.T.);
#5189 = VERTEX_POINT('',#5190);
#5190 = CARTESIAN_POINT('',(-6.162975822039E-33,-0.5,0.));
#5191 = CIRCLE('',#5192,0.5);
#5192 = AXIS2_PLACEMENT_3D('',#5193,#5194,#5195);
#5193 = CARTESIAN_POINT('',(-2.775557561563E-17,8.326672684689E-17,0.));
#5194 = DIRECTION('',(-0.,0.,-1.));
#5195 = DIRECTION('',(5.551115123126E-17,-1.,-0.));
#5196 = FACE_BOUND('',#5197,.F.);
#5197 = EDGE_LOOP('',(#5198));
#5198 = ORIENTED_EDGE('',*,*,#5199,.T.);
#5199 = EDGE_CURVE('',#5200,#5200,#5202,.T.);
#5200 = VERTEX_POINT('',#5201);
#5201 = CARTESIAN_POINT('',(2.54,-0.5,0.));
#5202 = CIRCLE('',#5203,0.5);
#5203 = AXIS2_PLACEMENT_3D('',#5204,#5205,#5206);
#5204 = CARTESIAN_POINT('',(2.54,8.326672684689E-17,0.));
#5205 = DIRECTION('',(-0.,0.,-1.));
#5206 = DIRECTION('',(-0.,-1.,0.));
#5207 = FACE_BOUND('',#5208,.F.);
#5208 = EDGE_LOOP('',(#5209));
#5209 = ORIENTED_EDGE('',*,*,#5210,.T.);
#5210 = EDGE_CURVE('',#5211,#5211,#5213,.T.);
#5211 = VERTEX_POINT('',#5212);
#5212 = CARTESIAN_POINT('',(5.08,-0.5,0.));
#5213 = CIRCLE('',#5214,0.5);
#5214 = AXIS2_PLACEMENT_3D('',#5215,#5216,#5217);
#5215 = CARTESIAN_POINT('',(5.08,8.326672684689E-17,0.));
#5216 = DIRECTION('',(-0.,0.,-1.));
#5217 = DIRECTION('',(-0.,-1.,0.));
#5218 = PLANE('',#5219);
#5219 = AXIS2_PLACEMENT_3D('',#5220,#5221,#5222);
#5220 = CARTESIAN_POINT('',(0.,0.,0.));
#5221 = DIRECTION('',(0.,0.,1.));
#5222 = DIRECTION('',(1.,0.,-0.));
#5223 = ADVANCED_FACE('',(#5224,#5235,#5246,#5257,#5268),#5279,.T.);
#5224 = FACE_BOUND('',#5225,.T.);
#5225 = EDGE_LOOP('',(#5226,#5227,#5228,#5234));
#5226 = ORIENTED_EDGE('',*,*,#5074,.F.);
#5227 = ORIENTED_EDGE('',*,*,#5114,.F.);
#5228 = ORIENTED_EDGE('',*,*,#5229,.F.);
#5229 = EDGE_CURVE('',#5137,#5107,#5230,.T.);
#5230 = LINE('',#5231,#5232);
#5231 = CARTESIAN_POINT('',(-17.69,69.5,1.2));
#5232 = VECTOR('',#5233,1.);
#5233 = DIRECTION('',(1.,0.,0.));
#5234 = ORIENTED_EDGE('',*,*,#5136,.F.);
#5235 = FACE_BOUND('',#5236,.T.);
#5236 = EDGE_LOOP('',(#5237));
#5237 = ORIENTED_EDGE('',*,*,#5238,.T.);
#5238 = EDGE_CURVE('',#5239,#5239,#5241,.T.);
#5239 = VERTEX_POINT('',#5240);
#5240 = CARTESIAN_POINT('',(7.62,-0.5,1.2));
#5241 = CIRCLE('',#5242,0.5);
#5242 = AXIS2_PLACEMENT_3D('',#5243,#5244,#5245);
#5243 = CARTESIAN_POINT('',(7.62,-4.857225732735E-16,1.2));
#5244 = DIRECTION('',(-0.,0.,-1.));
#5245 = DIRECTION('',(1.7763568394E-15,-1.,-0.));
#5246 = FACE_BOUND('',#5247,.T.);
#5247 = EDGE_LOOP('',(#5248));
#5248 = ORIENTED_EDGE('',*,*,#5249,.T.);
#5249 = EDGE_CURVE('',#5250,#5250,#5252,.T.);
#5250 = VERTEX_POINT('',#5251);
#5251 = CARTESIAN_POINT('',(-6.162975822039E-33,-0.5,1.2));
#5252 = CIRCLE('',#5253,0.5);
#5253 = AXIS2_PLACEMENT_3D('',#5254,#5255,#5256);
#5254 = CARTESIAN_POINT('',(-2.775557561563E-17,8.326672684689E-17,1.2)
  );
#5255 = DIRECTION('',(-0.,0.,-1.));
#5256 = DIRECTION('',(5.551115123126E-17,-1.,-0.));
#5257 = FACE_BOUND('',#5258,.T.);
#5258 = EDGE_LOOP('',(#5259));
#5259 = ORIENTED_EDGE('',*,*,#5260,.T.);
#5260 = EDGE_CURVE('',#5261,#5261,#5263,.T.);
#5261 = VERTEX_POINT('',#5262);
#5262 = CARTESIAN_POINT('',(2.54,-0.5,1.2));
#5263 = CIRCLE('',#5264,0.5);
#5264 = AXIS2_PLACEMENT_3D('',#5265,#5266,#5267);
#5265 = CARTESIAN_POINT('',(2.54,8.326672684689E-17,1.2));
#5266 = DIRECTION('',(-0.,0.,-1.));
#5267 = DIRECTION('',(-0.,-1.,0.));
#5268 = FACE_BOUND('',#5269,.T.);
#5269 = EDGE_LOOP('',(#5270));
#5270 = ORIENTED_EDGE('',*,*,#5271,.T.);
#5271 = EDGE_CURVE('',#5272,#5272,#5274,.T.);
#5272 = VERTEX_POINT('',#5273);
#5273 = CARTESIAN_POINT('',(5.08,-0.5,1.2));
#5274 = CIRCLE('',#5275,0.5);
#5275 = AXIS2_PLACEMENT_3D('',#5276,#5277,#5278);
#5276 = CARTESIAN_POINT('',(5.08,8.326672684689E-17,1.2));
#5277 = DIRECTION('',(-0.,0.,-1.));
#5278 = DIRECTION('',(-0.,-1.,0.));
#5279 = PLANE('',#5280);
#5280 = AXIS2_PLACEMENT_3D('',#5281,#5282,#5283);
#5281 = CARTESIAN_POINT('',(0.,0.,1.2));
#5282 = DIRECTION('',(0.,0.,1.));
#5283 = DIRECTION('',(1.,0.,-0.));
#5284 = ADVANCED_FACE('',(#5285),#5291,.T.);
#5285 = FACE_BOUND('',#5286,.T.);
#5286 = EDGE_LOOP('',(#5287,#5288,#5289,#5290));
#5287 = ORIENTED_EDGE('',*,*,#5144,.T.);
#5288 = ORIENTED_EDGE('',*,*,#5229,.T.);
#5289 = ORIENTED_EDGE('',*,*,#5104,.F.);
#5290 = ORIENTED_EDGE('',*,*,#5168,.F.);
#5291 = PLANE('',#5292);
#5292 = AXIS2_PLACEMENT_3D('',#5293,#5294,#5295);
#5293 = CARTESIAN_POINT('',(-17.69,69.5,0.));
#5294 = DIRECTION('',(0.,1.,0.));
#5295 = DIRECTION('',(1.,0.,0.));
#5296 = ADVANCED_FACE('',(#5297),#5308,.F.);
#5297 = FACE_BOUND('',#5298,.T.);
#5298 = EDGE_LOOP('',(#5299,#5300,#5306,#5307));
#5299 = ORIENTED_EDGE('',*,*,#5177,.T.);
#5300 = ORIENTED_EDGE('',*,*,#5301,.T.);
#5301 = EDGE_CURVE('',#5178,#5239,#5302,.T.);
#5302 = LINE('',#5303,#5304);
#5303 = CARTESIAN_POINT('',(7.62,-0.5,-4.6E-02));
#5304 = VECTOR('',#5305,1.);
#5305 = DIRECTION('',(0.,0.,1.));
#5306 = ORIENTED_EDGE('',*,*,#5238,.F.);
#5307 = ORIENTED_EDGE('',*,*,#5301,.F.);
#5308 = CYLINDRICAL_SURFACE('',#5309,0.5);
#5309 = AXIS2_PLACEMENT_3D('',#5310,#5311,#5312);
#5310 = CARTESIAN_POINT('',(7.62,-4.857225732735E-16,-4.6E-02));
#5311 = DIRECTION('',(-0.,0.,-1.));
#5312 = DIRECTION('',(1.7763568394E-15,-1.,-0.));
#5313 = ADVANCED_FACE('',(#5314),#5325,.F.);
#5314 = FACE_BOUND('',#5315,.T.);
#5315 = EDGE_LOOP('',(#5316,#5317,#5323,#5324));
#5316 = ORIENTED_EDGE('',*,*,#5188,.T.);
#5317 = ORIENTED_EDGE('',*,*,#5318,.T.);
#5318 = EDGE_CURVE('',#5189,#5250,#5319,.T.);
#5319 = LINE('',#5320,#5321);
#5320 = CARTESIAN_POINT('',(-6.162975822039E-33,-0.5,-4.6E-02));
#5321 = VECTOR('',#5322,1.);
#5322 = DIRECTION('',(0.,0.,1.));
#5323 = ORIENTED_EDGE('',*,*,#5249,.F.);
#5324 = ORIENTED_EDGE('',*,*,#5318,.F.);
#5325 = CYLINDRICAL_SURFACE('',#5326,0.5);
#5326 = AXIS2_PLACEMENT_3D('',#5327,#5328,#5329);
#5327 = CARTESIAN_POINT('',(-2.775557561563E-17,8.326672684689E-17,
    -4.6E-02));
#5328 = DIRECTION('',(-0.,0.,-1.));
#5329 = DIRECTION('',(5.551115123126E-17,-1.,-0.));
#5330 = ADVANCED_FACE('',(#5331),#5342,.F.);
#5331 = FACE_BOUND('',#5332,.T.);
#5332 = EDGE_LOOP('',(#5333,#5334,#5340,#5341));
#5333 = ORIENTED_EDGE('',*,*,#5199,.T.);
#5334 = ORIENTED_EDGE('',*,*,#5335,.T.);
#5335 = EDGE_CURVE('',#5200,#5261,#5336,.T.);
#5336 = LINE('',#5337,#5338);
#5337 = CARTESIAN_POINT('',(2.54,-0.5,-4.6E-02));
#5338 = VECTOR('',#5339,1.);
#5339 = DIRECTION('',(0.,0.,1.));
#5340 = ORIENTED_EDGE('',*,*,#5260,.F.);
#5341 = ORIENTED_EDGE('',*,*,#5335,.F.);
#5342 = CYLINDRICAL_SURFACE('',#5343,0.5);
#5343 = AXIS2_PLACEMENT_3D('',#5344,#5345,#5346);
#5344 = CARTESIAN_POINT('',(2.54,8.326672684689E-17,-4.6E-02));
#5345 = DIRECTION('',(-0.,-0.,-1.));
#5346 = DIRECTION('',(-0.,-1.,0.));
#5347 = ADVANCED_FACE('',(#5348),#5359,.F.);
#5348 = FACE_BOUND('',#5349,.T.);
#5349 = EDGE_LOOP('',(#5350,#5351,#5357,#5358));
#5350 = ORIENTED_EDGE('',*,*,#5210,.T.);
#5351 = ORIENTED_EDGE('',*,*,#5352,.T.);
#5352 = EDGE_CURVE('',#5211,#5272,#5353,.T.);
#5353 = LINE('',#5354,#5355);
#5354 = CARTESIAN_POINT('',(5.08,-0.5,-4.6E-02));
#5355 = VECTOR('',#5356,1.);
#5356 = DIRECTION('',(0.,0.,1.));
#5357 = ORIENTED_EDGE('',*,*,#5271,.F.);
#5358 = ORIENTED_EDGE('',*,*,#5352,.F.);
#5359 = CYLINDRICAL_SURFACE('',#5360,0.5);
#5360 = AXIS2_PLACEMENT_3D('',#5361,#5362,#5363);
#5361 = CARTESIAN_POINT('',(5.08,8.326672684689E-17,-4.6E-02));
#5362 = DIRECTION('',(-0.,-0.,-1.));
#5363 = DIRECTION('',(-0.,-1.,0.));
#5364 = ( GEOMETRIC_REPRESENTATION_CONTEXT(3) 
GLOBAL_UNCERTAINTY_ASSIGNED_CONTEXT((#5368)) 
GLOBAL_UNIT_ASSIGNED_CONTEXT((#5365,#5366,#5367)) REPRESENTATION_CONTEXT
('Context #1','3D Context with UNIT and UNCERTAINTY') );
#5365 = ( LENGTH_UNIT() NAMED_UNIT(*) SI_UNIT(.MILLI.,.METRE.) );
#5366 = ( NAMED_UNIT(*) PLANE_ANGLE_UNIT() SI_UNIT($,.RADIAN.) );
#5367 = ( NAMED_UNIT(*) SI_UNIT($,.STERADIAN.) SOLID_ANGLE_UNIT() );
#5368 = UNCERTAINTY_MEASURE_WITH_UNIT(LENGTH_MEASURE(1.E-07),#5365,
  'distance_accuracy_value','confusion accuracy');
#5369 = CONTEXT_DEPENDENT_SHAPE_REPRESENTATION(#5370,#5372);
#5370 = ( REPRESENTATION_RELATIONSHIP('','',#5057,#10) 
REPRESENTATION_RELATIONSHIP_WITH_TRANSFORMATION(#5371) 
SHAPE_REPRESENTATION_RELATIONSHIP() );
#5371 = ITEM_DEFINED_TRANSFORMATION('','',#11,#27);
#5372 = PRODUCT_DEFINITION_SHAPE('Placement','Placement of an item',
  #5373);
#5373 = NEXT_ASSEMBLY_USAGE_OCCURRENCE('5','=>[0:1:1:6]','',#5,#5052,$);
#5374 = PRODUCT_RELATED_PRODUCT_CATEGORY('part',$,(#5054));
#5375 = MECHANICAL_DESIGN_GEOMETRIC_PRESENTATION_REPRESENTATION('',(
    #5376,#5384,#5391,#5398,#5405,#5412,#5419,#5426,#5433,#5440,#5447,
    #5454,#5461,#5468,#5475,#5482,#5489,#5496,#5503,#5510,#5517,#5524,
    #5531,#5538,#5545,#5552,#5559,#5566,#5573,#5581,#5588,#5595,#5602,
    #5609,#5616,#5623,#5630,#5637,#5644,#5651,#5658,#5665,#5672,#5679,
    #5686,#5693,#5700,#5707,#5714,#5721,#5728,#5735,#5742,#5749,#5756,
    #5763,#5770,#5777,#5784,#5791,#5798,#5805,#5812,#5819,#5826,#5833,
    #5840,#5847,#5854,#5861,#5868,#5875,#5882,#5889,#5896,#5903,#5910,
    #5917,#5924,#5931,#5938,#5945,#5952,#5959,#5966,#5973,#5980,#5987,
    #5994,#6001,#6008,#6015,#6022,#6029,#6036,#6043,#6050,#6057,#6064,
    #6071),#2848);
#5376 = STYLED_ITEM('color',(#5377),#70);
#5377 = PRESENTATION_STYLE_ASSIGNMENT((#5378));
#5378 = SURFACE_STYLE_USAGE(.BOTH.,#5379);
#5379 = SURFACE_SIDE_STYLE('',(#5380));
#5380 = SURFACE_STYLE_FILL_AREA(#5381);
#5381 = FILL_AREA_STYLE('',(#5382));
#5382 = FILL_AREA_STYLE_COLOUR('',#5383);
#5383 = COLOUR_RGB('',0.147999998088,0.144999993226,0.144999993226);
#5384 = STYLED_ITEM('color',(#5385),#110);
#5385 = PRESENTATION_STYLE_ASSIGNMENT((#5386));
#5386 = SURFACE_STYLE_USAGE(.BOTH.,#5387);
#5387 = SURFACE_SIDE_STYLE('',(#5388));
#5388 = SURFACE_STYLE_FILL_AREA(#5389);
#5389 = FILL_AREA_STYLE('',(#5390));
#5390 = FILL_AREA_STYLE_COLOUR('',#5383);
#5391 = STYLED_ITEM('color',(#5392),#141);
#5392 = PRESENTATION_STYLE_ASSIGNMENT((#5393));
#5393 = SURFACE_STYLE_USAGE(.BOTH.,#5394);
#5394 = SURFACE_SIDE_STYLE('',(#5395));
#5395 = SURFACE_STYLE_FILL_AREA(#5396);
#5396 = FILL_AREA_STYLE('',(#5397));
#5397 = FILL_AREA_STYLE_COLOUR('',#5383);
#5398 = STYLED_ITEM('color',(#5399),#172);
#5399 = PRESENTATION_STYLE_ASSIGNMENT((#5400));
#5400 = SURFACE_STYLE_USAGE(.BOTH.,#5401);
#5401 = SURFACE_SIDE_STYLE('',(#5402));
#5402 = SURFACE_STYLE_FILL_AREA(#5403);
#5403 = FILL_AREA_STYLE('',(#5404));
#5404 = FILL_AREA_STYLE_COLOUR('',#5383);
#5405 = STYLED_ITEM('color',(#5406),#501);
#5406 = PRESENTATION_STYLE_ASSIGNMENT((#5407));
#5407 = SURFACE_STYLE_USAGE(.BOTH.,#5408);
#5408 = SURFACE_SIDE_STYLE('',(#5409));
#5409 = SURFACE_STYLE_FILL_AREA(#5410);
#5410 = FILL_AREA_STYLE('',(#5411));
#5411 = FILL_AREA_STYLE_COLOUR('',#5383);
#5412 = STYLED_ITEM('color',(#5413),#830);
#5413 = PRESENTATION_STYLE_ASSIGNMENT((#5414));
#5414 = SURFACE_STYLE_USAGE(.BOTH.,#5415);
#5415 = SURFACE_SIDE_STYLE('',(#5416));
#5416 = SURFACE_STYLE_FILL_AREA(#5417);
#5417 = FILL_AREA_STYLE('',(#5418));
#5418 = FILL_AREA_STYLE_COLOUR('',#5383);
#5419 = STYLED_ITEM('color',(#5420),#847);
#5420 = PRESENTATION_STYLE_ASSIGNMENT((#5421));
#5421 = SURFACE_STYLE_USAGE(.BOTH.,#5422);
#5422 = SURFACE_SIDE_STYLE('',(#5423));
#5423 = SURFACE_STYLE_FILL_AREA(#5424);
#5424 = FILL_AREA_STYLE('',(#5425));
#5425 = FILL_AREA_STYLE_COLOUR('',#5383);
#5426 = STYLED_ITEM('color',(#5427),#864);
#5427 = PRESENTATION_STYLE_ASSIGNMENT((#5428));
#5428 = SURFACE_STYLE_USAGE(.BOTH.,#5429);
#5429 = SURFACE_SIDE_STYLE('',(#5430));
#5430 = SURFACE_STYLE_FILL_AREA(#5431);
#5431 = FILL_AREA_STYLE('',(#5432));
#5432 = FILL_AREA_STYLE_COLOUR('',#5383);
#5433 = STYLED_ITEM('color',(#5434),#881);
#5434 = PRESENTATION_STYLE_ASSIGNMENT((#5435));
#5435 = SURFACE_STYLE_USAGE(.BOTH.,#5436);
#5436 = SURFACE_SIDE_STYLE('',(#5437));
#5437 = SURFACE_STYLE_FILL_AREA(#5438);
#5438 = FILL_AREA_STYLE('',(#5439));
#5439 = FILL_AREA_STYLE_COLOUR('',#5383);
#5440 = STYLED_ITEM('color',(#5441),#898);
#5441 = PRESENTATION_STYLE_ASSIGNMENT((#5442));
#5442 = SURFACE_STYLE_USAGE(.BOTH.,#5443);
#5443 = SURFACE_SIDE_STYLE('',(#5444));
#5444 = SURFACE_STYLE_FILL_AREA(#5445);
#5445 = FILL_AREA_STYLE('',(#5446));
#5446 = FILL_AREA_STYLE_COLOUR('',#5383);
#5447 = STYLED_ITEM('color',(#5448),#915);
#5448 = PRESENTATION_STYLE_ASSIGNMENT((#5449));
#5449 = SURFACE_STYLE_USAGE(.BOTH.,#5450);
#5450 = SURFACE_SIDE_STYLE('',(#5451));
#5451 = SURFACE_STYLE_FILL_AREA(#5452);
#5452 = FILL_AREA_STYLE('',(#5453));
#5453 = FILL_AREA_STYLE_COLOUR('',#5383);
#5454 = STYLED_ITEM('color',(#5455),#932);
#5455 = PRESENTATION_STYLE_ASSIGNMENT((#5456));
#5456 = SURFACE_STYLE_USAGE(.BOTH.,#5457);
#5457 = SURFACE_SIDE_STYLE('',(#5458));
#5458 = SURFACE_STYLE_FILL_AREA(#5459);
#5459 = FILL_AREA_STYLE('',(#5460));
#5460 = FILL_AREA_STYLE_COLOUR('',#5383);
#5461 = STYLED_ITEM('color',(#5462),#949);
#5462 = PRESENTATION_STYLE_ASSIGNMENT((#5463));
#5463 = SURFACE_STYLE_USAGE(.BOTH.,#5464);
#5464 = SURFACE_SIDE_STYLE('',(#5465));
#5465 = SURFACE_STYLE_FILL_AREA(#5466);
#5466 = FILL_AREA_STYLE('',(#5467));
#5467 = FILL_AREA_STYLE_COLOUR('',#5383);
#5468 = STYLED_ITEM('color',(#5469),#966);
#5469 = PRESENTATION_STYLE_ASSIGNMENT((#5470));
#5470 = SURFACE_STYLE_USAGE(.BOTH.,#5471);
#5471 = SURFACE_SIDE_STYLE('',(#5472));
#5472 = SURFACE_STYLE_FILL_AREA(#5473);
#5473 = FILL_AREA_STYLE('',(#5474));
#5474 = FILL_AREA_STYLE_COLOUR('',#5383);
#5475 = STYLED_ITEM('color',(#5476),#983);
#5476 = PRESENTATION_STYLE_ASSIGNMENT((#5477));
#5477 = SURFACE_STYLE_USAGE(.BOTH.,#5478);
#5478 = SURFACE_SIDE_STYLE('',(#5479));
#5479 = SURFACE_STYLE_FILL_AREA(#5480);
#5480 = FILL_AREA_STYLE('',(#5481));
#5481 = FILL_AREA_STYLE_COLOUR('',#5383);
#5482 = STYLED_ITEM('color',(#5483),#1000);
#5483 = PRESENTATION_STYLE_ASSIGNMENT((#5484));
#5484 = SURFACE_STYLE_USAGE(.BOTH.,#5485);
#5485 = SURFACE_SIDE_STYLE('',(#5486));
#5486 = SURFACE_STYLE_FILL_AREA(#5487);
#5487 = FILL_AREA_STYLE('',(#5488));
#5488 = FILL_AREA_STYLE_COLOUR('',#5383);
#5489 = STYLED_ITEM('color',(#5490),#1017);
#5490 = PRESENTATION_STYLE_ASSIGNMENT((#5491));
#5491 = SURFACE_STYLE_USAGE(.BOTH.,#5492);
#5492 = SURFACE_SIDE_STYLE('',(#5493));
#5493 = SURFACE_STYLE_FILL_AREA(#5494);
#5494 = FILL_AREA_STYLE('',(#5495));
#5495 = FILL_AREA_STYLE_COLOUR('',#5383);
#5496 = STYLED_ITEM('color',(#5497),#1034);
#5497 = PRESENTATION_STYLE_ASSIGNMENT((#5498));
#5498 = SURFACE_STYLE_USAGE(.BOTH.,#5499);
#5499 = SURFACE_SIDE_STYLE('',(#5500));
#5500 = SURFACE_STYLE_FILL_AREA(#5501);
#5501 = FILL_AREA_STYLE('',(#5502));
#5502 = FILL_AREA_STYLE_COLOUR('',#5383);
#5503 = STYLED_ITEM('color',(#5504),#1051);
#5504 = PRESENTATION_STYLE_ASSIGNMENT((#5505));
#5505 = SURFACE_STYLE_USAGE(.BOTH.,#5506);
#5506 = SURFACE_SIDE_STYLE('',(#5507));
#5507 = SURFACE_STYLE_FILL_AREA(#5508);
#5508 = FILL_AREA_STYLE('',(#5509));
#5509 = FILL_AREA_STYLE_COLOUR('',#5383);
#5510 = STYLED_ITEM('color',(#5511),#1068);
#5511 = PRESENTATION_STYLE_ASSIGNMENT((#5512));
#5512 = SURFACE_STYLE_USAGE(.BOTH.,#5513);
#5513 = SURFACE_SIDE_STYLE('',(#5514));
#5514 = SURFACE_STYLE_FILL_AREA(#5515);
#5515 = FILL_AREA_STYLE('',(#5516));
#5516 = FILL_AREA_STYLE_COLOUR('',#5383);
#5517 = STYLED_ITEM('color',(#5518),#1085);
#5518 = PRESENTATION_STYLE_ASSIGNMENT((#5519));
#5519 = SURFACE_STYLE_USAGE(.BOTH.,#5520);
#5520 = SURFACE_SIDE_STYLE('',(#5521));
#5521 = SURFACE_STYLE_FILL_AREA(#5522);
#5522 = FILL_AREA_STYLE('',(#5523));
#5523 = FILL_AREA_STYLE_COLOUR('',#5383);
#5524 = STYLED_ITEM('color',(#5525),#1102);
#5525 = PRESENTATION_STYLE_ASSIGNMENT((#5526));
#5526 = SURFACE_STYLE_USAGE(.BOTH.,#5527);
#5527 = SURFACE_SIDE_STYLE('',(#5528));
#5528 = SURFACE_STYLE_FILL_AREA(#5529);
#5529 = FILL_AREA_STYLE('',(#5530));
#5530 = FILL_AREA_STYLE_COLOUR('',#5383);
#5531 = STYLED_ITEM('color',(#5532),#1119);
#5532 = PRESENTATION_STYLE_ASSIGNMENT((#5533));
#5533 = SURFACE_STYLE_USAGE(.BOTH.,#5534);
#5534 = SURFACE_SIDE_STYLE('',(#5535));
#5535 = SURFACE_STYLE_FILL_AREA(#5536);
#5536 = FILL_AREA_STYLE('',(#5537));
#5537 = FILL_AREA_STYLE_COLOUR('',#5383);
#5538 = STYLED_ITEM('color',(#5539),#1136);
#5539 = PRESENTATION_STYLE_ASSIGNMENT((#5540));
#5540 = SURFACE_STYLE_USAGE(.BOTH.,#5541);
#5541 = SURFACE_SIDE_STYLE('',(#5542));
#5542 = SURFACE_STYLE_FILL_AREA(#5543);
#5543 = FILL_AREA_STYLE('',(#5544));
#5544 = FILL_AREA_STYLE_COLOUR('',#5383);
#5545 = STYLED_ITEM('color',(#5546),#1153);
#5546 = PRESENTATION_STYLE_ASSIGNMENT((#5547));
#5547 = SURFACE_STYLE_USAGE(.BOTH.,#5548);
#5548 = SURFACE_SIDE_STYLE('',(#5549));
#5549 = SURFACE_STYLE_FILL_AREA(#5550);
#5550 = FILL_AREA_STYLE('',(#5551));
#5551 = FILL_AREA_STYLE_COLOUR('',#5383);
#5552 = STYLED_ITEM('color',(#5553),#1170);
#5553 = PRESENTATION_STYLE_ASSIGNMENT((#5554));
#5554 = SURFACE_STYLE_USAGE(.BOTH.,#5555);
#5555 = SURFACE_SIDE_STYLE('',(#5556));
#5556 = SURFACE_STYLE_FILL_AREA(#5557);
#5557 = FILL_AREA_STYLE('',(#5558));
#5558 = FILL_AREA_STYLE_COLOUR('',#5383);
#5559 = STYLED_ITEM('color',(#5560),#1187);
#5560 = PRESENTATION_STYLE_ASSIGNMENT((#5561));
#5561 = SURFACE_STYLE_USAGE(.BOTH.,#5562);
#5562 = SURFACE_SIDE_STYLE('',(#5563));
#5563 = SURFACE_STYLE_FILL_AREA(#5564);
#5564 = FILL_AREA_STYLE('',(#5565));
#5565 = FILL_AREA_STYLE_COLOUR('',#5383);
#5566 = STYLED_ITEM('color',(#5567),#1204);
#5567 = PRESENTATION_STYLE_ASSIGNMENT((#5568));
#5568 = SURFACE_STYLE_USAGE(.BOTH.,#5569);
#5569 = SURFACE_SIDE_STYLE('',(#5570));
#5570 = SURFACE_STYLE_FILL_AREA(#5571);
#5571 = FILL_AREA_STYLE('',(#5572));
#5572 = FILL_AREA_STYLE_COLOUR('',#5383);
#5573 = STYLED_ITEM('color',(#5574),#1216);
#5574 = PRESENTATION_STYLE_ASSIGNMENT((#5575));
#5575 = SURFACE_STYLE_USAGE(.BOTH.,#5576);
#5576 = SURFACE_SIDE_STYLE('',(#5577));
#5577 = SURFACE_STYLE_FILL_AREA(#5578);
#5578 = FILL_AREA_STYLE('',(#5579));
#5579 = FILL_AREA_STYLE_COLOUR('',#5580);
#5580 = COLOUR_RGB('',0.859000020776,0.737999965183,0.495999988746);
#5581 = STYLED_ITEM('color',(#5582),#1247);
#5582 = PRESENTATION_STYLE_ASSIGNMENT((#5583));
#5583 = SURFACE_STYLE_USAGE(.BOTH.,#5584);
#5584 = SURFACE_SIDE_STYLE('',(#5585));
#5585 = SURFACE_STYLE_FILL_AREA(#5586);
#5586 = FILL_AREA_STYLE('',(#5587));
#5587 = FILL_AREA_STYLE_COLOUR('',#5580);
#5588 = STYLED_ITEM('color',(#5589),#1271);
#5589 = PRESENTATION_STYLE_ASSIGNMENT((#5590));
#5590 = SURFACE_STYLE_USAGE(.BOTH.,#5591);
#5591 = SURFACE_SIDE_STYLE('',(#5592));
#5592 = SURFACE_STYLE_FILL_AREA(#5593);
#5593 = FILL_AREA_STYLE('',(#5594));
#5594 = FILL_AREA_STYLE_COLOUR('',#5580);
#5595 = STYLED_ITEM('color',(#5596),#1295);
#5596 = PRESENTATION_STYLE_ASSIGNMENT((#5597));
#5597 = SURFACE_STYLE_USAGE(.BOTH.,#5598);
#5598 = SURFACE_SIDE_STYLE('',(#5599));
#5599 = SURFACE_STYLE_FILL_AREA(#5600);
#5600 = FILL_AREA_STYLE('',(#5601));
#5601 = FILL_AREA_STYLE_COLOUR('',#5580);
#5602 = STYLED_ITEM('color',(#5603),#1312);
#5603 = PRESENTATION_STYLE_ASSIGNMENT((#5604));
#5604 = SURFACE_STYLE_USAGE(.BOTH.,#5605);
#5605 = SURFACE_SIDE_STYLE('',(#5606));
#5606 = SURFACE_STYLE_FILL_AREA(#5607);
#5607 = FILL_AREA_STYLE('',(#5608));
#5608 = FILL_AREA_STYLE_COLOUR('',#5580);
#5609 = STYLED_ITEM('color',(#5610),#1343);
#5610 = PRESENTATION_STYLE_ASSIGNMENT((#5611));
#5611 = SURFACE_STYLE_USAGE(.BOTH.,#5612);
#5612 = SURFACE_SIDE_STYLE('',(#5613));
#5613 = SURFACE_STYLE_FILL_AREA(#5614);
#5614 = FILL_AREA_STYLE('',(#5615));
#5615 = FILL_AREA_STYLE_COLOUR('',#5580);
#5616 = STYLED_ITEM('color',(#5617),#1367);
#5617 = PRESENTATION_STYLE_ASSIGNMENT((#5618));
#5618 = SURFACE_STYLE_USAGE(.BOTH.,#5619);
#5619 = SURFACE_SIDE_STYLE('',(#5620));
#5620 = SURFACE_STYLE_FILL_AREA(#5621);
#5621 = FILL_AREA_STYLE('',(#5622));
#5622 = FILL_AREA_STYLE_COLOUR('',#5580);
#5623 = STYLED_ITEM('color',(#5624),#1391);
#5624 = PRESENTATION_STYLE_ASSIGNMENT((#5625));
#5625 = SURFACE_STYLE_USAGE(.BOTH.,#5626);
#5626 = SURFACE_SIDE_STYLE('',(#5627));
#5627 = SURFACE_STYLE_FILL_AREA(#5628);
#5628 = FILL_AREA_STYLE('',(#5629));
#5629 = FILL_AREA_STYLE_COLOUR('',#5580);
#5630 = STYLED_ITEM('color',(#5631),#1408);
#5631 = PRESENTATION_STYLE_ASSIGNMENT((#5632));
#5632 = SURFACE_STYLE_USAGE(.BOTH.,#5633);
#5633 = SURFACE_SIDE_STYLE('',(#5634));
#5634 = SURFACE_STYLE_FILL_AREA(#5635);
#5635 = FILL_AREA_STYLE('',(#5636));
#5636 = FILL_AREA_STYLE_COLOUR('',#5580);
#5637 = STYLED_ITEM('color',(#5638),#1439);
#5638 = PRESENTATION_STYLE_ASSIGNMENT((#5639));
#5639 = SURFACE_STYLE_USAGE(.BOTH.,#5640);
#5640 = SURFACE_SIDE_STYLE('',(#5641));
#5641 = SURFACE_STYLE_FILL_AREA(#5642);
#5642 = FILL_AREA_STYLE('',(#5643));
#5643 = FILL_AREA_STYLE_COLOUR('',#5580);
#5644 = STYLED_ITEM('color',(#5645),#1463);
#5645 = PRESENTATION_STYLE_ASSIGNMENT((#5646));
#5646 = SURFACE_STYLE_USAGE(.BOTH.,#5647);
#5647 = SURFACE_SIDE_STYLE('',(#5648));
#5648 = SURFACE_STYLE_FILL_AREA(#5649);
#5649 = FILL_AREA_STYLE('',(#5650));
#5650 = FILL_AREA_STYLE_COLOUR('',#5580);
#5651 = STYLED_ITEM('color',(#5652),#1487);
#5652 = PRESENTATION_STYLE_ASSIGNMENT((#5653));
#5653 = SURFACE_STYLE_USAGE(.BOTH.,#5654);
#5654 = SURFACE_SIDE_STYLE('',(#5655));
#5655 = SURFACE_STYLE_FILL_AREA(#5656);
#5656 = FILL_AREA_STYLE('',(#5657));
#5657 = FILL_AREA_STYLE_COLOUR('',#5580);
#5658 = STYLED_ITEM('color',(#5659),#1504);
#5659 = PRESENTATION_STYLE_ASSIGNMENT((#5660));
#5660 = SURFACE_STYLE_USAGE(.BOTH.,#5661);
#5661 = SURFACE_SIDE_STYLE('',(#5662));
#5662 = SURFACE_STYLE_FILL_AREA(#5663);
#5663 = FILL_AREA_STYLE('',(#5664));
#5664 = FILL_AREA_STYLE_COLOUR('',#5580);
#5665 = STYLED_ITEM('color',(#5666),#1535);
#5666 = PRESENTATION_STYLE_ASSIGNMENT((#5667));
#5667 = SURFACE_STYLE_USAGE(.BOTH.,#5668);
#5668 = SURFACE_SIDE_STYLE('',(#5669));
#5669 = SURFACE_STYLE_FILL_AREA(#5670);
#5670 = FILL_AREA_STYLE('',(#5671));
#5671 = FILL_AREA_STYLE_COLOUR('',#5580);
#5672 = STYLED_ITEM('color',(#5673),#1559);
#5673 = PRESENTATION_STYLE_ASSIGNMENT((#5674));
#5674 = SURFACE_STYLE_USAGE(.BOTH.,#5675);
#5675 = SURFACE_SIDE_STYLE('',(#5676));
#5676 = SURFACE_STYLE_FILL_AREA(#5677);
#5677 = FILL_AREA_STYLE('',(#5678));
#5678 = FILL_AREA_STYLE_COLOUR('',#5580);
#5679 = STYLED_ITEM('color',(#5680),#1583);
#5680 = PRESENTATION_STYLE_ASSIGNMENT((#5681));
#5681 = SURFACE_STYLE_USAGE(.BOTH.,#5682);
#5682 = SURFACE_SIDE_STYLE('',(#5683));
#5683 = SURFACE_STYLE_FILL_AREA(#5684);
#5684 = FILL_AREA_STYLE('',(#5685));
#5685 = FILL_AREA_STYLE_COLOUR('',#5580);
#5686 = STYLED_ITEM('color',(#5687),#1600);
#5687 = PRESENTATION_STYLE_ASSIGNMENT((#5688));
#5688 = SURFACE_STYLE_USAGE(.BOTH.,#5689);
#5689 = SURFACE_SIDE_STYLE('',(#5690));
#5690 = SURFACE_STYLE_FILL_AREA(#5691);
#5691 = FILL_AREA_STYLE('',(#5692));
#5692 = FILL_AREA_STYLE_COLOUR('',#5580);
#5693 = STYLED_ITEM('color',(#5694),#1631);
#5694 = PRESENTATION_STYLE_ASSIGNMENT((#5695));
#5695 = SURFACE_STYLE_USAGE(.BOTH.,#5696);
#5696 = SURFACE_SIDE_STYLE('',(#5697));
#5697 = SURFACE_STYLE_FILL_AREA(#5698);
#5698 = FILL_AREA_STYLE('',(#5699));
#5699 = FILL_AREA_STYLE_COLOUR('',#5580);
#5700 = STYLED_ITEM('color',(#5701),#1655);
#5701 = PRESENTATION_STYLE_ASSIGNMENT((#5702));
#5702 = SURFACE_STYLE_USAGE(.BOTH.,#5703);
#5703 = SURFACE_SIDE_STYLE('',(#5704));
#5704 = SURFACE_STYLE_FILL_AREA(#5705);
#5705 = FILL_AREA_STYLE('',(#5706));
#5706 = FILL_AREA_STYLE_COLOUR('',#5580);
#5707 = STYLED_ITEM('color',(#5708),#1679);
#5708 = PRESENTATION_STYLE_ASSIGNMENT((#5709));
#5709 = SURFACE_STYLE_USAGE(.BOTH.,#5710);
#5710 = SURFACE_SIDE_STYLE('',(#5711));
#5711 = SURFACE_STYLE_FILL_AREA(#5712);
#5712 = FILL_AREA_STYLE('',(#5713));
#5713 = FILL_AREA_STYLE_COLOUR('',#5580);
#5714 = STYLED_ITEM('color',(#5715),#1696);
#5715 = PRESENTATION_STYLE_ASSIGNMENT((#5716));
#5716 = SURFACE_STYLE_USAGE(.BOTH.,#5717);
#5717 = SURFACE_SIDE_STYLE('',(#5718));
#5718 = SURFACE_STYLE_FILL_AREA(#5719);
#5719 = FILL_AREA_STYLE('',(#5720));
#5720 = FILL_AREA_STYLE_COLOUR('',#5580);
#5721 = STYLED_ITEM('color',(#5722),#1727);
#5722 = PRESENTATION_STYLE_ASSIGNMENT((#5723));
#5723 = SURFACE_STYLE_USAGE(.BOTH.,#5724);
#5724 = SURFACE_SIDE_STYLE('',(#5725));
#5725 = SURFACE_STYLE_FILL_AREA(#5726);
#5726 = FILL_AREA_STYLE('',(#5727));
#5727 = FILL_AREA_STYLE_COLOUR('',#5580);
#5728 = STYLED_ITEM('color',(#5729),#1751);
#5729 = PRESENTATION_STYLE_ASSIGNMENT((#5730));
#5730 = SURFACE_STYLE_USAGE(.BOTH.,#5731);
#5731 = SURFACE_SIDE_STYLE('',(#5732));
#5732 = SURFACE_STYLE_FILL_AREA(#5733);
#5733 = FILL_AREA_STYLE('',(#5734));
#5734 = FILL_AREA_STYLE_COLOUR('',#5580);
#5735 = STYLED_ITEM('color',(#5736),#1775);
#5736 = PRESENTATION_STYLE_ASSIGNMENT((#5737));
#5737 = SURFACE_STYLE_USAGE(.BOTH.,#5738);
#5738 = SURFACE_SIDE_STYLE('',(#5739));
#5739 = SURFACE_STYLE_FILL_AREA(#5740);
#5740 = FILL_AREA_STYLE('',(#5741));
#5741 = FILL_AREA_STYLE_COLOUR('',#5580);
#5742 = STYLED_ITEM('color',(#5743),#1792);
#5743 = PRESENTATION_STYLE_ASSIGNMENT((#5744));
#5744 = SURFACE_STYLE_USAGE(.BOTH.,#5745);
#5745 = SURFACE_SIDE_STYLE('',(#5746));
#5746 = SURFACE_STYLE_FILL_AREA(#5747);
#5747 = FILL_AREA_STYLE('',(#5748));
#5748 = FILL_AREA_STYLE_COLOUR('',#5580);
#5749 = STYLED_ITEM('color',(#5750),#1823);
#5750 = PRESENTATION_STYLE_ASSIGNMENT((#5751));
#5751 = SURFACE_STYLE_USAGE(.BOTH.,#5752);
#5752 = SURFACE_SIDE_STYLE('',(#5753));
#5753 = SURFACE_STYLE_FILL_AREA(#5754);
#5754 = FILL_AREA_STYLE('',(#5755));
#5755 = FILL_AREA_STYLE_COLOUR('',#5580);
#5756 = STYLED_ITEM('color',(#5757),#1847);
#5757 = PRESENTATION_STYLE_ASSIGNMENT((#5758));
#5758 = SURFACE_STYLE_USAGE(.BOTH.,#5759);
#5759 = SURFACE_SIDE_STYLE('',(#5760));
#5760 = SURFACE_STYLE_FILL_AREA(#5761);
#5761 = FILL_AREA_STYLE('',(#5762));
#5762 = FILL_AREA_STYLE_COLOUR('',#5580);
#5763 = STYLED_ITEM('color',(#5764),#1871);
#5764 = PRESENTATION_STYLE_ASSIGNMENT((#5765));
#5765 = SURFACE_STYLE_USAGE(.BOTH.,#5766);
#5766 = SURFACE_SIDE_STYLE('',(#5767));
#5767 = SURFACE_STYLE_FILL_AREA(#5768);
#5768 = FILL_AREA_STYLE('',(#5769));
#5769 = FILL_AREA_STYLE_COLOUR('',#5580);
#5770 = STYLED_ITEM('color',(#5771),#1888);
#5771 = PRESENTATION_STYLE_ASSIGNMENT((#5772));
#5772 = SURFACE_STYLE_USAGE(.BOTH.,#5773);
#5773 = SURFACE_SIDE_STYLE('',(#5774));
#5774 = SURFACE_STYLE_FILL_AREA(#5775);
#5775 = FILL_AREA_STYLE('',(#5776));
#5776 = FILL_AREA_STYLE_COLOUR('',#5580);
#5777 = STYLED_ITEM('color',(#5778),#1919);
#5778 = PRESENTATION_STYLE_ASSIGNMENT((#5779));
#5779 = SURFACE_STYLE_USAGE(.BOTH.,#5780);
#5780 = SURFACE_SIDE_STYLE('',(#5781));
#5781 = SURFACE_STYLE_FILL_AREA(#5782);
#5782 = FILL_AREA_STYLE('',(#5783));
#5783 = FILL_AREA_STYLE_COLOUR('',#5580);
#5784 = STYLED_ITEM('color',(#5785),#1943);
#5785 = PRESENTATION_STYLE_ASSIGNMENT((#5786));
#5786 = SURFACE_STYLE_USAGE(.BOTH.,#5787);
#5787 = SURFACE_SIDE_STYLE('',(#5788));
#5788 = SURFACE_STYLE_FILL_AREA(#5789);
#5789 = FILL_AREA_STYLE('',(#5790));
#5790 = FILL_AREA_STYLE_COLOUR('',#5580);
#5791 = STYLED_ITEM('color',(#5792),#1967);
#5792 = PRESENTATION_STYLE_ASSIGNMENT((#5793));
#5793 = SURFACE_STYLE_USAGE(.BOTH.,#5794);
#5794 = SURFACE_SIDE_STYLE('',(#5795));
#5795 = SURFACE_STYLE_FILL_AREA(#5796);
#5796 = FILL_AREA_STYLE('',(#5797));
#5797 = FILL_AREA_STYLE_COLOUR('',#5580);
#5798 = STYLED_ITEM('color',(#5799),#1984);
#5799 = PRESENTATION_STYLE_ASSIGNMENT((#5800));
#5800 = SURFACE_STYLE_USAGE(.BOTH.,#5801);
#5801 = SURFACE_SIDE_STYLE('',(#5802));
#5802 = SURFACE_STYLE_FILL_AREA(#5803);
#5803 = FILL_AREA_STYLE('',(#5804));
#5804 = FILL_AREA_STYLE_COLOUR('',#5580);
#5805 = STYLED_ITEM('color',(#5806),#2015);
#5806 = PRESENTATION_STYLE_ASSIGNMENT((#5807));
#5807 = SURFACE_STYLE_USAGE(.BOTH.,#5808);
#5808 = SURFACE_SIDE_STYLE('',(#5809));
#5809 = SURFACE_STYLE_FILL_AREA(#5810);
#5810 = FILL_AREA_STYLE('',(#5811));
#5811 = FILL_AREA_STYLE_COLOUR('',#5580);
#5812 = STYLED_ITEM('color',(#5813),#2039);
#5813 = PRESENTATION_STYLE_ASSIGNMENT((#5814));
#5814 = SURFACE_STYLE_USAGE(.BOTH.,#5815);
#5815 = SURFACE_SIDE_STYLE('',(#5816));
#5816 = SURFACE_STYLE_FILL_AREA(#5817);
#5817 = FILL_AREA_STYLE('',(#5818));
#5818 = FILL_AREA_STYLE_COLOUR('',#5580);
#5819 = STYLED_ITEM('color',(#5820),#2063);
#5820 = PRESENTATION_STYLE_ASSIGNMENT((#5821));
#5821 = SURFACE_STYLE_USAGE(.BOTH.,#5822);
#5822 = SURFACE_SIDE_STYLE('',(#5823));
#5823 = SURFACE_STYLE_FILL_AREA(#5824);
#5824 = FILL_AREA_STYLE('',(#5825));
#5825 = FILL_AREA_STYLE_COLOUR('',#5580);
#5826 = STYLED_ITEM('color',(#5827),#2080);
#5827 = PRESENTATION_STYLE_ASSIGNMENT((#5828));
#5828 = SURFACE_STYLE_USAGE(.BOTH.,#5829);
#5829 = SURFACE_SIDE_STYLE('',(#5830));
#5830 = SURFACE_STYLE_FILL_AREA(#5831);
#5831 = FILL_AREA_STYLE('',(#5832));
#5832 = FILL_AREA_STYLE_COLOUR('',#5580);
#5833 = STYLED_ITEM('color',(#5834),#2111);
#5834 = PRESENTATION_STYLE_ASSIGNMENT((#5835));
#5835 = SURFACE_STYLE_USAGE(.BOTH.,#5836);
#5836 = SURFACE_SIDE_STYLE('',(#5837));
#5837 = SURFACE_STYLE_FILL_AREA(#5838);
#5838 = FILL_AREA_STYLE('',(#5839));
#5839 = FILL_AREA_STYLE_COLOUR('',#5580);
#5840 = STYLED_ITEM('color',(#5841),#2135);
#5841 = PRESENTATION_STYLE_ASSIGNMENT((#5842));
#5842 = SURFACE_STYLE_USAGE(.BOTH.,#5843);
#5843 = SURFACE_SIDE_STYLE('',(#5844));
#5844 = SURFACE_STYLE_FILL_AREA(#5845);
#5845 = FILL_AREA_STYLE('',(#5846));
#5846 = FILL_AREA_STYLE_COLOUR('',#5580);
#5847 = STYLED_ITEM('color',(#5848),#2159);
#5848 = PRESENTATION_STYLE_ASSIGNMENT((#5849));
#5849 = SURFACE_STYLE_USAGE(.BOTH.,#5850);
#5850 = SURFACE_SIDE_STYLE('',(#5851));
#5851 = SURFACE_STYLE_FILL_AREA(#5852);
#5852 = FILL_AREA_STYLE('',(#5853));
#5853 = FILL_AREA_STYLE_COLOUR('',#5580);
#5854 = STYLED_ITEM('color',(#5855),#2176);
#5855 = PRESENTATION_STYLE_ASSIGNMENT((#5856));
#5856 = SURFACE_STYLE_USAGE(.BOTH.,#5857);
#5857 = SURFACE_SIDE_STYLE('',(#5858));
#5858 = SURFACE_STYLE_FILL_AREA(#5859);
#5859 = FILL_AREA_STYLE('',(#5860));
#5860 = FILL_AREA_STYLE_COLOUR('',#5580);
#5861 = STYLED_ITEM('color',(#5862),#2207);
#5862 = PRESENTATION_STYLE_ASSIGNMENT((#5863));
#5863 = SURFACE_STYLE_USAGE(.BOTH.,#5864);
#5864 = SURFACE_SIDE_STYLE('',(#5865));
#5865 = SURFACE_STYLE_FILL_AREA(#5866);
#5866 = FILL_AREA_STYLE('',(#5867));
#5867 = FILL_AREA_STYLE_COLOUR('',#5580);
#5868 = STYLED_ITEM('color',(#5869),#2231);
#5869 = PRESENTATION_STYLE_ASSIGNMENT((#5870));
#5870 = SURFACE_STYLE_USAGE(.BOTH.,#5871);
#5871 = SURFACE_SIDE_STYLE('',(#5872));
#5872 = SURFACE_STYLE_FILL_AREA(#5873);
#5873 = FILL_AREA_STYLE('',(#5874));
#5874 = FILL_AREA_STYLE_COLOUR('',#5580);
#5875 = STYLED_ITEM('color',(#5876),#2255);
#5876 = PRESENTATION_STYLE_ASSIGNMENT((#5877));
#5877 = SURFACE_STYLE_USAGE(.BOTH.,#5878);
#5878 = SURFACE_SIDE_STYLE('',(#5879));
#5879 = SURFACE_STYLE_FILL_AREA(#5880);
#5880 = FILL_AREA_STYLE('',(#5881));
#5881 = FILL_AREA_STYLE_COLOUR('',#5580);
#5882 = STYLED_ITEM('color',(#5883),#2272);
#5883 = PRESENTATION_STYLE_ASSIGNMENT((#5884));
#5884 = SURFACE_STYLE_USAGE(.BOTH.,#5885);
#5885 = SURFACE_SIDE_STYLE('',(#5886));
#5886 = SURFACE_STYLE_FILL_AREA(#5887);
#5887 = FILL_AREA_STYLE('',(#5888));
#5888 = FILL_AREA_STYLE_COLOUR('',#5580);
#5889 = STYLED_ITEM('color',(#5890),#2303);
#5890 = PRESENTATION_STYLE_ASSIGNMENT((#5891));
#5891 = SURFACE_STYLE_USAGE(.BOTH.,#5892);
#5892 = SURFACE_SIDE_STYLE('',(#5893));
#5893 = SURFACE_STYLE_FILL_AREA(#5894);
#5894 = FILL_AREA_STYLE('',(#5895));
#5895 = FILL_AREA_STYLE_COLOUR('',#5580);
#5896 = STYLED_ITEM('color',(#5897),#2327);
#5897 = PRESENTATION_STYLE_ASSIGNMENT((#5898));
#5898 = SURFACE_STYLE_USAGE(.BOTH.,#5899);
#5899 = SURFACE_SIDE_STYLE('',(#5900));
#5900 = SURFACE_STYLE_FILL_AREA(#5901);
#5901 = FILL_AREA_STYLE('',(#5902));
#5902 = FILL_AREA_STYLE_COLOUR('',#5580);
#5903 = STYLED_ITEM('color',(#5904),#2351);
#5904 = PRESENTATION_STYLE_ASSIGNMENT((#5905));
#5905 = SURFACE_STYLE_USAGE(.BOTH.,#5906);
#5906 = SURFACE_SIDE_STYLE('',(#5907));
#5907 = SURFACE_STYLE_FILL_AREA(#5908);
#5908 = FILL_AREA_STYLE('',(#5909));
#5909 = FILL_AREA_STYLE_COLOUR('',#5580);
#5910 = STYLED_ITEM('color',(#5911),#2368);
#5911 = PRESENTATION_STYLE_ASSIGNMENT((#5912));
#5912 = SURFACE_STYLE_USAGE(.BOTH.,#5913);
#5913 = SURFACE_SIDE_STYLE('',(#5914));
#5914 = SURFACE_STYLE_FILL_AREA(#5915);
#5915 = FILL_AREA_STYLE('',(#5916));
#5916 = FILL_AREA_STYLE_COLOUR('',#5580);
#5917 = STYLED_ITEM('color',(#5918),#2399);
#5918 = PRESENTATION_STYLE_ASSIGNMENT((#5919));
#5919 = SURFACE_STYLE_USAGE(.BOTH.,#5920);
#5920 = SURFACE_SIDE_STYLE('',(#5921));
#5921 = SURFACE_STYLE_FILL_AREA(#5922);
#5922 = FILL_AREA_STYLE('',(#5923));
#5923 = FILL_AREA_STYLE_COLOUR('',#5580);
#5924 = STYLED_ITEM('color',(#5925),#2423);
#5925 = PRESENTATION_STYLE_ASSIGNMENT((#5926));
#5926 = SURFACE_STYLE_USAGE(.BOTH.,#5927);
#5927 = SURFACE_SIDE_STYLE('',(#5928));
#5928 = SURFACE_STYLE_FILL_AREA(#5929);
#5929 = FILL_AREA_STYLE('',(#5930));
#5930 = FILL_AREA_STYLE_COLOUR('',#5580);
#5931 = STYLED_ITEM('color',(#5932),#2447);
#5932 = PRESENTATION_STYLE_ASSIGNMENT((#5933));
#5933 = SURFACE_STYLE_USAGE(.BOTH.,#5934);
#5934 = SURFACE_SIDE_STYLE('',(#5935));
#5935 = SURFACE_STYLE_FILL_AREA(#5936);
#5936 = FILL_AREA_STYLE('',(#5937));
#5937 = FILL_AREA_STYLE_COLOUR('',#5580);
#5938 = STYLED_ITEM('color',(#5939),#2464);
#5939 = PRESENTATION_STYLE_ASSIGNMENT((#5940));
#5940 = SURFACE_STYLE_USAGE(.BOTH.,#5941);
#5941 = SURFACE_SIDE_STYLE('',(#5942));
#5942 = SURFACE_STYLE_FILL_AREA(#5943);
#5943 = FILL_AREA_STYLE('',(#5944));
#5944 = FILL_AREA_STYLE_COLOUR('',#5580);
#5945 = STYLED_ITEM('color',(#5946),#2495);
#5946 = PRESENTATION_STYLE_ASSIGNMENT((#5947));
#5947 = SURFACE_STYLE_USAGE(.BOTH.,#5948);
#5948 = SURFACE_SIDE_STYLE('',(#5949));
#5949 = SURFACE_STYLE_FILL_AREA(#5950);
#5950 = FILL_AREA_STYLE('',(#5951));
#5951 = FILL_AREA_STYLE_COLOUR('',#5580);
#5952 = STYLED_ITEM('color',(#5953),#2519);
#5953 = PRESENTATION_STYLE_ASSIGNMENT((#5954));
#5954 = SURFACE_STYLE_USAGE(.BOTH.,#5955);
#5955 = SURFACE_SIDE_STYLE('',(#5956));
#5956 = SURFACE_STYLE_FILL_AREA(#5957);
#5957 = FILL_AREA_STYLE('',(#5958));
#5958 = FILL_AREA_STYLE_COLOUR('',#5580);
#5959 = STYLED_ITEM('color',(#5960),#2543);
#5960 = PRESENTATION_STYLE_ASSIGNMENT((#5961));
#5961 = SURFACE_STYLE_USAGE(.BOTH.,#5962);
#5962 = SURFACE_SIDE_STYLE('',(#5963));
#5963 = SURFACE_STYLE_FILL_AREA(#5964);
#5964 = FILL_AREA_STYLE('',(#5965));
#5965 = FILL_AREA_STYLE_COLOUR('',#5580);
#5966 = STYLED_ITEM('color',(#5967),#2560);
#5967 = PRESENTATION_STYLE_ASSIGNMENT((#5968));
#5968 = SURFACE_STYLE_USAGE(.BOTH.,#5969);
#5969 = SURFACE_SIDE_STYLE('',(#5970));
#5970 = SURFACE_STYLE_FILL_AREA(#5971);
#5971 = FILL_AREA_STYLE('',(#5972));
#5972 = FILL_AREA_STYLE_COLOUR('',#5580);
#5973 = STYLED_ITEM('color',(#5974),#2591);
#5974 = PRESENTATION_STYLE_ASSIGNMENT((#5975));
#5975 = SURFACE_STYLE_USAGE(.BOTH.,#5976);
#5976 = SURFACE_SIDE_STYLE('',(#5977));
#5977 = SURFACE_STYLE_FILL_AREA(#5978);
#5978 = FILL_AREA_STYLE('',(#5979));
#5979 = FILL_AREA_STYLE_COLOUR('',#5580);
#5980 = STYLED_ITEM('color',(#5981),#2615);
#5981 = PRESENTATION_STYLE_ASSIGNMENT((#5982));
#5982 = SURFACE_STYLE_USAGE(.BOTH.,#5983);
#5983 = SURFACE_SIDE_STYLE('',(#5984));
#5984 = SURFACE_STYLE_FILL_AREA(#5985);
#5985 = FILL_AREA_STYLE('',(#5986));
#5986 = FILL_AREA_STYLE_COLOUR('',#5580);
#5987 = STYLED_ITEM('color',(#5988),#2639);
#5988 = PRESENTATION_STYLE_ASSIGNMENT((#5989));
#5989 = SURFACE_STYLE_USAGE(.BOTH.,#5990);
#5990 = SURFACE_SIDE_STYLE('',(#5991));
#5991 = SURFACE_STYLE_FILL_AREA(#5992);
#5992 = FILL_AREA_STYLE('',(#5993));
#5993 = FILL_AREA_STYLE_COLOUR('',#5580);
#5994 = STYLED_ITEM('color',(#5995),#2656);
#5995 = PRESENTATION_STYLE_ASSIGNMENT((#5996));
#5996 = SURFACE_STYLE_USAGE(.BOTH.,#5997);
#5997 = SURFACE_SIDE_STYLE('',(#5998));
#5998 = SURFACE_STYLE_FILL_AREA(#5999);
#5999 = FILL_AREA_STYLE('',(#6000));
#6000 = FILL_AREA_STYLE_COLOUR('',#5580);
#6001 = STYLED_ITEM('color',(#6002),#2687);
#6002 = PRESENTATION_STYLE_ASSIGNMENT((#6003));
#6003 = SURFACE_STYLE_USAGE(.BOTH.,#6004);
#6004 = SURFACE_SIDE_STYLE('',(#6005));
#6005 = SURFACE_STYLE_FILL_AREA(#6006);
#6006 = FILL_AREA_STYLE('',(#6007));
#6007 = FILL_AREA_STYLE_COLOUR('',#5580);
#6008 = STYLED_ITEM('color',(#6009),#2711);
#6009 = PRESENTATION_STYLE_ASSIGNMENT((#6010));
#6010 = SURFACE_STYLE_USAGE(.BOTH.,#6011);
#6011 = SURFACE_SIDE_STYLE('',(#6012));
#6012 = SURFACE_STYLE_FILL_AREA(#6013);
#6013 = FILL_AREA_STYLE('',(#6014));
#6014 = FILL_AREA_STYLE_COLOUR('',#5580);
#6015 = STYLED_ITEM('color',(#6016),#2735);
#6016 = PRESENTATION_STYLE_ASSIGNMENT((#6017));
#6017 = SURFACE_STYLE_USAGE(.BOTH.,#6018);
#6018 = SURFACE_SIDE_STYLE('',(#6019));
#6019 = SURFACE_STYLE_FILL_AREA(#6020);
#6020 = FILL_AREA_STYLE('',(#6021));
#6021 = FILL_AREA_STYLE_COLOUR('',#5580);
#6022 = STYLED_ITEM('color',(#6023),#2752);
#6023 = PRESENTATION_STYLE_ASSIGNMENT((#6024));
#6024 = SURFACE_STYLE_USAGE(.BOTH.,#6025);
#6025 = SURFACE_SIDE_STYLE('',(#6026));
#6026 = SURFACE_STYLE_FILL_AREA(#6027);
#6027 = FILL_AREA_STYLE('',(#6028));
#6028 = FILL_AREA_STYLE_COLOUR('',#5580);
#6029 = STYLED_ITEM('color',(#6030),#2764);
#6030 = PRESENTATION_STYLE_ASSIGNMENT((#6031));
#6031 = SURFACE_STYLE_USAGE(.BOTH.,#6032);
#6032 = SURFACE_SIDE_STYLE('',(#6033));
#6033 = SURFACE_STYLE_FILL_AREA(#6034);
#6034 = FILL_AREA_STYLE('',(#6035));
#6035 = FILL_AREA_STYLE_COLOUR('',#5580);
#6036 = STYLED_ITEM('color',(#6037),#2776);
#6037 = PRESENTATION_STYLE_ASSIGNMENT((#6038));
#6038 = SURFACE_STYLE_USAGE(.BOTH.,#6039);
#6039 = SURFACE_SIDE_STYLE('',(#6040));
#6040 = SURFACE_STYLE_FILL_AREA(#6041);
#6041 = FILL_AREA_STYLE('',(#6042));
#6042 = FILL_AREA_STYLE_COLOUR('',#5580);
#6043 = STYLED_ITEM('color',(#6044),#2788);
#6044 = PRESENTATION_STYLE_ASSIGNMENT((#6045));
#6045 = SURFACE_STYLE_USAGE(.BOTH.,#6046);
#6046 = SURFACE_SIDE_STYLE('',(#6047));
#6047 = SURFACE_STYLE_FILL_AREA(#6048);
#6048 = FILL_AREA_STYLE('',(#6049));
#6049 = FILL_AREA_STYLE_COLOUR('',#5580);
#6050 = STYLED_ITEM('color',(#6051),#2800);
#6051 = PRESENTATION_STYLE_ASSIGNMENT((#6052));
#6052 = SURFACE_STYLE_USAGE(.BOTH.,#6053);
#6053 = SURFACE_SIDE_STYLE('',(#6054));
#6054 = SURFACE_STYLE_FILL_AREA(#6055);
#6055 = FILL_AREA_STYLE('',(#6056));
#6056 = FILL_AREA_STYLE_COLOUR('',#5580);
#6057 = STYLED_ITEM('color',(#6058),#2812);
#6058 = PRESENTATION_STYLE_ASSIGNMENT((#6059));
#6059 = SURFACE_STYLE_USAGE(.BOTH.,#6060);
#6060 = SURFACE_SIDE_STYLE('',(#6061));
#6061 = SURFACE_STYLE_FILL_AREA(#6062);
#6062 = FILL_AREA_STYLE('',(#6063));
#6063 = FILL_AREA_STYLE_COLOUR('',#5580);
#6064 = STYLED_ITEM('color',(#6065),#2824);
#6065 = PRESENTATION_STYLE_ASSIGNMENT((#6066));
#6066 = SURFACE_STYLE_USAGE(.BOTH.,#6067);
#6067 = SURFACE_SIDE_STYLE('',(#6068));
#6068 = SURFACE_STYLE_FILL_AREA(#6069);
#6069 = FILL_AREA_STYLE('',(#6070));
#6070 = FILL_AREA_STYLE_COLOUR('',#5580);
#6071 = STYLED_ITEM('color',(#6072),#2836);
#6072 = PRESENTATION_STYLE_ASSIGNMENT((#6073));
#6073 = SURFACE_STYLE_USAGE(.BOTH.,#6074);
#6074 = SURFACE_SIDE_STYLE('',(#6075));
#6075 = SURFACE_STYLE_FILL_AREA(#6076);
#6076 = FILL_AREA_STYLE('',(#6077));
#6077 = FILL_AREA_STYLE_COLOUR('',#5580);
#6078 = MECHANICAL_DESIGN_GEOMETRIC_PRESENTATION_REPRESENTATION('',(
    #6079),#5364);
#6079 = STYLED_ITEM('color',(#6080),#5058);
#6080 = PRESENTATION_STYLE_ASSIGNMENT((#6081));
#6081 = SURFACE_STYLE_USAGE(.BOTH.,#6082);
#6082 = SURFACE_SIDE_STYLE('',(#6083));
#6083 = SURFACE_STYLE_FILL_AREA(#6084);
#6084 = FILL_AREA_STYLE('',(#6085));
#6085 = FILL_AREA_STYLE_COLOUR('',#6086);
#6086 = COLOUR_RGB('',0.313304153717,0.484529207832,0.410020903123);
#6087 = MECHANICAL_DESIGN_GEOMETRIC_PRESENTATION_REPRESENTATION('',(
    #6088,#6098),#5039);
#6088 = STYLED_ITEM('color',(#6089),#4860);
#6089 = PRESENTATION_STYLE_ASSIGNMENT((#6090));
#6090 = SURFACE_STYLE_USAGE(.BOTH.,#6091);
#6091 = SURFACE_SIDE_STYLE('',(#6092,#6096));
#6092 = SURFACE_STYLE_FILL_AREA(#6093);
#6093 = FILL_AREA_STYLE('',(#6094));
#6094 = FILL_AREA_STYLE_COLOUR('',#6095);
#6095 = DRAUGHTING_PRE_DEFINED_COLOUR('white');
#6096 = SURFACE_STYLE_RENDERING_WITH_PROPERTIES(.NORMAL_SHADING.,#6095,(
    #6097));
#6097 = SURFACE_STYLE_TRANSPARENT(0.100000023842);
#6098 = STYLED_ITEM('color',(#6099),#4972);
#6099 = PRESENTATION_STYLE_ASSIGNMENT((#6100));
#6100 = SURFACE_STYLE_USAGE(.BOTH.,#6101);
#6101 = SURFACE_SIDE_STYLE('',(#6102,#6105));
#6102 = SURFACE_STYLE_FILL_AREA(#6103);
#6103 = FILL_AREA_STYLE('',(#6104));
#6104 = FILL_AREA_STYLE_COLOUR('',#6095);
#6105 = SURFACE_STYLE_RENDERING_WITH_PROPERTIES(.NORMAL_SHADING.,#6095,(
    #6106));
#6106 = SURFACE_STYLE_TRANSPARENT(0.100000023842);
#6107 = MECHANICAL_DESIGN_GEOMETRIC_PRESENTATION_REPRESENTATION('',(
    #6108,#6117,#6126,#6135,#6144,#6153,#6162),#4839);
#6108 = STYLED_ITEM('color',(#6109),#2869);
#6109 = PRESENTATION_STYLE_ASSIGNMENT((#6110));
#6110 = SURFACE_STYLE_USAGE(.BOTH.,#6111);
#6111 = SURFACE_SIDE_STYLE('',(#6112,#6115));
#6112 = SURFACE_STYLE_FILL_AREA(#6113);
#6113 = FILL_AREA_STYLE('',(#6114));
#6114 = FILL_AREA_STYLE_COLOUR('',#6095);
#6115 = SURFACE_STYLE_RENDERING_WITH_PROPERTIES(.NORMAL_SHADING.,#6095,(
    #6116));
#6116 = SURFACE_STYLE_TRANSPARENT(0.100000023842);
#6117 = STYLED_ITEM('color',(#6118),#3227);
#6118 = PRESENTATION_STYLE_ASSIGNMENT((#6119));
#6119 = SURFACE_STYLE_USAGE(.BOTH.,#6120);
#6120 = SURFACE_SIDE_STYLE('',(#6121,#6124));
#6121 = SURFACE_STYLE_FILL_AREA(#6122);
#6122 = FILL_AREA_STYLE('',(#6123));
#6123 = FILL_AREA_STYLE_COLOUR('',#6095);
#6124 = SURFACE_STYLE_RENDERING_WITH_PROPERTIES(.NORMAL_SHADING.,#6095,(
    #6125));
#6125 = SURFACE_STYLE_TRANSPARENT(0.100000023842);
#6126 = STYLED_ITEM('color',(#6127),#3585);
#6127 = PRESENTATION_STYLE_ASSIGNMENT((#6128));
#6128 = SURFACE_STYLE_USAGE(.BOTH.,#6129);
#6129 = SURFACE_SIDE_STYLE('',(#6130,#6133));
#6130 = SURFACE_STYLE_FILL_AREA(#6131);
#6131 = FILL_AREA_STYLE('',(#6132));
#6132 = FILL_AREA_STYLE_COLOUR('',#6095);
#6133 = SURFACE_STYLE_RENDERING_WITH_PROPERTIES(.NORMAL_SHADING.,#6095,(
    #6134));
#6134 = SURFACE_STYLE_TRANSPARENT(0.100000023842);
#6135 = STYLED_ITEM('color',(#6136),#3849);
#6136 = PRESENTATION_STYLE_ASSIGNMENT((#6137));
#6137 = SURFACE_STYLE_USAGE(.BOTH.,#6138);
#6138 = SURFACE_SIDE_STYLE('',(#6139,#6142));
#6139 = SURFACE_STYLE_FILL_AREA(#6140);
#6140 = FILL_AREA_STYLE('',(#6141));
#6141 = FILL_AREA_STYLE_COLOUR('',#6095);
#6142 = SURFACE_STYLE_RENDERING_WITH_PROPERTIES(.NORMAL_SHADING.,#6095,(
    #6143));
#6143 = SURFACE_STYLE_TRANSPARENT(0.100000023842);
#6144 = STYLED_ITEM('color',(#6145),#4123);
#6145 = PRESENTATION_STYLE_ASSIGNMENT((#6146));
#6146 = SURFACE_STYLE_USAGE(.BOTH.,#6147);
#6147 = SURFACE_SIDE_STYLE('',(#6148,#6151));
#6148 = SURFACE_STYLE_FILL_AREA(#6149);
#6149 = FILL_AREA_STYLE('',(#6150));
#6150 = FILL_AREA_STYLE_COLOUR('',#6095);
#6151 = SURFACE_STYLE_RENDERING_WITH_PROPERTIES(.NORMAL_SHADING.,#6095,(
    #6152));
#6152 = SURFACE_STYLE_TRANSPARENT(0.100000023842);
#6153 = STYLED_ITEM('color',(#6154),#4460);
#6154 = PRESENTATION_STYLE_ASSIGNMENT((#6155));
#6155 = SURFACE_STYLE_USAGE(.BOTH.,#6156);
#6156 = SURFACE_SIDE_STYLE('',(#6157,#6160));
#6157 = SURFACE_STYLE_FILL_AREA(#6158);
#6158 = FILL_AREA_STYLE('',(#6159));
#6159 = FILL_AREA_STYLE_COLOUR('',#6095);
#6160 = SURFACE_STYLE_RENDERING_WITH_PROPERTIES(.NORMAL_SHADING.,#6095,(
    #6161));
#6161 = SURFACE_STYLE_TRANSPARENT(0.100000023842);
#6162 = STYLED_ITEM('color',(#6163),#4683);
#6163 = PRESENTATION_STYLE_ASSIGNMENT((#6164));
#6164 = SURFACE_STYLE_USAGE(.BOTH.,#6165);
#6165 = SURFACE_SIDE_STYLE('',(#6166,#6169));
#6166 = SURFACE_STYLE_FILL_AREA(#6167);
#6167 = FILL_AREA_STYLE('',(#6168));
#6168 = FILL_AREA_STYLE_COLOUR('',#6095);
#6169 = SURFACE_STYLE_RENDERING_WITH_PROPERTIES(.NORMAL_SHADING.,#6095,(
    #6170));
#6170 = SURFACE_STYLE_TRANSPARENT(0.100000023842);
ENDSEC;
END-ISO-10303-21;
